id,label
CUS-BDG-00000004,0
CUS-BDG-00000030,1
CUS-BDG-00000031,0
CUS-BDG-00000043,1
CUS-BDG-00000049,0
CUS-BDG-00000055,0
CUS-BDG-00000087,0
CUS-BDG-00000092,1
CUS-BDG-00000102,0
CUS-BDG-00000106,0
CUS-BDG-00000118,0
CUS-BDG-00000159,0
CUS-BDG-00000180,1
CUS-BDG-00000189,1
CUS-BDG-00000211,0
CUS-BDG-00000215,1
CUS-BDG-00000216,1
CUS-BDG-00000256,1
CUS-BDG-00000275,0
CUS-BDG-00000318,0
CUS-BDG-00000331,1
CUS-BDG-00000333,0
CUS-BDG-00000338,0
CUS-BDG-00000380,1
CUS-BDG-00000387,1
CUS-BDG-00000394,1
CUS-BDG-00000433,1
CUS-BDG-00000439,1
CUS-BDG-00000443,1
CUS-BDG-00000446,0
CUS-BDG-00000453,0
CUS-BDG-00000466,0
CUS-BDG-00000491,0
CUS-BDG-00000501,0
CUS-BDG-00000518,0
CUS-BDG-00000531,1
CUS-BDG-00000532,0
CUS-BDG-00000597,0
CUS-BDG-00000604,0
CUS-BDG-00000609,1
CUS-BDG-00000616,0
CUS-BDG-00000617,1
CUS-BDG-00000638,0
CUS-BDG-00000641,0
CUS-BDG-00000666,1
CUS-BDG-00000674,0
CUS-BDG-00000697,1
CUS-BDG-00000736,0
CUS-BDG-00000755,0
CUS-BDG-00000761,0
CUS-BDG-00000799,0
CUS-BDG-00000800,0
CUS-BDG-00000801,1
CUS-BDG-00000807,0
CUS-BDG-00000835,0
CUS-BDG-00000848,1
CUS-BDG-00000857,0
CUS-BDG-00000861,0
CUS-BDG-00000862,1
CUS-BDG-00000871,0
CUS-BDG-00000875,1
CUS-BDG-00000890,1
CUS-BDG-00000930,0
CUS-BDG-00000947,1
CUS-BDG-00000983,1
CUS-BDG-00001009,1
CUS-BDG-00001022,1
CUS-BDG-00001029,0
CUS-BDG-00001032,0
CUS-BDG-00001060,0
CUS-BDG-00001068,0
CUS-BDG-00001086,1
CUS-BDG-00001128,0
CUS-BDG-00001134,1
CUS-BDG-00001147,0
CUS-BDG-00001172,0
CUS-BDG-00001200,0
CUS-BDG-00001204,1
CUS-BDG-00001299,1
CUS-BDG-00001316,1
CUS-BDG-00001319,0
CUS-BDG-00001359,0
CUS-BDG-00001387,1
CUS-BDG-00001410,1
CUS-BDG-00001421,1
CUS-BDG-00001469,1
CUS-BDG-00001507,1
CUS-BDG-00001510,0
CUS-BDG-00001514,1
CUS-BDG-00001525,1
CUS-BDG-00001534,0
CUS-BDG-00001538,0
CUS-BDG-00001596,1
CUS-BDG-00001626,0
CUS-BDG-00001634,0
CUS-BDG-00001640,0
CUS-BDG-00001677,1
CUS-BDG-00001681,0
CUS-BDG-00001683,0
CUS-BDG-00001694,0
CUS-BDG-00001700,0
CUS-BDG-00001723,0
CUS-BDG-00001733,1
CUS-BDG-00001736,0
CUS-BDG-00001745,1
CUS-BDG-00001747,0
CUS-BDG-00001777,0
CUS-BDG-00001788,1
CUS-BDG-00001794,0
CUS-BDG-00001804,1
CUS-BDG-00001806,0
CUS-BDG-00001813,0
CUS-BDG-00001825,1
CUS-BDG-00001840,1
CUS-BDG-00001884,1
CUS-BDG-00001918,1
CUS-BDG-00001928,0
CUS-BDG-00001935,0
CUS-BDG-00001965,1
CUS-BDG-00001967,1
CUS-BDG-00001973,1
CUS-BDG-00001979,0
CUS-BDG-00001988,0
CUS-BDG-00002010,0
CUS-BDG-00002083,0
CUS-BDG-00002089,1
CUS-BDG-00002101,1
CUS-BDG-00002106,0
CUS-BDG-00002107,0
CUS-BDG-00002193,1
CUS-BDG-00002207,0
CUS-BDG-00002227,0
CUS-BDG-00002235,1
CUS-BDG-00002261,0
CUS-BDG-00002269,0
CUS-BDG-00002284,0
CUS-BDG-00002292,1
CUS-BDG-00002297,0
CUS-BDG-00002300,0
CUS-BDG-00002336,0
CUS-BDG-00002343,1
CUS-BDG-00002345,1
CUS-BDG-00002366,0
CUS-BDG-00002380,0
CUS-BDG-00002389,0
CUS-BDG-00002411,1
CUS-BDG-00002426,0
CUS-BDG-00002428,0
CUS-BDG-00002432,0
CUS-BDG-00002435,1
CUS-BDG-00002452,1
CUS-BDG-00002466,0
CUS-BDG-00002473,0
CUS-BDG-00002502,0
CUS-BDG-00002533,0
CUS-BDG-00002556,0
CUS-BDG-00002563,0
CUS-BDG-00002577,0
CUS-BDG-00002641,0
CUS-BDG-00002647,0
CUS-BDG-00002654,1
CUS-BDG-00002679,0
CUS-BDG-00002686,0
CUS-BDG-00002701,0
CUS-BDG-00002705,0
CUS-BDG-00002726,0
CUS-BDG-00002739,1
CUS-BDG-00002752,1
CUS-BDG-00002758,0
CUS-BDG-00002786,0
CUS-BDG-00002787,0
CUS-BDG-00002793,0
CUS-BDG-00002808,0
CUS-BDG-00002813,0
CUS-BDG-00002826,0
CUS-BDG-00002830,0
CUS-BDG-00002835,1
CUS-BDG-00002859,1
CUS-BDG-00002911,0
CUS-BDG-00002920,1
CUS-BDG-00002927,1
CUS-BDG-00002930,1
CUS-BDG-00002978,0
CUS-BDG-00002979,1
CUS-BDG-00003004,0
CUS-BDG-00003014,1
CUS-BDG-00003016,0
CUS-BDG-00003022,0
CUS-BDG-00003036,0
CUS-BDG-00003045,0
CUS-BDG-00003069,1
CUS-BDG-00003074,0
CUS-BDG-00003113,0
CUS-BDG-00003129,0
CUS-BDG-00003135,1
CUS-BDG-00003147,1
CUS-BDG-00003148,0
CUS-BDG-00003164,0
CUS-BDG-00003166,0
CUS-BDG-00003173,1
CUS-BDG-00003187,0
CUS-BDG-00003194,0
CUS-BDG-00003212,0
CUS-BDG-00003216,0
CUS-BDG-00003224,1
CUS-BDG-00003262,1
CUS-BDG-00003274,1
CUS-BDG-00003275,0
CUS-BDG-00003292,0
CUS-BDG-00003305,0
CUS-BDG-00003317,1
CUS-BDG-00003323,0
CUS-BDG-00003367,0
CUS-BDG-00003386,0
CUS-BDG-00003392,1
CUS-BDG-00003395,0
CUS-BDG-00003399,1
CUS-BDG-00003451,1
CUS-BDG-00003482,0
CUS-BDG-00003485,1
CUS-BDG-00003486,0
CUS-BDG-00003488,0
CUS-BDG-00003497,1
CUS-BDG-00003505,1
CUS-BDG-00003509,0
CUS-BDG-00003512,0
CUS-BDG-00003535,0
CUS-BDG-00003561,0
CUS-BDG-00003579,1
CUS-BDG-00003584,0
CUS-BDG-00003616,0
CUS-BDG-00003681,0
CUS-BDG-00003704,0
CUS-BDG-00003710,0
CUS-BDG-00003717,0
CUS-BDG-00003729,0
CUS-BDG-00003738,0
CUS-BDG-00003746,0
CUS-BDG-00003773,0
CUS-BDG-00003777,1
CUS-BDG-00003790,1
CUS-BDG-00003819,0
CUS-BDG-00003825,0
CUS-BDG-00003837,1
CUS-BDG-00003841,0
CUS-BDG-00003847,1
CUS-BDG-00003848,0
CUS-BDG-00003859,1
CUS-BDG-00003881,0
CUS-BDG-00003883,1
CUS-BDG-00003903,0
CUS-BDG-00003954,0
CUS-BDG-00003963,1
CUS-BDG-00004001,0
CUS-BDG-00004020,1
CUS-BDG-00004050,0
CUS-BDG-00004062,0
CUS-BDG-00004068,0
CUS-BDG-00004083,0
CUS-BDG-00004099,0
CUS-BDG-00004107,1
CUS-BDG-00004108,0
CUS-BDG-00004131,1
CUS-BDG-00004139,0
CUS-BDG-00004148,0
CUS-BDG-00004172,0
CUS-BDG-00004181,0
CUS-BDG-00004183,1
CUS-BDG-00004192,0
CUS-BDG-00004205,0
CUS-BDG-00004211,0
CUS-BDG-00004220,0
CUS-BDG-00004233,0
CUS-BDG-00004245,1
CUS-BDG-00004265,1
CUS-BDG-00004280,0
CUS-BDG-00004300,0
CUS-BDG-00004302,0
CUS-BDG-00004328,0
CUS-BDG-00004345,0
CUS-BDG-00004356,1
CUS-BDG-00004360,0
CUS-BDG-00004365,1
CUS-BDG-00004377,0
CUS-BDG-00004389,0
CUS-BDG-00004402,0
CUS-BDG-00004413,0
CUS-BDG-00004525,1
CUS-BDG-00004527,0
CUS-BDG-00004528,0
CUS-BDG-00004549,1
CUS-BDG-00004552,0
CUS-BDG-00004556,1
CUS-BDG-00004558,1
CUS-BDG-00004560,0
CUS-BDG-00004593,1
CUS-BDG-00004605,0
CUS-BDG-00004638,1
CUS-BDG-00004661,0
CUS-BDG-00004684,0
CUS-BDG-00004690,0
CUS-BDG-00004693,0
CUS-BDG-00004736,0
CUS-BDG-00004737,0
CUS-BDG-00004770,1
CUS-BDG-00004788,0
CUS-BDG-00004790,0
CUS-BDG-00004806,0
CUS-BDG-00004812,0
CUS-BDG-00004821,0
CUS-BDG-00004824,1
CUS-BDG-00004833,0
CUS-BDG-00004834,0
CUS-BDG-00004852,1
CUS-BDG-00004873,0
CUS-BDG-00004878,1
CUS-BDG-00004888,0
CUS-BDG-00004895,0
CUS-BDG-00004905,0
CUS-BDG-00004909,1
CUS-BDG-00004917,0
CUS-BDG-00004929,1
CUS-BDG-00004938,0
CUS-BDG-00004950,0
CUS-BDG-00004952,0
CUS-BDG-00004960,0
CUS-BDG-00004993,0
CUS-BDG-00005009,0
CUS-BDG-00005014,1
CUS-BDG-00005080,0
CUS-BDG-00005097,1
CUS-BDG-00005166,0
CUS-BDG-00005168,0
CUS-BDG-00005171,1
CUS-BDG-00005192,0
CUS-BDG-00005235,0
CUS-BDG-00005278,1
CUS-BDG-00005280,0
CUS-BDG-00005303,1
CUS-BDG-00005332,1
CUS-BDG-00005337,0
CUS-BDG-00005347,0
CUS-BDG-00005348,0
CUS-BDG-00005376,0
CUS-BDG-00005378,0
CUS-BDG-00005382,1
CUS-BDG-00005399,0
CUS-BDG-00005401,0
CUS-BDG-00005406,1
CUS-BDG-00005415,0
CUS-BDG-00005435,0
CUS-BDG-00005444,0
CUS-BDG-00005453,0
CUS-BDG-00005461,0
CUS-BDG-00005464,0
CUS-BDG-00005475,1
CUS-BDG-00005490,1
CUS-BDG-00005581,0
CUS-BDG-00005584,1
CUS-BDG-00005585,1
CUS-BDG-00005610,0
CUS-BDG-00005612,1
CUS-BDG-00005627,1
CUS-BDG-00005638,1
CUS-BDG-00005660,0
CUS-BDG-00005666,1
CUS-BDG-00005695,1
CUS-BDG-00005714,0
CUS-BDG-00005733,0
CUS-BDG-00005741,0
CUS-BDG-00005745,1
CUS-BDG-00005763,0
CUS-BDG-00005770,1
CUS-BDG-00005777,0
CUS-BDG-00005779,1
CUS-BDG-00005786,0
CUS-BDG-00005792,0
CUS-BDG-00005806,1
CUS-BDG-00005807,1
CUS-BDG-00005814,1
CUS-BDG-00005821,0
CUS-BDG-00005823,1
CUS-BDG-00005827,1
CUS-BDG-00005864,1
CUS-BDG-00005868,0
CUS-BDG-00005879,1
CUS-BDG-00005923,1
CUS-BDG-00005941,0
CUS-BDG-00005965,1
CUS-BDG-00005992,0
CUS-BDG-00006012,0
CUS-BDG-00006019,1
CUS-BDG-00006090,0
CUS-BDG-00006123,0
CUS-BDG-00006133,1
CUS-BDG-00006150,0
CUS-BDG-00006152,0
CUS-BDG-00006161,0
CUS-BDG-00006170,0
CUS-BDG-00006177,0
CUS-BDG-00006186,0
CUS-BDG-00006187,1
CUS-BDG-00006212,1
CUS-BDG-00006218,0
CUS-BDG-00006264,1
CUS-BDG-00006276,1
CUS-BDG-00006279,0
CUS-BDG-00006291,1
CUS-BDG-00006305,1
CUS-BDG-00006307,0
CUS-BDG-00006310,1
CUS-BDG-00006315,1
CUS-BDG-00006318,0
CUS-BDG-00006335,1
CUS-BDG-00006340,1
CUS-BDG-00006348,0
CUS-BDG-00006350,1
CUS-BDG-00006370,0
CUS-BDG-00006374,1
CUS-BDG-00006381,0
CUS-BDG-00006406,0
CUS-BDG-00006420,1
CUS-BDG-00006447,1
CUS-BDG-00006449,1
CUS-BDG-00006456,0
CUS-BDG-00006458,1
CUS-BDG-00006460,1
CUS-BDG-00006462,0
CUS-BDG-00006463,1
CUS-BDG-00006468,0
CUS-BDG-00006484,0
CUS-BDG-00006517,1
CUS-BDG-00006533,0
CUS-BDG-00006540,0
CUS-BDG-00006549,1
CUS-BDG-00006566,0
CUS-BDG-00006571,0
CUS-BDG-00006583,1
CUS-BDG-00006592,1
CUS-BDG-00006605,1
CUS-BDG-00006611,0
CUS-BDG-00006630,0
CUS-BDG-00006638,1
CUS-BDG-00006666,1
CUS-BDG-00006675,1
CUS-BDG-00006699,0
CUS-BDG-00006717,1
CUS-BDG-00006750,1
CUS-BDG-00006780,1
CUS-BDG-00006788,0
CUS-BDG-00006793,0
CUS-BDG-00006830,1
CUS-BDG-00006841,0
CUS-BDG-00006843,0
CUS-BDG-00006853,0
CUS-BDG-00006871,1
CUS-BDG-00006903,0
CUS-BDG-00006907,0
CUS-BDG-00006911,1
CUS-BDG-00006914,0
CUS-BDG-00006915,0
CUS-BDG-00006932,0
CUS-BDG-00006934,0
CUS-BDG-00006936,0
CUS-BDG-00006941,0
CUS-BDG-00006947,0
CUS-BDG-00006948,0
CUS-BDG-00006949,1
CUS-BDG-00006955,1
CUS-BDG-00006980,0
CUS-BDG-00006997,1
CUS-BDG-00007000,0
CUS-BDG-00007001,1
CUS-BDG-00007014,0
CUS-BDG-00007038,0
CUS-BDG-00007067,1
CUS-BDG-00007070,0
CUS-BDG-00007087,0
CUS-BDG-00007118,1
CUS-BDG-00007139,0
CUS-BDG-00007142,0
CUS-BDG-00007146,0
CUS-BDG-00007149,1
CUS-BDG-00007152,1
CUS-BDG-00007156,0
CUS-BDG-00007167,0
CUS-BDG-00007173,0
CUS-BDG-00007183,0
CUS-BDG-00007199,0
CUS-BDG-00007200,1
CUS-BDG-00007217,0
CUS-BDG-00007218,0
CUS-BDG-00007243,0
CUS-BDG-00007259,0
CUS-BDG-00007275,0
CUS-BDG-00007280,0
CUS-BDG-00007281,0
CUS-BDG-00007297,0
CUS-BDG-00007325,1
CUS-BDG-00007357,1
CUS-BDG-00007394,1
CUS-BDG-00007412,1
CUS-BDG-00007425,1
CUS-BDG-00007433,0
CUS-BDG-00007443,1
CUS-BDG-00007457,1
CUS-BDG-00007496,0
CUS-BDG-00007502,0
CUS-BDG-00007506,1
CUS-BDG-00007514,0
CUS-BDG-00007515,1
CUS-BDG-00007555,0
CUS-BDG-00007598,0
CUS-BDG-00007612,0
CUS-BDG-00007618,0
CUS-BDG-00007619,1
CUS-BDG-00007622,1
CUS-BDG-00007632,0
CUS-BDG-00007644,1
CUS-BDG-00007645,0
CUS-BDG-00007650,0
CUS-BDG-00007737,0
CUS-BDG-00007767,1
CUS-BDG-00007770,0
CUS-BDG-00007775,1
CUS-BDG-00007780,0
CUS-BDG-00007787,1
CUS-BDG-00007791,0
CUS-BDG-00007796,0
CUS-BDG-00007806,0
CUS-BDG-00007813,1
CUS-BDG-00007832,1
CUS-BDG-00007834,1
CUS-BDG-00007838,1
CUS-BDG-00007839,0
CUS-BDG-00007850,1
CUS-BDG-00007860,0
CUS-BDG-00007865,0
CUS-BDG-00007870,0
CUS-BDG-00007884,0
CUS-BDG-00007889,0
CUS-BDG-00007930,0
CUS-BDG-00007943,1
CUS-BDG-00007963,0
CUS-BDG-00007964,0
CUS-BDG-00008006,0
CUS-BDG-00008012,1
CUS-BDG-00008018,1
CUS-BDG-00008028,0
CUS-BDG-00008047,0
CUS-BDG-00008050,0
CUS-BDG-00008054,0
CUS-BDG-00008059,0
CUS-BDG-00008103,1
CUS-BDG-00008104,0
CUS-BDG-00008105,1
CUS-BDG-00008114,1
CUS-BDG-00008120,0
CUS-BDG-00008123,1
CUS-BDG-00008128,0
CUS-BDG-00008167,0
CUS-BDG-00008172,1
CUS-BDG-00008227,0
CUS-BDG-00008253,0
CUS-BDG-00008255,1
CUS-BDG-00008269,1
CUS-BDG-00008274,0
CUS-BDG-00008278,0
CUS-BDG-00008291,0
CUS-BDG-00008295,0
CUS-BDG-00008301,0
CUS-BDG-00008307,1
CUS-BDG-00008327,1
CUS-BDG-00008336,0
CUS-BDG-00008340,0
CUS-BDG-00008377,0
CUS-BDG-00008394,0
CUS-BDG-00008408,0
CUS-BDG-00008410,1
CUS-BDG-00008411,0
CUS-BDG-00008448,0
CUS-BDG-00008490,0
CUS-BDG-00008505,0
CUS-BDG-00008528,0
CUS-BDG-00008529,1
CUS-BDG-00008535,0
CUS-BDG-00008547,0
CUS-BDG-00008549,0
CUS-BDG-00008554,0
CUS-BDG-00008558,1
CUS-BDG-00008569,0
CUS-BDG-00008608,0
CUS-BDG-00008612,1
CUS-BDG-00008618,0
CUS-BDG-00008620,1
CUS-BDG-00008647,0
CUS-BDG-00008668,0
CUS-BDG-00008676,0
CUS-BDG-00008680,1
CUS-BDG-00008711,0
CUS-BDG-00008714,0
CUS-BDG-00008723,0
CUS-BDG-00008744,0
CUS-BDG-00008747,0
CUS-BDG-00008751,0
CUS-BDG-00008785,0
CUS-BDG-00008794,1
CUS-BDG-00008824,0
CUS-BDG-00008827,1
CUS-BDG-00008838,1
CUS-BDG-00008840,0
CUS-BDG-00008878,0
CUS-BDG-00008881,1
CUS-BDG-00008892,0
CUS-BDG-00008920,1
CUS-BDG-00008922,1
CUS-BDG-00008927,1
CUS-BDG-00008946,1
CUS-BDG-00008948,0
CUS-BDG-00008963,1
CUS-BDG-00008979,1
CUS-BDG-00008986,0
CUS-BDG-00009006,0
CUS-BDG-00009009,1
CUS-BDG-00009012,0
CUS-BDG-00009019,1
CUS-BDG-00009025,1
CUS-BDG-00009075,1
CUS-BDG-00009078,1
CUS-BDG-00009104,0
CUS-BDG-00009105,0
CUS-BDG-00009106,1
CUS-BDG-00009132,1
CUS-BDG-00009136,1
CUS-BDG-00009146,0
CUS-BDG-00009187,0
CUS-BDG-00009210,1
CUS-BDG-00009216,0
CUS-BDG-00009224,1
CUS-BDG-00009238,1
CUS-BDG-00009253,1
CUS-BDG-00009263,0
CUS-BDG-00009266,1
CUS-BDG-00009293,0
CUS-BDG-00009321,1
CUS-BDG-00009349,1
CUS-BDG-00009354,0
CUS-BDG-00009355,0
CUS-BDG-00009367,1
CUS-BDG-00009373,0
CUS-BDG-00009395,1
CUS-BDG-00009405,0
CUS-BDG-00009409,1
CUS-BDG-00009418,0
CUS-BDG-00009429,0
CUS-BDG-00009443,0
CUS-BDG-00009445,1
CUS-BDG-00009480,0
CUS-BDG-00009485,0
CUS-BDG-00009501,1
CUS-BDG-00009509,1
CUS-BDG-00009539,0
CUS-BDG-00009548,0
CUS-BDG-00009574,1
CUS-BDG-00009578,1
CUS-BDG-00009581,0
CUS-BDG-00009591,1
CUS-BDG-00009599,1
CUS-BDG-00009603,0
CUS-BDG-00009612,1
CUS-BDG-00009620,0
CUS-BDG-00009622,0
CUS-BDG-00009624,0
CUS-BDG-00009626,1
CUS-BDG-00009641,1
CUS-BDG-00009666,0
CUS-BDG-00009678,1
CUS-BDG-00009693,0
CUS-BDG-00009721,0
CUS-BDG-00009757,0
CUS-BDG-00009763,0
CUS-BDG-00009769,0
CUS-BDG-00009772,1
CUS-BDG-00009773,0
CUS-BDG-00009779,0
CUS-BDG-00009803,0
CUS-BDG-00009804,0
CUS-BDG-00009807,1
CUS-BDG-00009833,0
CUS-BDG-00009834,0
CUS-BDG-00009852,0
CUS-BDG-00009887,0
CUS-BDG-00009899,1
CUS-BDG-00009903,0
CUS-BDG-00009906,1
CUS-BDG-00009932,1
CUS-BDG-00009940,1
CUS-BDG-00009955,0
CUS-BDG-00009957,0
CUS-BDG-00009971,1
CUS-BDG-00009977,1
CUS-BDG-00010001,1
CUS-BDG-00010002,0
CUS-BDG-00010011,1
CUS-BDG-00010020,1
CUS-BDG-00010033,0
CUS-BDG-00010050,0
CUS-BDG-00010053,1
CUS-BDG-00010059,0
CUS-BDG-00010076,0
CUS-BDG-00010079,0
CUS-BDG-00010080,0
CUS-BDG-00010087,1
CUS-BDG-00010137,0
CUS-BDG-00010138,0
CUS-BDG-00010160,0
CUS-BDG-00010176,0
CUS-BDG-00010178,0
CUS-BDG-00010198,1
CUS-BDG-00010205,0
CUS-BDG-00010215,0
CUS-BDG-00010217,0
CUS-BDG-00010220,0
CUS-BDG-00010222,0
CUS-BDG-00010224,1
CUS-BDG-00010225,0
CUS-BDG-00010226,1
CUS-BDG-00010227,0
CUS-BDG-00010255,0
CUS-BDG-00010271,1
CUS-BDG-00010277,0
CUS-BDG-00010297,1
CUS-BDG-00010309,0
CUS-BDG-00010315,1
CUS-BDG-00010340,0
CUS-BDG-00010354,1
CUS-BDG-00010356,1
CUS-BDG-00010360,0
CUS-BDG-00010375,0
CUS-BDG-00010381,1
CUS-BDG-00010391,0
CUS-BDG-00010420,0
CUS-BDG-00010464,0
CUS-BDG-00010498,0
CUS-BDG-00010522,0
CUS-BDG-00010531,0
CUS-BDG-00010534,0
CUS-BDG-00010537,0
CUS-BDG-00010586,1
CUS-BDG-00010601,0
CUS-BDG-00010626,1
CUS-BDG-00010641,1
CUS-BDG-00010651,0
CUS-BDG-00010657,0
CUS-BDG-00010662,1
CUS-BDG-00010685,0
CUS-BDG-00010727,1
CUS-BDG-00010733,1
CUS-BDG-00010739,0
CUS-BDG-00010753,1
CUS-BDG-00010762,1
CUS-BDG-00010779,0
CUS-BDG-00010787,1
CUS-BDG-00010814,0
CUS-BDG-00010817,1
CUS-BDG-00010818,1
CUS-BDG-00010827,1
CUS-BDG-00010834,0
CUS-BDG-00010838,0
CUS-BDG-00010840,1
CUS-BDG-00010847,0
CUS-BDG-00010854,1
CUS-BDG-00010858,0
CUS-BDG-00010869,1
CUS-BDG-00010895,1
CUS-BDG-00010911,1
CUS-BDG-00010923,0
CUS-BDG-00010933,0
CUS-BDG-00010964,0
CUS-BDG-00010985,0
CUS-BDG-00010992,1
CUS-BDG-00011005,1
CUS-BDG-00011020,0
CUS-BDG-00011026,0
CUS-BDG-00011043,0
CUS-BDG-00011056,0
CUS-BDG-00011082,0
CUS-BDG-00011084,0
CUS-BDG-00011087,0
CUS-BDG-00011143,0
CUS-BDG-00011146,0
CUS-BDG-00011150,0
CUS-BDG-00011162,0
CUS-BDG-00011169,0
CUS-BDG-00011172,0
CUS-BDG-00011178,1
CUS-BDG-00011201,1
CUS-BDG-00011228,0
CUS-BDG-00011230,0
CUS-BDG-00011235,0
CUS-BDG-00011239,0
CUS-BDG-00011268,1
CUS-BDG-00011297,1
CUS-BDG-00011299,1
CUS-BDG-00011319,0
CUS-BDG-00011327,1
CUS-BDG-00011345,0
CUS-BDG-00011347,0
CUS-BDG-00011388,0
CUS-BDG-00011393,0
CUS-BDG-00011398,0
CUS-BDG-00011416,0
CUS-BDG-00011421,1
CUS-BDG-00011426,0
CUS-BDG-00011433,1
CUS-BDG-00011449,0
CUS-BDG-00011455,0
CUS-BDG-00011466,0
CUS-BDG-00011484,1
CUS-BDG-00011490,1
CUS-BDG-00011495,1
CUS-BDG-00011528,0
CUS-BDG-00011534,1
CUS-BDG-00011546,0
CUS-BDG-00011555,1
CUS-BDG-00011559,0
CUS-BDG-00011568,0
CUS-BDG-00011599,0
CUS-BDG-00011638,0
CUS-BDG-00011641,1
CUS-BDG-00011665,0
CUS-BDG-00011667,0
CUS-BDG-00011692,1
CUS-BDG-00011697,0
CUS-BDG-00011718,0
CUS-BDG-00011728,1
CUS-BDG-00011729,0
CUS-BDG-00011740,0
CUS-BDG-00011784,0
CUS-BDG-00011791,0
CUS-BDG-00011796,0
CUS-BDG-00011803,0
CUS-BDG-00011804,0
CUS-BDG-00011816,0
CUS-BDG-00011825,0
CUS-BDG-00011873,1
CUS-BDG-00011906,0
CUS-BDG-00011921,1
CUS-BDG-00011922,0
CUS-BDG-00011923,0
CUS-BDG-00011928,0
CUS-BDG-00011929,0
CUS-BDG-00011940,1
CUS-BDG-00011967,0
CUS-CTO-00000013,0
CUS-CTO-00000020,0
CUS-CTO-00000040,0
CUS-CTO-00000054,1
CUS-CTO-00000061,1
CUS-CTO-00000065,0
CUS-CTO-00000078,0
CUS-CTO-00000081,1
CUS-CTO-00000096,0
CUS-CTO-00000120,0
CUS-CTO-00000122,0
CUS-CTO-00000156,1
CUS-CTO-00000158,1
CUS-CTO-00000186,1
CUS-CTO-00000208,0
CUS-CTO-00000223,0
CUS-CTO-00000229,0
CUS-CTO-00000251,0
CUS-CTO-00000300,0
CUS-CTO-00000308,1
CUS-CTO-00000326,0
CUS-CTO-00000329,0
CUS-CTO-00000336,1
CUS-CTO-00000351,0
CUS-CTO-00000365,0
CUS-CTO-00000368,1
CUS-CTO-00000391,1
CUS-CTO-00000411,1
CUS-CTO-00000412,1
CUS-CTO-00000421,0
CUS-CTO-00000440,1
CUS-CTO-00000448,0
CUS-CTO-00000450,1
CUS-CTO-00000460,1
CUS-CTO-00000467,1
CUS-CTO-00000478,0
CUS-CTO-00000479,0
CUS-CTO-00000492,1
CUS-CTO-00000493,1
CUS-CTO-00000498,0
CUS-CTO-00000534,0
CUS-CTO-00000564,0
CUS-CTO-00000565,0
CUS-CTO-00000566,0
CUS-CTO-00000586,1
CUS-CTO-00000598,1
CUS-CTO-00000600,0
CUS-CTO-00000612,0
CUS-CTO-00000637,0
CUS-CTO-00000645,1
CUS-CTO-00000649,0
CUS-CTO-00000653,0
CUS-CTO-00000685,0
CUS-CTO-00000699,0
CUS-CTO-00000712,0
CUS-CTO-00000719,1
CUS-CTO-00000770,0
CUS-CTO-00000777,1
CUS-CTO-00000819,0
CUS-CTO-00000824,0
CUS-CTO-00000831,1
CUS-CTO-00000834,0
CUS-CTO-00000906,0
CUS-CTO-00000923,0
CUS-CTO-00000991,1
CUS-CTO-00000997,1
CUS-CTO-00001005,0
CUS-CTO-00001011,1
CUS-CTO-00001017,1
CUS-CTO-00001025,0
CUS-CTO-00001036,0
CUS-CTO-00001042,1
CUS-CTO-00001043,0
CUS-CTO-00001044,0
CUS-CTO-00001051,0
CUS-CTO-00001056,0
CUS-CTO-00001062,1
CUS-CTO-00001064,0
CUS-CTO-00001072,0
CUS-CTO-00001079,0
CUS-CTO-00001092,0
CUS-CTO-00001113,0
CUS-CTO-00001121,1
CUS-CTO-00001129,0
CUS-CTO-00001140,0
CUS-CTO-00001162,0
CUS-CTO-00001190,1
CUS-CTO-00001198,0
CUS-CTO-00001219,0
CUS-CTO-00001224,1
CUS-CTO-00001234,0
CUS-CTO-00001247,0
CUS-CTO-00001254,0
CUS-CTO-00001284,0
CUS-CTO-00001292,0
CUS-CTO-00001308,1
CUS-CTO-00001361,0
CUS-CTO-00001363,1
CUS-CTO-00001377,0
CUS-CTO-00001379,0
CUS-CTO-00001432,0
CUS-CTO-00001449,1
CUS-CTO-00001452,0
CUS-CTO-00001465,1
CUS-CTO-00001466,0
CUS-CTO-00001485,0
CUS-CTO-00001493,1
CUS-CTO-00001496,1
CUS-CTO-00001498,1
CUS-CTO-00001500,0
CUS-CTO-00001501,0
CUS-CTO-00001513,0
CUS-CTO-00001559,0
CUS-CTO-00001562,0
CUS-CTO-00001603,1
CUS-CTO-00001633,0
CUS-CTO-00001662,1
CUS-CTO-00001672,0
CUS-CTO-00001695,0
CUS-CTO-00001704,1
CUS-CTO-00001719,0
CUS-CTO-00001746,0
CUS-CTO-00001751,0
CUS-CTO-00001773,0
CUS-CTO-00001775,0
CUS-CTO-00001800,0
CUS-CTO-00001801,1
CUS-CTO-00001802,1
CUS-CTO-00001805,0
CUS-CTO-00001820,0
CUS-CTO-00001846,0
CUS-CTO-00001848,0
CUS-CTO-00001865,0
CUS-CTO-00001882,0
CUS-CTO-00001897,1
CUS-CTO-00001917,0
CUS-CTO-00001931,0
CUS-CTO-00001932,0
CUS-CTO-00001960,1
CUS-CTO-00001961,0
CUS-CTO-00001985,0
CUS-CTO-00001992,0
CUS-CTO-00002004,0
CUS-CTO-00002019,0
CUS-CTO-00002021,0
CUS-CTO-00002043,0
CUS-CTO-00002085,0
CUS-CTO-00002114,0
CUS-CTO-00002151,1
CUS-CTO-00002200,0
CUS-CTO-00002230,1
CUS-CTO-00002232,1
CUS-CTO-00002248,1
CUS-CTO-00002271,0
CUS-CTO-00002272,0
CUS-CTO-00002280,1
CUS-CTO-00002293,0
CUS-CTO-00002365,0
CUS-CTO-00002429,1
CUS-CTO-00002438,0
CUS-CTO-00002451,0
CUS-CTO-00002453,0
CUS-CTO-00002455,0
CUS-CTO-00002462,0
CUS-CTO-00002510,1
CUS-CTO-00002524,1
CUS-CTO-00002530,0
CUS-CTO-00002531,0
CUS-CTO-00002532,0
CUS-CTO-00002553,0
CUS-CTO-00002561,0
CUS-CTO-00002562,0
CUS-CTO-00002569,0
CUS-CTO-00002576,0
CUS-CTO-00002593,0
CUS-CTO-00002602,0
CUS-CTO-00002607,0
CUS-CTO-00002609,0
CUS-CTO-00002634,0
CUS-CTO-00002649,1
CUS-CTO-00002671,1
CUS-CTO-00002688,0
CUS-CTO-00002710,0
CUS-CTO-00002759,1
CUS-CTO-00002761,1
CUS-CTO-00002768,0
CUS-CTO-00002777,1
CUS-CTO-00002783,0
CUS-CTO-00002797,0
CUS-CTO-00002799,0
CUS-CTO-00002822,0
CUS-CTO-00002836,1
CUS-CTO-00002837,1
CUS-CTO-00002857,0
CUS-CTO-00002871,0
CUS-CTO-00002893,0
CUS-CTO-00002894,1
CUS-CTO-00002899,0
CUS-CTO-00002906,0
CUS-CTO-00002914,1
CUS-CTO-00002924,0
CUS-CTO-00002935,1
CUS-CTO-00002972,0
CUS-CTO-00002977,0
CUS-CTO-00002981,0
CUS-CTO-00002990,0
CUS-CTO-00002997,0
CUS-CTO-00003037,0
CUS-CTO-00003040,0
CUS-CTO-00003048,1
CUS-CTO-00003053,1
CUS-CTO-00003055,0
CUS-CTO-00003057,1
CUS-CTO-00003078,0
CUS-CTO-00003083,0
CUS-CTO-00003105,0
CUS-CTO-00003106,0
CUS-CTO-00003108,0
CUS-CTO-00003114,1
CUS-CTO-00003116,1
CUS-CTO-00003118,0
CUS-CTO-00003146,0
CUS-CTO-00003172,0
CUS-CTO-00003175,0
CUS-CTO-00003195,0
CUS-CTO-00003204,0
CUS-CTO-00003227,1
CUS-CTO-00003229,1
CUS-CTO-00003273,0
CUS-CTO-00003281,1
CUS-CTO-00003286,0
CUS-CTO-00003287,0
CUS-CTO-00003314,1
CUS-CTO-00003346,0
CUS-CTO-00003359,0
CUS-CTO-00003360,1
CUS-CTO-00003368,0
CUS-CTO-00003400,1
CUS-CTO-00003411,0
CUS-CTO-00003417,1
CUS-CTO-00003423,0
CUS-CTO-00003447,0
CUS-CTO-00003467,0
CUS-CTO-00003487,0
CUS-CTO-00003494,1
CUS-CTO-00003504,0
CUS-CTO-00003559,0
CUS-CTO-00003611,1
CUS-CTO-00003613,1
CUS-CTO-00003621,0
CUS-CTO-00003625,0
CUS-CTO-00003628,0
CUS-CTO-00003629,0
CUS-CTO-00003664,0
CUS-CTO-00003672,0
CUS-CTO-00003689,0
CUS-CTO-00003708,1
CUS-CTO-00003721,0
CUS-CTO-00003769,1
CUS-CTO-00003770,0
CUS-CTO-00003796,0
CUS-CTO-00003797,0
CUS-CTO-00003807,1
CUS-CTO-00003808,0
CUS-CTO-00003822,1
CUS-CTO-00003830,0
CUS-CTO-00003832,1
CUS-CTO-00003842,0
CUS-CTO-00003843,1
CUS-CTO-00003863,0
CUS-CTO-00003869,0
CUS-CTO-00003892,0
CUS-CTO-00003896,0
CUS-CTO-00003906,1
CUS-CTO-00003919,0
CUS-CTO-00003938,0
CUS-CTO-00003980,1
CUS-CTO-00004010,0
CUS-CTO-00004027,0
CUS-CTO-00004028,0
CUS-CTO-00004033,1
CUS-CTO-00004052,1
CUS-CTO-00004072,1
CUS-CTO-00004077,0
CUS-CTO-00004088,0
CUS-CTO-00004098,0
CUS-CTO-00004102,1
CUS-CTO-00004132,1
CUS-CTO-00004165,0
CUS-CTO-00004177,0
CUS-CTO-00004179,0
CUS-CTO-00004204,0
CUS-CTO-00004217,0
CUS-CTO-00004240,0
CUS-CTO-00004283,1
CUS-CTO-00004310,0
CUS-CTO-00004316,0
CUS-CTO-00004323,0
CUS-CTO-00004353,0
CUS-CTO-00004363,0
CUS-CTO-00004394,1
CUS-CTO-00004423,0
CUS-CTO-00004453,0
CUS-CTO-00004454,0
CUS-CTO-00004468,0
CUS-CTO-00004473,1
CUS-CTO-00004476,0
CUS-CTO-00004482,0
CUS-CTO-00004503,0
CUS-CTO-00004533,0
CUS-CTO-00004537,0
CUS-CTO-00004554,0
CUS-CTO-00004566,1
CUS-CTO-00004581,0
CUS-CTO-00004585,0
CUS-CTO-00004589,0
CUS-CTO-00004601,0
CUS-CTO-00004604,1
CUS-CTO-00004613,1
CUS-CTO-00004623,0
CUS-CTO-00004626,0
CUS-CTO-00004635,0
CUS-CTO-00004675,0
CUS-CTO-00004696,0
CUS-CTO-00004713,1
CUS-CTO-00004724,1
CUS-CTO-00004740,0
CUS-CTO-00004748,0
CUS-CTO-00004767,0
CUS-CTO-00004771,0
CUS-CTO-00004780,0
CUS-CTO-00004823,0
CUS-CTO-00004848,0
CUS-CTO-00004858,1
CUS-CTO-00004865,1
CUS-CTO-00004870,0
CUS-CTO-00004918,1
CUS-CTO-00004932,1
CUS-CTO-00004935,0
CUS-CTO-00004939,0
CUS-CTO-00004949,0
CUS-CTO-00004970,0
CUS-CTO-00004971,0
CUS-CTO-00004987,1
CUS-CTO-00005000,1
CUS-CTO-00005002,0
CUS-CTO-00005008,0
CUS-CTO-00005024,0
CUS-CTO-00005025,1
CUS-CTO-00005035,1
CUS-CTO-00005067,0
CUS-CTO-00005098,1
CUS-CTO-00005104,0
CUS-CTO-00005112,1
CUS-CTO-00005121,1
CUS-CTO-00005141,0
CUS-CTO-00005151,0
CUS-CTO-00005165,0
CUS-CTO-00005172,0
CUS-CTO-00005181,1
CUS-CTO-00005184,1
CUS-CTO-00005194,1
CUS-CTO-00005236,1
CUS-CTO-00005261,0
CUS-CTO-00005294,0
CUS-CTO-00005302,0
CUS-CTO-00005306,1
CUS-CTO-00005314,1
CUS-CTO-00005322,0
CUS-CTO-00005338,0
CUS-CTO-00005349,0
CUS-CTO-00005353,1
CUS-CTO-00005354,0
CUS-CTO-00005361,1
CUS-CTO-00005375,1
CUS-CTO-00005426,0
CUS-CTO-00005433,1
CUS-CTO-00005458,0
CUS-CTO-00005471,0
CUS-CTO-00005492,1
CUS-CTO-00005504,0
CUS-CTO-00005524,1
CUS-CTO-00005548,0
CUS-CTO-00005549,1
CUS-CTO-00005555,1
CUS-CTO-00005559,0
CUS-CTO-00005567,1
CUS-CTO-00005578,1
CUS-CTO-00005590,1
CUS-CTO-00005596,1
CUS-CTO-00005614,1
CUS-CTO-00005615,0
CUS-CTO-00005623,0
CUS-CTO-00005624,0
CUS-CTO-00005636,0
CUS-CTO-00005645,0
CUS-CTO-00005669,1
CUS-CTO-00005671,1
CUS-CTO-00005727,0
CUS-CTO-00005737,0
CUS-CTO-00005738,0
CUS-CTO-00005742,0
CUS-CTO-00005768,0
CUS-CTO-00005796,1
CUS-CTO-00005799,0
CUS-CTO-00005813,0
CUS-CTO-00005831,1
CUS-CTO-00005834,0
CUS-CTO-00005863,1
CUS-CTO-00005865,0
CUS-CTO-00005871,0
CUS-CTO-00005907,0
CUS-CTO-00005908,1
CUS-CTO-00005939,0
CUS-CTO-00005948,1
CUS-CTO-00005950,0
CUS-CTO-00005956,0
CUS-CTO-00005959,1
CUS-CTO-00005969,1
CUS-CTO-00005980,1
CUS-CTO-00005985,0
CUS-CTO-00006007,0
CUS-CTO-00006014,1
CUS-CTO-00006061,0
CUS-CTO-00006077,1
CUS-CTO-00006093,1
CUS-CTO-00006099,1
CUS-CTO-00006132,0
CUS-CTO-00006144,0
CUS-CTO-00006145,0
CUS-CTO-00006146,1
CUS-CTO-00006166,0
CUS-CTO-00006184,1
CUS-CTO-00006189,1
CUS-CTO-00006190,0
CUS-CTO-00006206,1
CUS-CTO-00006238,0
CUS-CTO-00006241,0
CUS-CTO-00006249,0
CUS-CTO-00006257,1
CUS-CTO-00006278,0
CUS-CTO-00006298,0
CUS-CTO-00006346,0
CUS-CTO-00006362,0
CUS-CTO-00006383,1
CUS-CTO-00006392,1
CUS-CTO-00006409,0
CUS-CTO-00006423,0
CUS-CTO-00006455,1
CUS-CTO-00006488,0
CUS-CTO-00006492,1
CUS-CTO-00006518,0
CUS-CTO-00006569,1
CUS-CTO-00006573,1
CUS-CTO-00006576,1
CUS-CTO-00006627,0
CUS-CTO-00006631,1
CUS-CTO-00006645,0
CUS-CTO-00006651,0
CUS-CTO-00006653,0
CUS-CTO-00006681,0
CUS-CTO-00006702,0
CUS-CTO-00006714,1
CUS-CTO-00006715,0
CUS-CTO-00006719,0
CUS-CTO-00006747,1
CUS-CTO-00006764,1
CUS-CTO-00006766,1
CUS-CTO-00006783,1
CUS-CTO-00006785,0
CUS-CTO-00006795,1
CUS-CTO-00006802,0
CUS-CTO-00006817,0
CUS-CTO-00006821,0
CUS-CTO-00006829,0
CUS-CTO-00006832,0
CUS-CTO-00006838,0
CUS-CTO-00006869,0
CUS-CTO-00006879,0
CUS-CTO-00006882,0
CUS-CTO-00006890,0
CUS-CTO-00006891,1
CUS-CTO-00006913,0
CUS-CTO-00006918,0
CUS-CTO-00006935,0
CUS-CTO-00006954,0
CUS-CTO-00006986,1
CUS-CTO-00007029,0
CUS-CTO-00007036,1
CUS-CTO-00007041,0
CUS-CTO-00007071,1
CUS-CTO-00007085,0
CUS-CTO-00007095,0
CUS-CTO-00007107,1
CUS-CTO-00007113,0
CUS-CTO-00007120,0
CUS-CTO-00007132,0
CUS-CTO-00007136,0
CUS-CTO-00007174,1
CUS-CTO-00007190,0
CUS-CTO-00007210,0
CUS-CTO-00007213,0
CUS-CTO-00007225,1
CUS-CTO-00007238,0
CUS-CTO-00007254,1
CUS-CTO-00007268,1
CUS-CTO-00007278,1
CUS-CTO-00007279,1
CUS-CTO-00007295,0
CUS-CTO-00007300,0
CUS-CTO-00007302,1
CUS-CTO-00007314,0
CUS-CTO-00007334,1
CUS-CTO-00007337,1
CUS-CTO-00007360,0
CUS-CTO-00007415,0
CUS-CTO-00007432,0
CUS-CTO-00007446,1
CUS-CTO-00007447,1
CUS-CTO-00007460,1
CUS-CTO-00007499,1
CUS-CTO-00007509,0
CUS-CTO-00007518,1
CUS-CTO-00007543,0
CUS-CTO-00007552,1
CUS-CTO-00007568,0
CUS-CTO-00007571,1
CUS-CTO-00007589,1
CUS-CTO-00007595,0
CUS-CTO-00007613,1
CUS-CTO-00007663,0
CUS-CTO-00007669,1
CUS-CTO-00007682,0
CUS-CTO-00007688,1
CUS-CTO-00007704,0
CUS-CTO-00007710,1
CUS-CTO-00007731,0
CUS-CTO-00007748,1
CUS-CTO-00007765,0
CUS-CTO-00007795,0
CUS-CTO-00007818,0
CUS-CTO-00007821,1
CUS-CTO-00007861,0
CUS-CTO-00007877,0
CUS-CTO-00007890,1
CUS-CTO-00007896,0
CUS-CTO-00007902,0
CUS-CTO-00007904,1
CUS-CTO-00007907,0
CUS-CTO-00007921,0
CUS-CTO-00007935,0
CUS-CTO-00007940,1
CUS-CTO-00007951,1
CUS-CTO-00007952,0
CUS-CTO-00007956,0
CUS-CTO-00007971,1
CUS-CTO-00007989,1
CUS-CTO-00008013,1
CUS-CTO-00008020,0
CUS-CTO-00008061,0
CUS-CTO-00008082,0
CUS-CTO-00008131,1
CUS-CTO-00008155,0
CUS-CTO-00008166,0
CUS-CTO-00008177,0
CUS-CTO-00008189,0
CUS-CTO-00008191,0
CUS-CTO-00008197,1
CUS-CTO-00008209,0
CUS-CTO-00008213,1
CUS-CTO-00008230,0
CUS-CTO-00008239,1
CUS-CTO-00008265,0
CUS-CTO-00008297,0
CUS-CTO-00008308,1
CUS-CTO-00008332,0
CUS-CTO-00008343,0
CUS-CTO-00008347,0
CUS-CTO-00008357,0
CUS-CTO-00008375,0
CUS-CTO-00008391,0
CUS-CTO-00008413,1
CUS-CTO-00008423,0
CUS-CTO-00008434,0
CUS-CTO-00008459,0
CUS-CTO-00008462,0
CUS-CTO-00008463,0
CUS-CTO-00008465,1
CUS-CTO-00008521,0
CUS-CTO-00008531,0
CUS-CTO-00008550,1
CUS-CTO-00008552,1
CUS-CTO-00008557,1
CUS-CTO-00008571,1
CUS-CTO-00008579,0
CUS-CTO-00008590,0
CUS-CTO-00008597,0
CUS-CTO-00008598,0
CUS-CTO-00008605,0
CUS-CTO-00008613,0
CUS-CTO-00008616,0
CUS-CTO-00008624,0
CUS-CTO-00008634,0
CUS-CTO-00008650,0
CUS-CTO-00008666,0
CUS-CTO-00008678,0
CUS-CTO-00008740,1
CUS-CTO-00008742,0
CUS-CTO-00008764,0
CUS-CTO-00008773,1
CUS-CTO-00008775,0
CUS-CTO-00008787,1
CUS-CTO-00008788,1
CUS-CTO-00008823,0
CUS-CTO-00008837,0
CUS-CTO-00008870,0
CUS-CTO-00008883,0
CUS-CTO-00008913,1
CUS-CTO-00008931,0
CUS-CTO-00008957,0
CUS-CTO-00008958,1
CUS-CTO-00008960,0
CUS-CTO-00008980,0
CUS-CTO-00008983,1
CUS-CTO-00009000,0
CUS-CTO-00009017,0
CUS-CTO-00009057,1
CUS-CTO-00009069,0
CUS-CTO-00009073,1
CUS-CTO-00009074,0
CUS-CTO-00009091,1
CUS-CTO-00009119,0
CUS-CTO-00009128,1
CUS-CTO-00009130,1
CUS-CTO-00009138,0
CUS-CTO-00009144,1
CUS-CTO-00009163,0
CUS-CTO-00009167,1
CUS-CTO-00009172,0
CUS-CTO-00009190,1
CUS-CTO-00009207,0
CUS-CTO-00009249,0
CUS-CTO-00009274,1
CUS-CTO-00009299,0
CUS-CTO-00009310,0
CUS-CTO-00009324,0
CUS-CTO-00009331,0
CUS-CTO-00009334,1
CUS-CTO-00009335,0
CUS-CTO-00009345,0
CUS-CTO-00009358,0
CUS-CTO-00009363,0
CUS-CTO-00009391,1
CUS-CTO-00009396,0
CUS-CTO-00009400,0
CUS-CTO-00009401,0
CUS-CTO-00009402,0
CUS-CTO-00009406,0
CUS-CTO-00009410,1
CUS-CTO-00009454,0
CUS-CTO-00009468,0
CUS-CTO-00009471,1
CUS-CTO-00009484,1
CUS-CTO-00009487,1
CUS-CTO-00009502,1
CUS-CTO-00009503,0
CUS-CTO-00009506,0
CUS-CTO-00009522,0
CUS-CTO-00009532,0
CUS-CTO-00009547,0
CUS-CTO-00009553,0
CUS-CTO-00009558,0
CUS-CTO-00009560,0
CUS-CTO-00009561,0
CUS-CTO-00009564,0
CUS-CTO-00009565,1
CUS-CTO-00009570,0
CUS-CTO-00009572,0
CUS-CTO-00009594,1
CUS-CTO-00009613,1
CUS-CTO-00009630,0
CUS-CTO-00009635,1
CUS-CTO-00009639,0
CUS-CTO-00009654,1
CUS-CTO-00009710,0
CUS-CTO-00009739,1
CUS-CTO-00009740,0
CUS-CTO-00009744,0
CUS-CTO-00009747,0
CUS-CTO-00009768,1
CUS-CTO-00009778,1
CUS-CTO-00009783,0
CUS-CTO-00009786,0
CUS-CTO-00009813,1
CUS-CTO-00009844,0
CUS-CTO-00009857,1
CUS-CTO-00009858,0
CUS-CTO-00009873,1
CUS-CTO-00009883,0
CUS-CTO-00009897,0
CUS-CTO-00009912,0
CUS-CTO-00009927,1
CUS-CTO-00009949,1
CUS-CTO-00009968,0
CUS-CTO-00009975,0
CUS-CTO-00010017,0
CUS-CTO-00010030,1
CUS-CTO-00010038,0
CUS-CTO-00010043,1
CUS-CTO-00010044,0
CUS-CTO-00010047,1
CUS-CTO-00010085,0
CUS-CTO-00010091,0
CUS-CTO-00010094,0
CUS-CTO-00010096,0
CUS-CTO-00010105,1
CUS-CTO-00010150,0
CUS-CTO-00010180,0
CUS-CTO-00010199,1
CUS-CTO-00010201,0
CUS-CTO-00010223,0
CUS-CTO-00010281,1
CUS-CTO-00010296,1
CUS-CTO-00010303,1
CUS-CTO-00010358,0
CUS-CTO-00010359,0
CUS-CTO-00010364,0
CUS-CTO-00010382,0
CUS-CTO-00010387,1
CUS-CTO-00010395,0
CUS-CTO-00010408,0
CUS-CTO-00010409,0
CUS-CTO-00010425,0
CUS-CTO-00010430,0
CUS-CTO-00010432,0
CUS-CTO-00010444,1
CUS-CTO-00010460,0
CUS-CTO-00010462,0
CUS-CTO-00010484,0
CUS-CTO-00010486,0
CUS-CTO-00010490,0
CUS-CTO-00010499,0
CUS-CTO-00010504,0
CUS-CTO-00010518,1
CUS-CTO-00010528,0
CUS-CTO-00010565,0
CUS-CTO-00010576,0
CUS-CTO-00010593,1
CUS-CTO-00010618,1
CUS-CTO-00010634,0
CUS-CTO-00010635,1
CUS-CTO-00010645,0
CUS-CTO-00010666,0
CUS-CTO-00010704,0
CUS-CTO-00010709,0
CUS-CTO-00010710,0
CUS-CTO-00010715,1
CUS-CTO-00010728,0
CUS-CTO-00010755,0
CUS-CTO-00010765,0
CUS-CTO-00010782,0
CUS-CTO-00010826,0
CUS-CTO-00010829,1
CUS-CTO-00010842,0
CUS-CTO-00010857,0
CUS-CTO-00010859,0
CUS-CTO-00010907,0
CUS-CTO-00010913,0
CUS-CTO-00010914,1
CUS-CTO-00010918,1
CUS-CTO-00010922,0
CUS-CTO-00010938,1
CUS-CTO-00010941,0
CUS-CTO-00011008,1
CUS-CTO-00011013,1
CUS-CTO-00011045,0
CUS-CTO-00011081,0
CUS-CTO-00011093,0
CUS-CTO-00011098,0
CUS-CTO-00011103,1
CUS-CTO-00011104,1
CUS-CTO-00011115,0
CUS-CTO-00011120,1
CUS-CTO-00011123,0
CUS-CTO-00011183,1
CUS-CTO-00011193,0
CUS-CTO-00011195,0
CUS-CTO-00011196,0
CUS-CTO-00011203,1
CUS-CTO-00011208,0
CUS-CTO-00011211,1
CUS-CTO-00011222,0
CUS-CTO-00011229,0
CUS-CTO-00011244,0
CUS-CTO-00011300,0
CUS-CTO-00011341,1
CUS-CTO-00011365,0
CUS-CTO-00011369,0
CUS-CTO-00011381,0
CUS-CTO-00011396,1
CUS-CTO-00011405,0
CUS-CTO-00011407,0
CUS-CTO-00011423,0
CUS-CTO-00011463,0
CUS-CTO-00011481,1
CUS-CTO-00011482,0
CUS-CTO-00011504,1
CUS-CTO-00011550,1
CUS-CTO-00011579,1
CUS-CTO-00011594,0
CUS-CTO-00011607,1
CUS-CTO-00011624,0
CUS-CTO-00011630,0
CUS-CTO-00011631,1
CUS-CTO-00011658,0
CUS-CTO-00011666,1
CUS-CTO-00011670,1
CUS-CTO-00011672,0
CUS-CTO-00011690,0
CUS-CTO-00011710,0
CUS-CTO-00011711,0
CUS-CTO-00011753,0
CUS-CTO-00011755,0
CUS-CTO-00011756,0
CUS-CTO-00011774,0
CUS-CTO-00011785,1
CUS-CTO-00011787,1
CUS-CTO-00011792,1
CUS-CTO-00011793,0
CUS-CTO-00011795,0
CUS-CTO-00011805,0
CUS-CTO-00011806,1
CUS-CTO-00011807,0
CUS-CTO-00011817,1
CUS-CTO-00011824,1
CUS-CTO-00011839,0
CUS-CTO-00011843,1
CUS-CTO-00011859,0
CUS-CTO-00011880,0
CUS-CTO-00011907,0
CUS-CTO-00011918,0
CUS-CTO-00011934,0
CUS-CTO-00011936,0
CUS-CTO-00011946,0
CUS-CTO-00011956,1
CUS-CTO-00011990,0
CUS-CTO-00012000,1
CUS-DAD-00000010,1
CUS-DAD-00000027,0
CUS-DAD-00000035,0
CUS-DAD-00000038,1
CUS-DAD-00000057,1
CUS-DAD-00000062,0
CUS-DAD-00000088,0
CUS-DAD-00000090,0
CUS-DAD-00000111,1
CUS-DAD-00000126,1
CUS-DAD-00000138,1
CUS-DAD-00000141,1
CUS-DAD-00000142,0
CUS-DAD-00000145,1
CUS-DAD-00000148,1
CUS-DAD-00000172,1
CUS-DAD-00000183,1
CUS-DAD-00000203,0
CUS-DAD-00000210,0
CUS-DAD-00000222,1
CUS-DAD-00000237,0
CUS-DAD-00000244,0
CUS-DAD-00000253,0
CUS-DAD-00000278,0
CUS-DAD-00000289,1
CUS-DAD-00000303,0
CUS-DAD-00000304,1
CUS-DAD-00000306,0
CUS-DAD-00000311,0
CUS-DAD-00000322,1
CUS-DAD-00000324,1
CUS-DAD-00000328,0
CUS-DAD-00000355,0
CUS-DAD-00000356,1
CUS-DAD-00000359,0
CUS-DAD-00000384,1
CUS-DAD-00000396,0
CUS-DAD-00000399,1
CUS-DAD-00000438,0
CUS-DAD-00000458,1
CUS-DAD-00000470,0
CUS-DAD-00000472,1
CUS-DAD-00000487,0
CUS-DAD-00000500,0
CUS-DAD-00000504,0
CUS-DAD-00000505,0
CUS-DAD-00000509,1
CUS-DAD-00000537,1
CUS-DAD-00000551,0
CUS-DAD-00000558,0
CUS-DAD-00000560,0
CUS-DAD-00000570,0
CUS-DAD-00000573,0
CUS-DAD-00000576,0
CUS-DAD-00000581,0
CUS-DAD-00000582,0
CUS-DAD-00000601,1
CUS-DAD-00000622,1
CUS-DAD-00000624,1
CUS-DAD-00000648,1
CUS-DAD-00000678,0
CUS-DAD-00000684,0
CUS-DAD-00000696,0
CUS-DAD-00000710,0
CUS-DAD-00000721,0
CUS-DAD-00000729,0
CUS-DAD-00000730,0
CUS-DAD-00000745,0
CUS-DAD-00000746,1
CUS-DAD-00000754,0
CUS-DAD-00000760,1
CUS-DAD-00000783,1
CUS-DAD-00000809,0
CUS-DAD-00000818,0
CUS-DAD-00000840,1
CUS-DAD-00000843,0
CUS-DAD-00000856,0
CUS-DAD-00000860,0
CUS-DAD-00000884,0
CUS-DAD-00000900,1
CUS-DAD-00000901,0
CUS-DAD-00000904,0
CUS-DAD-00000907,0
CUS-DAD-00000951,1
CUS-DAD-00000958,0
CUS-DAD-00000959,0
CUS-DAD-00000960,1
CUS-DAD-00000961,0
CUS-DAD-00000966,0
CUS-DAD-00000977,0
CUS-DAD-00000979,1
CUS-DAD-00000984,0
CUS-DAD-00001002,1
CUS-DAD-00001010,0
CUS-DAD-00001013,0
CUS-DAD-00001024,0
CUS-DAD-00001033,1
CUS-DAD-00001078,0
CUS-DAD-00001089,0
CUS-DAD-00001090,0
CUS-DAD-00001127,1
CUS-DAD-00001132,0
CUS-DAD-00001137,0
CUS-DAD-00001149,1
CUS-DAD-00001155,0
CUS-DAD-00001168,0
CUS-DAD-00001175,0
CUS-DAD-00001177,1
CUS-DAD-00001208,1
CUS-DAD-00001216,1
CUS-DAD-00001227,0
CUS-DAD-00001228,1
CUS-DAD-00001259,0
CUS-DAD-00001269,0
CUS-DAD-00001270,1
CUS-DAD-00001289,0
CUS-DAD-00001291,0
CUS-DAD-00001321,0
CUS-DAD-00001322,1
CUS-DAD-00001332,1
CUS-DAD-00001333,1
CUS-DAD-00001343,0
CUS-DAD-00001357,1
CUS-DAD-00001358,1
CUS-DAD-00001365,0
CUS-DAD-00001366,0
CUS-DAD-00001383,0
CUS-DAD-00001397,0
CUS-DAD-00001422,1
CUS-DAD-00001423,0
CUS-DAD-00001438,1
CUS-DAD-00001448,0
CUS-DAD-00001474,0
CUS-DAD-00001475,1
CUS-DAD-00001476,0
CUS-DAD-00001479,0
CUS-DAD-00001480,0
CUS-DAD-00001488,0
CUS-DAD-00001490,0
CUS-DAD-00001506,0
CUS-DAD-00001508,1
CUS-DAD-00001522,1
CUS-DAD-00001528,0
CUS-DAD-00001536,0
CUS-DAD-00001545,0
CUS-DAD-00001558,0
CUS-DAD-00001566,1
CUS-DAD-00001569,1
CUS-DAD-00001570,0
CUS-DAD-00001622,1
CUS-DAD-00001631,0
CUS-DAD-00001643,0
CUS-DAD-00001646,0
CUS-DAD-00001680,1
CUS-DAD-00001687,0
CUS-DAD-00001688,0
CUS-DAD-00001696,0
CUS-DAD-00001705,0
CUS-DAD-00001725,0
CUS-DAD-00001739,0
CUS-DAD-00001748,0
CUS-DAD-00001749,0
CUS-DAD-00001776,1
CUS-DAD-00001780,0
CUS-DAD-00001818,1
CUS-DAD-00001819,0
CUS-DAD-00001822,0
CUS-DAD-00001823,1
CUS-DAD-00001827,1
CUS-DAD-00001828,0
CUS-DAD-00001830,0
CUS-DAD-00001831,0
CUS-DAD-00001833,1
CUS-DAD-00001853,0
CUS-DAD-00001864,1
CUS-DAD-00001869,1
CUS-DAD-00001881,0
CUS-DAD-00001921,0
CUS-DAD-00001923,1
CUS-DAD-00001937,0
CUS-DAD-00001942,1
CUS-DAD-00001969,0
CUS-DAD-00001970,0
CUS-DAD-00001977,0
CUS-DAD-00001995,1
CUS-DAD-00002000,0
CUS-DAD-00002007,0
CUS-DAD-00002016,1
CUS-DAD-00002025,1
CUS-DAD-00002029,0
CUS-DAD-00002032,1
CUS-DAD-00002053,0
CUS-DAD-00002056,0
CUS-DAD-00002058,0
CUS-DAD-00002063,1
CUS-DAD-00002067,0
CUS-DAD-00002070,1
CUS-DAD-00002076,1
CUS-DAD-00002090,0
CUS-DAD-00002098,0
CUS-DAD-00002111,0
CUS-DAD-00002112,1
CUS-DAD-00002135,1
CUS-DAD-00002136,1
CUS-DAD-00002170,0
CUS-DAD-00002173,1
CUS-DAD-00002185,0
CUS-DAD-00002198,1
CUS-DAD-00002212,1
CUS-DAD-00002214,0
CUS-DAD-00002222,0
CUS-DAD-00002240,0
CUS-DAD-00002251,0
CUS-DAD-00002256,0
CUS-DAD-00002263,0
CUS-DAD-00002268,0
CUS-DAD-00002303,0
CUS-DAD-00002304,0
CUS-DAD-00002307,0
CUS-DAD-00002319,0
CUS-DAD-00002330,1
CUS-DAD-00002357,1
CUS-DAD-00002358,0
CUS-DAD-00002363,0
CUS-DAD-00002370,0
CUS-DAD-00002371,0
CUS-DAD-00002414,0
CUS-DAD-00002415,0
CUS-DAD-00002418,0
CUS-DAD-00002444,0
CUS-DAD-00002445,0
CUS-DAD-00002456,1
CUS-DAD-00002460,0
CUS-DAD-00002474,0
CUS-DAD-00002481,0
CUS-DAD-00002496,0
CUS-DAD-00002500,1
CUS-DAD-00002509,0
CUS-DAD-00002511,1
CUS-DAD-00002540,0
CUS-DAD-00002541,0
CUS-DAD-00002545,0
CUS-DAD-00002552,1
CUS-DAD-00002559,0
CUS-DAD-00002564,0
CUS-DAD-00002589,1
CUS-DAD-00002603,1
CUS-DAD-00002613,0
CUS-DAD-00002616,0
CUS-DAD-00002632,1
CUS-DAD-00002635,0
CUS-DAD-00002637,1
CUS-DAD-00002655,0
CUS-DAD-00002665,0
CUS-DAD-00002670,0
CUS-DAD-00002674,1
CUS-DAD-00002676,0
CUS-DAD-00002677,0
CUS-DAD-00002690,0
CUS-DAD-00002702,0
CUS-DAD-00002706,0
CUS-DAD-00002717,1
CUS-DAD-00002721,1
CUS-DAD-00002736,1
CUS-DAD-00002738,1
CUS-DAD-00002749,1
CUS-DAD-00002760,0
CUS-DAD-00002778,1
CUS-DAD-00002788,0
CUS-DAD-00002802,1
CUS-DAD-00002827,1
CUS-DAD-00002832,0
CUS-DAD-00002833,0
CUS-DAD-00002860,0
CUS-DAD-00002862,0
CUS-DAD-00002872,0
CUS-DAD-00002879,1
CUS-DAD-00002913,1
CUS-DAD-00002915,0
CUS-DAD-00002936,0
CUS-DAD-00002955,1
CUS-DAD-00002971,0
CUS-DAD-00002975,0
CUS-DAD-00002996,0
CUS-DAD-00003023,0
CUS-DAD-00003047,0
CUS-DAD-00003056,0
CUS-DAD-00003088,0
CUS-DAD-00003095,1
CUS-DAD-00003115,0
CUS-DAD-00003124,1
CUS-DAD-00003180,0
CUS-DAD-00003183,0
CUS-DAD-00003230,0
CUS-DAD-00003233,1
CUS-DAD-00003250,0
CUS-DAD-00003254,0
CUS-DAD-00003264,0
CUS-DAD-00003277,0
CUS-DAD-00003278,0
CUS-DAD-00003294,1
CUS-DAD-00003295,0
CUS-DAD-00003298,1
CUS-DAD-00003299,1
CUS-DAD-00003329,0
CUS-DAD-00003337,0
CUS-DAD-00003340,0
CUS-DAD-00003345,1
CUS-DAD-00003355,1
CUS-DAD-00003358,1
CUS-DAD-00003375,1
CUS-DAD-00003379,0
CUS-DAD-00003403,1
CUS-DAD-00003407,0
CUS-DAD-00003409,0
CUS-DAD-00003413,0
CUS-DAD-00003426,0
CUS-DAD-00003461,0
CUS-DAD-00003490,0
CUS-DAD-00003507,0
CUS-DAD-00003521,0
CUS-DAD-00003525,0
CUS-DAD-00003530,1
CUS-DAD-00003533,0
CUS-DAD-00003546,0
CUS-DAD-00003547,0
CUS-DAD-00003554,0
CUS-DAD-00003557,0
CUS-DAD-00003560,1
CUS-DAD-00003562,1
CUS-DAD-00003568,1
CUS-DAD-00003588,0
CUS-DAD-00003603,1
CUS-DAD-00003623,0
CUS-DAD-00003640,1
CUS-DAD-00003684,0
CUS-DAD-00003720,1
CUS-DAD-00003722,0
CUS-DAD-00003744,0
CUS-DAD-00003752,0
CUS-DAD-00003753,1
CUS-DAD-00003755,1
CUS-DAD-00003767,1
CUS-DAD-00003776,0
CUS-DAD-00003785,0
CUS-DAD-00003823,1
CUS-DAD-00003831,0
CUS-DAD-00003834,0
CUS-DAD-00003846,1
CUS-DAD-00003861,1
CUS-DAD-00003870,0
CUS-DAD-00003884,0
CUS-DAD-00003893,1
CUS-DAD-00003894,0
CUS-DAD-00003904,1
CUS-DAD-00003911,0
CUS-DAD-00003912,1
CUS-DAD-00003917,0
CUS-DAD-00003927,0
CUS-DAD-00003931,1
CUS-DAD-00003933,0
CUS-DAD-00003935,1
CUS-DAD-00003939,1
CUS-DAD-00003967,1
CUS-DAD-00003973,0
CUS-DAD-00003979,1
CUS-DAD-00003988,0
CUS-DAD-00003998,1
CUS-DAD-00004005,1
CUS-DAD-00004007,0
CUS-DAD-00004018,0
CUS-DAD-00004029,0
CUS-DAD-00004031,0
CUS-DAD-00004045,0
CUS-DAD-00004080,0
CUS-DAD-00004087,1
CUS-DAD-00004110,0
CUS-DAD-00004114,0
CUS-DAD-00004120,0
CUS-DAD-00004127,0
CUS-DAD-00004128,1
CUS-DAD-00004134,0
CUS-DAD-00004135,1
CUS-DAD-00004137,0
CUS-DAD-00004142,1
CUS-DAD-00004145,0
CUS-DAD-00004152,0
CUS-DAD-00004154,1
CUS-DAD-00004159,0
CUS-DAD-00004161,0
CUS-DAD-00004169,0
CUS-DAD-00004170,1
CUS-DAD-00004184,1
CUS-DAD-00004190,1
CUS-DAD-00004196,0
CUS-DAD-00004239,0
CUS-DAD-00004243,0
CUS-DAD-00004244,1
CUS-DAD-00004254,0
CUS-DAD-00004258,1
CUS-DAD-00004266,1
CUS-DAD-00004272,0
CUS-DAD-00004299,0
CUS-DAD-00004301,1
CUS-DAD-00004311,0
CUS-DAD-00004334,0
CUS-DAD-00004339,0
CUS-DAD-00004349,0
CUS-DAD-00004359,1
CUS-DAD-00004367,1
CUS-DAD-00004373,1
CUS-DAD-00004381,1
CUS-DAD-00004384,0
CUS-DAD-00004393,0
CUS-DAD-00004405,0
CUS-DAD-00004417,0
CUS-DAD-00004420,0
CUS-DAD-00004446,1
CUS-DAD-00004448,0
CUS-DAD-00004455,1
CUS-DAD-00004475,0
CUS-DAD-00004477,0
CUS-DAD-00004481,0
CUS-DAD-00004490,0
CUS-DAD-00004491,1
CUS-DAD-00004497,0
CUS-DAD-00004498,0
CUS-DAD-00004502,0
CUS-DAD-00004504,1
CUS-DAD-00004512,0
CUS-DAD-00004534,0
CUS-DAD-00004535,1
CUS-DAD-00004544,1
CUS-DAD-00004579,1
CUS-DAD-00004587,1
CUS-DAD-00004592,0
CUS-DAD-00004614,0
CUS-DAD-00004620,1
CUS-DAD-00004643,0
CUS-DAD-00004650,1
CUS-DAD-00004663,0
CUS-DAD-00004688,1
CUS-DAD-00004691,0
CUS-DAD-00004698,0
CUS-DAD-00004699,0
CUS-DAD-00004719,1
CUS-DAD-00004752,0
CUS-DAD-00004754,0
CUS-DAD-00004761,0
CUS-DAD-00004762,0
CUS-DAD-00004764,0
CUS-DAD-00004791,0
CUS-DAD-00004798,0
CUS-DAD-00004804,0
CUS-DAD-00004811,0
CUS-DAD-00004813,0
CUS-DAD-00004818,0
CUS-DAD-00004857,0
CUS-DAD-00004861,0
CUS-DAD-00004875,0
CUS-DAD-00004896,0
CUS-DAD-00004898,0
CUS-DAD-00004901,1
CUS-DAD-00004912,1
CUS-DAD-00004925,0
CUS-DAD-00004928,0
CUS-DAD-00004945,0
CUS-DAD-00004963,1
CUS-DAD-00004977,0
CUS-DAD-00004998,1
CUS-DAD-00005012,0
CUS-DAD-00005017,1
CUS-DAD-00005018,1
CUS-DAD-00005034,1
CUS-DAD-00005066,1
CUS-DAD-00005070,0
CUS-DAD-00005073,0
CUS-DAD-00005074,0
CUS-DAD-00005077,0
CUS-DAD-00005106,1
CUS-DAD-00005109,0
CUS-DAD-00005120,0
CUS-DAD-00005134,1
CUS-DAD-00005136,1
CUS-DAD-00005148,1
CUS-DAD-00005153,1
CUS-DAD-00005159,0
CUS-DAD-00005179,0
CUS-DAD-00005180,1
CUS-DAD-00005188,0
CUS-DAD-00005204,0
CUS-DAD-00005211,0
CUS-DAD-00005225,0
CUS-DAD-00005245,1
CUS-DAD-00005247,0
CUS-DAD-00005251,0
CUS-DAD-00005270,0
CUS-DAD-00005389,0
CUS-DAD-00005394,0
CUS-DAD-00005416,0
CUS-DAD-00005422,0
CUS-DAD-00005449,1
CUS-DAD-00005456,0
CUS-DAD-00005469,0
CUS-DAD-00005478,0
CUS-DAD-00005502,0
CUS-DAD-00005512,0
CUS-DAD-00005513,0
CUS-DAD-00005533,0
CUS-DAD-00005550,0
CUS-DAD-00005573,0
CUS-DAD-00005589,1
CUS-DAD-00005600,0
CUS-DAD-00005601,1
CUS-DAD-00005663,0
CUS-DAD-00005675,0
CUS-DAD-00005693,0
CUS-DAD-00005705,0
CUS-DAD-00005758,0
CUS-DAD-00005765,0
CUS-DAD-00005774,0
CUS-DAD-00005783,0
CUS-DAD-00005790,0
CUS-DAD-00005797,0
CUS-DAD-00005805,0
CUS-DAD-00005811,0
CUS-DAD-00005815,0
CUS-DAD-00005829,1
CUS-DAD-00005838,1
CUS-DAD-00005839,0
CUS-DAD-00005845,0
CUS-DAD-00005858,0
CUS-DAD-00005876,0
CUS-DAD-00005885,1
CUS-DAD-00005893,1
CUS-DAD-00005899,0
CUS-DAD-00005905,1
CUS-DAD-00005913,0
CUS-DAD-00005921,0
CUS-DAD-00005952,1
CUS-DAD-00005953,0
CUS-DAD-00005963,1
CUS-DAD-00005973,1
CUS-DAD-00005981,1
CUS-DAD-00005982,0
CUS-DAD-00005990,1
CUS-DAD-00006001,0
CUS-DAD-00006006,0
CUS-DAD-00006032,0
CUS-DAD-00006041,1
CUS-DAD-00006045,0
CUS-DAD-00006050,1
CUS-DAD-00006067,1
CUS-DAD-00006076,1
CUS-DAD-00006087,0
CUS-DAD-00006098,1
CUS-DAD-00006129,0
CUS-DAD-00006157,0
CUS-DAD-00006168,0
CUS-DAD-00006182,1
CUS-DAD-00006194,1
CUS-DAD-00006199,0
CUS-DAD-00006201,0
CUS-DAD-00006202,1
CUS-DAD-00006217,0
CUS-DAD-00006225,0
CUS-DAD-00006227,0
CUS-DAD-00006229,1
CUS-DAD-00006232,1
CUS-DAD-00006259,1
CUS-DAD-00006265,0
CUS-DAD-00006271,0
CUS-DAD-00006287,1
CUS-DAD-00006302,0
CUS-DAD-00006303,0
CUS-DAD-00006316,1
CUS-DAD-00006317,0
CUS-DAD-00006319,0
CUS-DAD-00006333,1
CUS-DAD-00006334,1
CUS-DAD-00006344,0
CUS-DAD-00006349,0
CUS-DAD-00006356,0
CUS-DAD-00006359,0
CUS-DAD-00006360,0
CUS-DAD-00006363,0
CUS-DAD-00006380,1
CUS-DAD-00006404,1
CUS-DAD-00006415,1
CUS-DAD-00006422,1
CUS-DAD-00006429,1
CUS-DAD-00006437,0
CUS-DAD-00006441,0
CUS-DAD-00006448,0
CUS-DAD-00006453,0
CUS-DAD-00006457,0
CUS-DAD-00006459,1
CUS-DAD-00006482,0
CUS-DAD-00006498,0
CUS-DAD-00006516,1
CUS-DAD-00006529,0
CUS-DAD-00006539,0
CUS-DAD-00006544,1
CUS-DAD-00006561,1
CUS-DAD-00006568,0
CUS-DAD-00006572,1
CUS-DAD-00006585,0
CUS-DAD-00006590,0
CUS-DAD-00006613,1
CUS-DAD-00006654,1
CUS-DAD-00006655,0
CUS-DAD-00006668,0
CUS-DAD-00006673,1
CUS-DAD-00006680,0
CUS-DAD-00006690,0
CUS-DAD-00006691,1
CUS-DAD-00006695,0
CUS-DAD-00006705,0
CUS-DAD-00006706,1
CUS-DAD-00006708,0
CUS-DAD-00006748,0
CUS-DAD-00006749,0
CUS-DAD-00006768,1
CUS-DAD-00006773,1
CUS-DAD-00006775,0
CUS-DAD-00006786,0
CUS-DAD-00006787,0
CUS-DAD-00006803,0
CUS-DAD-00006807,0
CUS-DAD-00006815,0
CUS-DAD-00006823,0
CUS-DAD-00006831,1
CUS-DAD-00006865,0
CUS-DAD-00006867,0
CUS-DAD-00006876,0
CUS-DAD-00006902,0
CUS-DAD-00006905,0
CUS-DAD-00006924,0
CUS-DAD-00006942,0
CUS-DAD-00006956,0
CUS-DAD-00006967,0
CUS-DAD-00006994,1
CUS-DAD-00007004,0
CUS-DAD-00007006,0
CUS-DAD-00007010,1
CUS-DAD-00007024,1
CUS-DAD-00007026,1
CUS-DAD-00007049,1
CUS-DAD-00007074,0
CUS-DAD-00007076,0
CUS-DAD-00007091,0
CUS-DAD-00007097,1
CUS-DAD-00007114,0
CUS-DAD-00007128,0
CUS-DAD-00007131,0
CUS-DAD-00007169,0
CUS-DAD-00007171,0
CUS-DAD-00007191,1
CUS-DAD-00007194,0
CUS-DAD-00007211,1
CUS-DAD-00007223,1
CUS-DAD-00007239,0
CUS-DAD-00007245,1
CUS-DAD-00007251,1
CUS-DAD-00007252,0
CUS-DAD-00007255,1
CUS-DAD-00007301,0
CUS-DAD-00007304,0
CUS-DAD-00007305,0
CUS-DAD-00007306,1
CUS-DAD-00007319,0
CUS-DAD-00007338,0
CUS-DAD-00007346,0
CUS-DAD-00007348,0
CUS-DAD-00007355,0
CUS-DAD-00007361,0
CUS-DAD-00007373,1
CUS-DAD-00007401,0
CUS-DAD-00007404,1
CUS-DAD-00007419,1
CUS-DAD-00007424,0
CUS-DAD-00007449,0
CUS-DAD-00007450,1
CUS-DAD-00007456,0
CUS-DAD-00007461,0
CUS-DAD-00007474,0
CUS-DAD-00007476,1
CUS-DAD-00007477,0
CUS-DAD-00007481,1
CUS-DAD-00007498,0
CUS-DAD-00007501,0
CUS-DAD-00007505,0
CUS-DAD-00007516,0
CUS-DAD-00007523,1
CUS-DAD-00007537,0
CUS-DAD-00007547,0
CUS-DAD-00007603,0
CUS-DAD-00007631,0
CUS-DAD-00007637,0
CUS-DAD-00007653,1
CUS-DAD-00007666,0
CUS-DAD-00007670,0
CUS-DAD-00007675,1
CUS-DAD-00007676,0
CUS-DAD-00007683,0
CUS-DAD-00007687,0
CUS-DAD-00007702,0
CUS-DAD-00007706,0
CUS-DAD-00007708,0
CUS-DAD-00007717,0
CUS-DAD-00007741,1
CUS-DAD-00007742,1
CUS-DAD-00007783,0
CUS-DAD-00007792,0
CUS-DAD-00007804,0
CUS-DAD-00007820,0
CUS-DAD-00007847,0
CUS-DAD-00007854,0
CUS-DAD-00007864,0
CUS-DAD-00007866,1
CUS-DAD-00007891,1
CUS-DAD-00007909,0
CUS-DAD-00007944,0
CUS-DAD-00007967,0
CUS-DAD-00007973,1
CUS-DAD-00007998,0
CUS-DAD-00008026,1
CUS-DAD-00008038,0
CUS-DAD-00008044,0
CUS-DAD-00008072,1
CUS-DAD-00008076,1
CUS-DAD-00008089,1
CUS-DAD-00008098,0
CUS-DAD-00008099,1
CUS-DAD-00008151,0
CUS-DAD-00008152,0
CUS-DAD-00008174,1
CUS-DAD-00008179,0
CUS-DAD-00008183,0
CUS-DAD-00008196,1
CUS-DAD-00008238,0
CUS-DAD-00008271,0
CUS-DAD-00008281,0
CUS-DAD-00008284,0
CUS-DAD-00008293,0
CUS-DAD-00008304,0
CUS-DAD-00008330,0
CUS-DAD-00008346,1
CUS-DAD-00008355,0
CUS-DAD-00008363,1
CUS-DAD-00008381,0
CUS-DAD-00008401,0
CUS-DAD-00008412,1
CUS-DAD-00008466,0
CUS-DAD-00008468,1
CUS-DAD-00008469,0
CUS-DAD-00008496,0
CUS-DAD-00008512,0
CUS-DAD-00008513,0
CUS-DAD-00008546,1
CUS-DAD-00008568,1
CUS-DAD-00008576,0
CUS-DAD-00008583,0
CUS-DAD-00008589,0
CUS-DAD-00008591,1
CUS-DAD-00008594,0
CUS-DAD-00008601,0
CUS-DAD-00008631,1
CUS-DAD-00008632,0
CUS-DAD-00008636,0
CUS-DAD-00008639,0
CUS-DAD-00008649,1
CUS-DAD-00008658,0
CUS-DAD-00008667,0
CUS-DAD-00008691,0
CUS-DAD-00008696,1
CUS-DAD-00008705,0
CUS-DAD-00008719,0
CUS-DAD-00008722,0
CUS-DAD-00008725,0
CUS-DAD-00008732,0
CUS-DAD-00008734,0
CUS-DAD-00008737,0
CUS-DAD-00008797,0
CUS-DAD-00008866,0
CUS-DAD-00008880,0
CUS-DAD-00008885,0
CUS-DAD-00008912,0
CUS-DAD-00008917,0
CUS-DAD-00008926,0
CUS-DAD-00008952,1
CUS-DAD-00008955,1
CUS-DAD-00008967,0
CUS-DAD-00008970,1
CUS-DAD-00008981,1
CUS-DAD-00008998,0
CUS-DAD-00009003,0
CUS-DAD-00009024,0
CUS-DAD-00009026,0
CUS-DAD-00009035,0
CUS-DAD-00009063,0
CUS-DAD-00009081,0
CUS-DAD-00009089,0
CUS-DAD-00009097,0
CUS-DAD-00009102,1
CUS-DAD-00009103,1
CUS-DAD-00009113,0
CUS-DAD-00009114,0
CUS-DAD-00009137,0
CUS-DAD-00009148,0
CUS-DAD-00009153,0
CUS-DAD-00009155,1
CUS-DAD-00009157,0
CUS-DAD-00009165,1
CUS-DAD-00009177,0
CUS-DAD-00009178,0
CUS-DAD-00009191,1
CUS-DAD-00009193,0
CUS-DAD-00009195,1
CUS-DAD-00009200,1
CUS-DAD-00009242,0
CUS-DAD-00009247,0
CUS-DAD-00009257,0
CUS-DAD-00009267,1
CUS-DAD-00009283,0
CUS-DAD-00009285,0
CUS-DAD-00009306,0
CUS-DAD-00009325,1
CUS-DAD-00009326,1
CUS-DAD-00009327,0
CUS-DAD-00009352,1
CUS-DAD-00009364,0
CUS-DAD-00009381,1
CUS-DAD-00009383,0
CUS-DAD-00009385,0
CUS-DAD-00009386,0
CUS-DAD-00009403,0
CUS-DAD-00009404,0
CUS-DAD-00009407,1
CUS-DAD-00009419,1
CUS-DAD-00009431,0
CUS-DAD-00009434,0
CUS-DAD-00009439,0
CUS-DAD-00009448,0
CUS-DAD-00009455,0
CUS-DAD-00009488,0
CUS-DAD-00009524,0
CUS-DAD-00009527,1
CUS-DAD-00009534,1
CUS-DAD-00009544,0
CUS-DAD-00009549,1
CUS-DAD-00009559,0
CUS-DAD-00009588,1
CUS-DAD-00009595,1
CUS-DAD-00009596,1
CUS-DAD-00009601,0
CUS-DAD-00009607,0
CUS-DAD-00009608,0
CUS-DAD-00009646,1
CUS-DAD-00009648,0
CUS-DAD-00009650,0
CUS-DAD-00009674,1
CUS-DAD-00009697,1
CUS-DAD-00009716,0
CUS-DAD-00009723,0
CUS-DAD-00009741,1
CUS-DAD-00009758,1
CUS-DAD-00009765,0
CUS-DAD-00009766,0
CUS-DAD-00009782,1
CUS-DAD-00009785,0
CUS-DAD-00009823,0
CUS-DAD-00009828,1
CUS-DAD-00009829,0
CUS-DAD-00009830,1
CUS-DAD-00009838,0
CUS-DAD-00009859,1
CUS-DAD-00009860,1
CUS-DAD-00009862,1
CUS-DAD-00009892,0
CUS-DAD-00009904,1
CUS-DAD-00009922,0
CUS-DAD-00009930,0
CUS-DAD-00009933,0
CUS-DAD-00009954,1
CUS-DAD-00009956,1
CUS-DAD-00009961,1
CUS-DAD-00009962,0
CUS-DAD-00009970,0
CUS-DAD-00010000,0
CUS-DAD-00010012,1
CUS-DAD-00010039,0
CUS-DAD-00010040,0
CUS-DAD-00010042,1
CUS-DAD-00010046,1
CUS-DAD-00010062,0
CUS-DAD-00010071,0
CUS-DAD-00010081,0
CUS-DAD-00010090,1
CUS-DAD-00010119,0
CUS-DAD-00010133,0
CUS-DAD-00010145,0
CUS-DAD-00010151,0
CUS-DAD-00010157,1
CUS-DAD-00010164,0
CUS-DAD-00010171,0
CUS-DAD-00010194,0
CUS-DAD-00010204,1
CUS-DAD-00010207,0
CUS-DAD-00010231,0
CUS-DAD-00010267,0
CUS-DAD-00010278,0
CUS-DAD-00010289,0
CUS-DAD-00010307,0
CUS-DAD-00010312,0
CUS-DAD-00010318,1
CUS-DAD-00010322,0
CUS-DAD-00010352,0
CUS-DAD-00010355,1
CUS-DAD-00010357,0
CUS-DAD-00010369,1
CUS-DAD-00010379,1
CUS-DAD-00010403,0
CUS-DAD-00010411,1
CUS-DAD-00010414,0
CUS-DAD-00010417,1
CUS-DAD-00010426,1
CUS-DAD-00010434,0
CUS-DAD-00010451,0
CUS-DAD-00010457,0
CUS-DAD-00010469,1
CUS-DAD-00010477,0
CUS-DAD-00010492,1
CUS-DAD-00010524,1
CUS-DAD-00010530,1
CUS-DAD-00010539,0
CUS-DAD-00010542,0
CUS-DAD-00010550,0
CUS-DAD-00010562,0
CUS-DAD-00010572,1
CUS-DAD-00010583,0
CUS-DAD-00010584,0
CUS-DAD-00010596,0
CUS-DAD-00010598,0
CUS-DAD-00010621,0
CUS-DAD-00010625,0
CUS-DAD-00010647,0
CUS-DAD-00010659,0
CUS-DAD-00010660,0
CUS-DAD-00010677,0
CUS-DAD-00010681,0
CUS-DAD-00010686,1
CUS-DAD-00010689,1
CUS-DAD-00010692,0
CUS-DAD-00010697,1
CUS-DAD-00010713,0
CUS-DAD-00010717,0
CUS-DAD-00010731,0
CUS-DAD-00010736,0
CUS-DAD-00010746,1
CUS-DAD-00010747,1
CUS-DAD-00010756,0
CUS-DAD-00010758,0
CUS-DAD-00010778,0
CUS-DAD-00010780,0
CUS-DAD-00010781,0
CUS-DAD-00010793,1
CUS-DAD-00010828,1
CUS-DAD-00010850,1
CUS-DAD-00010851,1
CUS-DAD-00010860,0
CUS-DAD-00010871,0
CUS-DAD-00010878,0
CUS-DAD-00010887,0
CUS-DAD-00010894,1
CUS-DAD-00010904,0
CUS-DAD-00010921,0
CUS-DAD-00010934,1
CUS-DAD-00010943,0
CUS-DAD-00010944,0
CUS-DAD-00010949,0
CUS-DAD-00010959,1
CUS-DAD-00010965,0
CUS-DAD-00010967,0
CUS-DAD-00010977,1
CUS-DAD-00010979,1
CUS-DAD-00011017,0
CUS-DAD-00011029,0
CUS-DAD-00011034,0
CUS-DAD-00011037,0
CUS-DAD-00011038,0
CUS-DAD-00011078,0
CUS-DAD-00011108,0
CUS-DAD-00011112,0
CUS-DAD-00011116,0
CUS-DAD-00011139,1
CUS-DAD-00011176,0
CUS-DAD-00011188,0
CUS-DAD-00011207,0
CUS-DAD-00011219,0
CUS-DAD-00011224,1
CUS-DAD-00011243,1
CUS-DAD-00011246,0
CUS-DAD-00011248,0
CUS-DAD-00011250,0
CUS-DAD-00011251,1
CUS-DAD-00011255,0
CUS-DAD-00011259,0
CUS-DAD-00011283,0
CUS-DAD-00011295,0
CUS-DAD-00011301,0
CUS-DAD-00011323,1
CUS-DAD-00011338,1
CUS-DAD-00011339,0
CUS-DAD-00011346,0
CUS-DAD-00011355,0
CUS-DAD-00011357,0
CUS-DAD-00011362,0
CUS-DAD-00011383,1
CUS-DAD-00011384,0
CUS-DAD-00011392,0
CUS-DAD-00011409,0
CUS-DAD-00011418,1
CUS-DAD-00011435,1
CUS-DAD-00011436,0
CUS-DAD-00011461,0
CUS-DAD-00011486,1
CUS-DAD-00011499,1
CUS-DAD-00011501,0
CUS-DAD-00011502,1
CUS-DAD-00011503,1
CUS-DAD-00011507,0
CUS-DAD-00011537,0
CUS-DAD-00011567,0
CUS-DAD-00011581,1
CUS-DAD-00011598,0
CUS-DAD-00011612,0
CUS-DAD-00011623,1
CUS-DAD-00011632,0
CUS-DAD-00011635,0
CUS-DAD-00011636,0
CUS-DAD-00011652,0
CUS-DAD-00011669,0
CUS-DAD-00011673,1
CUS-DAD-00011679,0
CUS-DAD-00011682,0
CUS-DAD-00011698,1
CUS-DAD-00011704,0
CUS-DAD-00011707,1
CUS-DAD-00011709,0
CUS-DAD-00011727,0
CUS-DAD-00011762,1
CUS-DAD-00011772,0
CUS-DAD-00011782,0
CUS-DAD-00011797,1
CUS-DAD-00011808,1
CUS-DAD-00011812,0
CUS-DAD-00011815,1
CUS-DAD-00011820,1
CUS-DAD-00011827,0
CUS-DAD-00011837,1
CUS-DAD-00011844,0
CUS-DAD-00011845,0
CUS-DAD-00011846,1
CUS-DAD-00011848,0
CUS-DAD-00011860,0
CUS-DAD-00011875,0
CUS-DAD-00011891,1
CUS-DAD-00011903,0
CUS-DAD-00011941,1
CUS-DAD-00011942,1
CUS-DAD-00011949,0
CUS-DAD-00011961,0
CUS-DAD-00011969,0
CUS-DAD-00011978,1
CUS-DAD-00011981,1
CUS-DAD-00011983,0
CUS-DNA-00000001,1
CUS-DNA-00000007,0
CUS-DNA-00000008,0
CUS-DNA-00000021,0
CUS-DNA-00000025,0
CUS-DNA-00000046,1
CUS-DNA-00000053,1
CUS-DNA-00000056,1
CUS-DNA-00000064,1
CUS-DNA-00000080,1
CUS-DNA-00000105,0
CUS-DNA-00000117,1
CUS-DNA-00000139,0
CUS-DNA-00000160,1
CUS-DNA-00000168,0
CUS-DNA-00000185,0
CUS-DNA-00000201,0
CUS-DNA-00000214,0
CUS-DNA-00000236,0
CUS-DNA-00000238,1
CUS-DNA-00000242,0
CUS-DNA-00000298,0
CUS-DNA-00000299,0
CUS-DNA-00000301,0
CUS-DNA-00000327,0
CUS-DNA-00000343,0
CUS-DNA-00000345,1
CUS-DNA-00000346,0
CUS-DNA-00000357,0
CUS-DNA-00000358,0
CUS-DNA-00000367,0
CUS-DNA-00000371,1
CUS-DNA-00000383,0
CUS-DNA-00000403,0
CUS-DNA-00000418,0
CUS-DNA-00000426,0
CUS-DNA-00000430,1
CUS-DNA-00000432,1
CUS-DNA-00000459,0
CUS-DNA-00000495,1
CUS-DNA-00000506,1
CUS-DNA-00000529,0
CUS-DNA-00000549,0
CUS-DNA-00000567,0
CUS-DNA-00000574,0
CUS-DNA-00000602,0
CUS-DNA-00000606,1
CUS-DNA-00000621,0
CUS-DNA-00000627,0
CUS-DNA-00000630,0
CUS-DNA-00000639,1
CUS-DNA-00000642,1
CUS-DNA-00000667,0
CUS-DNA-00000689,0
CUS-DNA-00000707,0
CUS-DNA-00000708,0
CUS-DNA-00000715,0
CUS-DNA-00000749,0
CUS-DNA-00000779,1
CUS-DNA-00000789,1
CUS-DNA-00000837,1
CUS-DNA-00000842,0
CUS-DNA-00000863,0
CUS-DNA-00000868,0
CUS-DNA-00000895,0
CUS-DNA-00000911,1
CUS-DNA-00000934,0
CUS-DNA-00000935,1
CUS-DNA-00000957,1
CUS-DNA-00000990,0
CUS-DNA-00000992,1
CUS-DNA-00000993,1
CUS-DNA-00001048,1
CUS-DNA-00001087,1
CUS-DNA-00001088,0
CUS-DNA-00001103,1
CUS-DNA-00001106,0
CUS-DNA-00001118,0
CUS-DNA-00001142,0
CUS-DNA-00001148,1
CUS-DNA-00001160,0
CUS-DNA-00001174,1
CUS-DNA-00001176,0
CUS-DNA-00001181,0
CUS-DNA-00001211,0
CUS-DNA-00001257,1
CUS-DNA-00001266,1
CUS-DNA-00001303,0
CUS-DNA-00001324,0
CUS-DNA-00001331,0
CUS-DNA-00001351,0
CUS-DNA-00001374,0
CUS-DNA-00001416,0
CUS-DNA-00001429,0
CUS-DNA-00001451,1
CUS-DNA-00001461,0
CUS-DNA-00001494,1
CUS-DNA-00001524,1
CUS-DNA-00001537,0
CUS-DNA-00001548,1
CUS-DNA-00001556,0
CUS-DNA-00001565,0
CUS-DNA-00001577,0
CUS-DNA-00001612,0
CUS-DNA-00001613,0
CUS-DNA-00001623,1
CUS-DNA-00001641,0
CUS-DNA-00001648,1
CUS-DNA-00001650,1
CUS-DNA-00001663,0
CUS-DNA-00001673,1
CUS-DNA-00001675,0
CUS-DNA-00001691,0
CUS-DNA-00001698,0
CUS-DNA-00001711,0
CUS-DNA-00001716,0
CUS-DNA-00001740,0
CUS-DNA-00001772,1
CUS-DNA-00001782,0
CUS-DNA-00001791,0
CUS-DNA-00001817,1
CUS-DNA-00001839,1
CUS-DNA-00001850,1
CUS-DNA-00001854,1
CUS-DNA-00001876,0
CUS-DNA-00001892,0
CUS-DNA-00001909,0
CUS-DNA-00001933,0
CUS-DNA-00001953,1
CUS-DNA-00001996,0
CUS-DNA-00002036,0
CUS-DNA-00002040,1
CUS-DNA-00002042,0
CUS-DNA-00002103,0
CUS-DNA-00002132,1
CUS-DNA-00002138,0
CUS-DNA-00002139,0
CUS-DNA-00002143,0
CUS-DNA-00002144,0
CUS-DNA-00002149,0
CUS-DNA-00002153,0
CUS-DNA-00002154,1
CUS-DNA-00002181,0
CUS-DNA-00002252,1
CUS-DNA-00002258,0
CUS-DNA-00002267,1
CUS-DNA-00002273,0
CUS-DNA-00002288,0
CUS-DNA-00002302,0
CUS-DNA-00002318,0
CUS-DNA-00002356,0
CUS-DNA-00002386,1
CUS-DNA-00002392,0
CUS-DNA-00002402,0
CUS-DNA-00002403,0
CUS-DNA-00002405,0
CUS-DNA-00002423,0
CUS-DNA-00002430,0
CUS-DNA-00002440,1
CUS-DNA-00002454,0
CUS-DNA-00002487,1
CUS-DNA-00002488,0
CUS-DNA-00002537,1
CUS-DNA-00002573,0
CUS-DNA-00002591,1
CUS-DNA-00002604,0
CUS-DNA-00002614,0
CUS-DNA-00002642,0
CUS-DNA-00002648,0
CUS-DNA-00002666,1
CUS-DNA-00002681,1
CUS-DNA-00002722,0
CUS-DNA-00002727,1
CUS-DNA-00002744,0
CUS-DNA-00002746,0
CUS-DNA-00002756,0
CUS-DNA-00002772,0
CUS-DNA-00002775,0
CUS-DNA-00002800,0
CUS-DNA-00002841,0
CUS-DNA-00002849,1
CUS-DNA-00002855,1
CUS-DNA-00002948,1
CUS-DNA-00002952,0
CUS-DNA-00002961,1
CUS-DNA-00002991,0
CUS-DNA-00003006,0
CUS-DNA-00003010,0
CUS-DNA-00003013,0
CUS-DNA-00003031,1
CUS-DNA-00003043,0
CUS-DNA-00003054,1
CUS-DNA-00003084,0
CUS-DNA-00003085,0
CUS-DNA-00003104,1
CUS-DNA-00003136,0
CUS-DNA-00003139,0
CUS-DNA-00003201,1
CUS-DNA-00003213,0
CUS-DNA-00003223,0
CUS-DNA-00003226,1
CUS-DNA-00003248,1
CUS-DNA-00003256,0
CUS-DNA-00003268,1
CUS-DNA-00003297,0
CUS-DNA-00003324,0
CUS-DNA-00003347,1
CUS-DNA-00003349,1
CUS-DNA-00003418,0
CUS-DNA-00003448,1
CUS-DNA-00003456,0
CUS-DNA-00003460,0
CUS-DNA-00003462,0
CUS-DNA-00003465,0
CUS-DNA-00003466,0
CUS-DNA-00003498,1
CUS-DNA-00003508,0
CUS-DNA-00003516,0
CUS-DNA-00003520,0
CUS-DNA-00003536,0
CUS-DNA-00003556,0
CUS-DNA-00003571,1
CUS-DNA-00003581,0
CUS-DNA-00003582,0
CUS-DNA-00003586,1
CUS-DNA-00003589,0
CUS-DNA-00003591,0
CUS-DNA-00003593,0
CUS-DNA-00003639,1
CUS-DNA-00003646,0
CUS-DNA-00003675,1
CUS-DNA-00003695,1
CUS-DNA-00003712,1
CUS-DNA-00003714,0
CUS-DNA-00003718,0
CUS-DNA-00003726,0
CUS-DNA-00003730,0
CUS-DNA-00003739,0
CUS-DNA-00003754,1
CUS-DNA-00003766,0
CUS-DNA-00003775,0
CUS-DNA-00003779,1
CUS-DNA-00003798,0
CUS-DNA-00003810,1
CUS-DNA-00003821,0
CUS-DNA-00003839,0
CUS-DNA-00003857,1
CUS-DNA-00004025,0
CUS-DNA-00004042,0
CUS-DNA-00004060,0
CUS-DNA-00004066,0
CUS-DNA-00004092,0
CUS-DNA-00004113,1
CUS-DNA-00004115,0
CUS-DNA-00004122,0
CUS-DNA-00004129,1
CUS-DNA-00004140,1
CUS-DNA-00004175,1
CUS-DNA-00004186,1
CUS-DNA-00004202,0
CUS-DNA-00004206,1
CUS-DNA-00004234,0
CUS-DNA-00004241,0
CUS-DNA-00004250,1
CUS-DNA-00004269,1
CUS-DNA-00004270,1
CUS-DNA-00004273,1
CUS-DNA-00004295,0
CUS-DNA-00004312,0
CUS-DNA-00004318,1
CUS-DNA-00004347,1
CUS-DNA-00004392,0
CUS-DNA-00004398,1
CUS-DNA-00004400,0
CUS-DNA-00004401,1
CUS-DNA-00004416,0
CUS-DNA-00004483,0
CUS-DNA-00004487,0
CUS-DNA-00004500,1
CUS-DNA-00004509,1
CUS-DNA-00004519,0
CUS-DNA-00004523,0
CUS-DNA-00004531,0
CUS-DNA-00004557,1
CUS-DNA-00004567,0
CUS-DNA-00004582,0
CUS-DNA-00004586,1
CUS-DNA-00004652,0
CUS-DNA-00004683,1
CUS-DNA-00004700,0
CUS-DNA-00004711,0
CUS-DNA-00004727,0
CUS-DNA-00004743,0
CUS-DNA-00004800,1
CUS-DNA-00004829,0
CUS-DNA-00004850,1
CUS-DNA-00004853,0
CUS-DNA-00004864,0
CUS-DNA-00004900,1
CUS-DNA-00004931,0
CUS-DNA-00004933,0
CUS-DNA-00004946,0
CUS-DNA-00004948,1
CUS-DNA-00005003,1
CUS-DNA-00005007,0
CUS-DNA-00005040,0
CUS-DNA-00005087,1
CUS-DNA-00005092,0
CUS-DNA-00005113,1
CUS-DNA-00005118,0
CUS-DNA-00005199,0
CUS-DNA-00005231,1
CUS-DNA-00005254,0
CUS-DNA-00005255,1
CUS-DNA-00005276,0
CUS-DNA-00005287,0
CUS-DNA-00005295,0
CUS-DNA-00005331,1
CUS-DNA-00005336,0
CUS-DNA-00005352,1
CUS-DNA-00005368,0
CUS-DNA-00005383,0
CUS-DNA-00005386,0
CUS-DNA-00005412,0
CUS-DNA-00005423,1
CUS-DNA-00005466,1
CUS-DNA-00005467,0
CUS-DNA-00005509,1
CUS-DNA-00005536,0
CUS-DNA-00005580,1
CUS-DNA-00005592,1
CUS-DNA-00005628,1
CUS-DNA-00005642,0
CUS-DNA-00005643,0
CUS-DNA-00005658,1
CUS-DNA-00005679,0
CUS-DNA-00005689,1
CUS-DNA-00005704,0
CUS-DNA-00005711,0
CUS-DNA-00005721,0
CUS-DNA-00005725,0
CUS-DNA-00005743,0
CUS-DNA-00005753,0
CUS-DNA-00005754,0
CUS-DNA-00005771,0
CUS-DNA-00005795,0
CUS-DNA-00005803,1
CUS-DNA-00005810,0
CUS-DNA-00005816,0
CUS-DNA-00005830,1
CUS-DNA-00005850,0
CUS-DNA-00005883,1
CUS-DNA-00005896,0
CUS-DNA-00005904,0
CUS-DNA-00005917,1
CUS-DNA-00005918,1
CUS-DNA-00005967,0
CUS-DNA-00005970,0
CUS-DNA-00005977,0
CUS-DNA-00006009,1
CUS-DNA-00006011,0
CUS-DNA-00006043,1
CUS-DNA-00006059,0
CUS-DNA-00006086,0
CUS-DNA-00006116,0
CUS-DNA-00006147,0
CUS-DNA-00006151,0
CUS-DNA-00006197,0
CUS-DNA-00006244,1
CUS-DNA-00006268,1
CUS-DNA-00006281,0
CUS-DNA-00006296,0
CUS-DNA-00006297,0
CUS-DNA-00006351,1
CUS-DNA-00006353,0
CUS-DNA-00006384,0
CUS-DNA-00006396,1
CUS-DNA-00006397,1
CUS-DNA-00006412,1
CUS-DNA-00006424,1
CUS-DNA-00006450,0
CUS-DNA-00006477,1
CUS-DNA-00006481,0
CUS-DNA-00006505,0
CUS-DNA-00006511,0
CUS-DNA-00006514,1
CUS-DNA-00006578,0
CUS-DNA-00006594,1
CUS-DNA-00006621,0
CUS-DNA-00006635,0
CUS-DNA-00006639,1
CUS-DNA-00006659,1
CUS-DNA-00006667,0
CUS-DNA-00006729,1
CUS-DNA-00006731,0
CUS-DNA-00006734,0
CUS-DNA-00006739,1
CUS-DNA-00006753,0
CUS-DNA-00006757,1
CUS-DNA-00006789,1
CUS-DNA-00006797,0
CUS-DNA-00006806,0
CUS-DNA-00006810,0
CUS-DNA-00006884,1
CUS-DNA-00006908,1
CUS-DNA-00006921,1
CUS-DNA-00006922,0
CUS-DNA-00006946,0
CUS-DNA-00006971,1
CUS-DNA-00006979,1
CUS-DNA-00006984,0
CUS-DNA-00006995,0
CUS-DNA-00007075,0
CUS-DNA-00007081,0
CUS-DNA-00007083,0
CUS-DNA-00007086,1
CUS-DNA-00007094,1
CUS-DNA-00007115,0
CUS-DNA-00007143,1
CUS-DNA-00007148,0
CUS-DNA-00007155,0
CUS-DNA-00007164,0
CUS-DNA-00007195,0
CUS-DNA-00007212,1
CUS-DNA-00007236,1
CUS-DNA-00007249,1
CUS-DNA-00007276,0
CUS-DNA-00007287,0
CUS-DNA-00007308,0
CUS-DNA-00007362,0
CUS-DNA-00007368,0
CUS-DNA-00007386,0
CUS-DNA-00007400,0
CUS-DNA-00007411,0
CUS-DNA-00007458,1
CUS-DNA-00007469,0
CUS-DNA-00007484,1
CUS-DNA-00007486,1
CUS-DNA-00007493,0
CUS-DNA-00007527,0
CUS-DNA-00007528,1
CUS-DNA-00007584,0
CUS-DNA-00007607,0
CUS-DNA-00007611,0
CUS-DNA-00007616,0
CUS-DNA-00007656,0
CUS-DNA-00007657,1
CUS-DNA-00007658,1
CUS-DNA-00007667,0
CUS-DNA-00007712,0
CUS-DNA-00007719,0
CUS-DNA-00007745,0
CUS-DNA-00007781,1
CUS-DNA-00007802,1
CUS-DNA-00007807,0
CUS-DNA-00007827,0
CUS-DNA-00007829,0
CUS-DNA-00007856,0
CUS-DNA-00007878,0
CUS-DNA-00007975,0
CUS-DNA-00007985,0
CUS-DNA-00008005,0
CUS-DNA-00008017,1
CUS-DNA-00008052,0
CUS-DNA-00008064,1
CUS-DNA-00008133,1
CUS-DNA-00008139,0
CUS-DNA-00008182,0
CUS-DNA-00008190,1
CUS-DNA-00008222,1
CUS-DNA-00008257,0
CUS-DNA-00008259,1
CUS-DNA-00008305,0
CUS-DNA-00008329,0
CUS-DNA-00008353,1
CUS-DNA-00008356,1
CUS-DNA-00008368,0
CUS-DNA-00008398,0
CUS-DNA-00008400,0
CUS-DNA-00008427,0
CUS-DNA-00008435,0
CUS-DNA-00008436,0
CUS-DNA-00008438,0
CUS-DNA-00008441,1
CUS-DNA-00008450,1
CUS-DNA-00008472,0
CUS-DNA-00008477,0
CUS-DNA-00008485,0
CUS-DNA-00008489,0
CUS-DNA-00008502,0
CUS-DNA-00008553,0
CUS-DNA-00008555,0
CUS-DNA-00008570,0
CUS-DNA-00008573,1
CUS-DNA-00008596,0
CUS-DNA-00008677,0
CUS-DNA-00008679,1
CUS-DNA-00008683,1
CUS-DNA-00008687,0
CUS-DNA-00008695,0
CUS-DNA-00008713,1
CUS-DNA-00008721,0
CUS-DNA-00008724,1
CUS-DNA-00008735,0
CUS-DNA-00008739,0
CUS-DNA-00008749,0
CUS-DNA-00008753,0
CUS-DNA-00008767,0
CUS-DNA-00008774,1
CUS-DNA-00008778,0
CUS-DNA-00008805,0
CUS-DNA-00008808,1
CUS-DNA-00008818,1
CUS-DNA-00008819,0
CUS-DNA-00008845,1
CUS-DNA-00008847,0
CUS-DNA-00008849,0
CUS-DNA-00008874,0
CUS-DNA-00008889,1
CUS-DNA-00008891,1
CUS-DNA-00008893,0
CUS-DNA-00008903,1
CUS-DNA-00008935,1
CUS-DNA-00008944,0
CUS-DNA-00008945,0
CUS-DNA-00009027,0
CUS-DNA-00009054,1
CUS-DNA-00009064,0
CUS-DNA-00009179,0
CUS-DNA-00009185,1
CUS-DNA-00009189,1
CUS-DNA-00009219,0
CUS-DNA-00009228,0
CUS-DNA-00009229,0
CUS-DNA-00009232,1
CUS-DNA-00009239,0
CUS-DNA-00009254,0
CUS-DNA-00009272,1
CUS-DNA-00009301,0
CUS-DNA-00009319,0
CUS-DNA-00009351,0
CUS-DNA-00009365,0
CUS-DNA-00009369,1
CUS-DNA-00009370,0
CUS-DNA-00009399,1
CUS-DNA-00009426,1
CUS-DNA-00009435,0
CUS-DNA-00009438,0
CUS-DNA-00009453,0
CUS-DNA-00009478,0
CUS-DNA-00009514,1
CUS-DNA-00009585,1
CUS-DNA-00009589,1
CUS-DNA-00009625,1
CUS-DNA-00009631,0
CUS-DNA-00009638,0
CUS-DNA-00009652,1
CUS-DNA-00009662,0
CUS-DNA-00009707,0
CUS-DNA-00009709,0
CUS-DNA-00009714,1
CUS-DNA-00009726,1
CUS-DNA-00009745,1
CUS-DNA-00009746,0
CUS-DNA-00009775,0
CUS-DNA-00009810,0
CUS-DNA-00009831,1
CUS-DNA-00009868,0
CUS-DNA-00009888,1
CUS-DNA-00009898,0
CUS-DNA-00009908,0
CUS-DNA-00009929,1
CUS-DNA-00009939,0
CUS-DNA-00009943,0
CUS-DNA-00010018,0
CUS-DNA-00010032,1
CUS-DNA-00010074,0
CUS-DNA-00010086,1
CUS-DNA-00010102,0
CUS-DNA-00010104,0
CUS-DNA-00010158,1
CUS-DNA-00010200,1
CUS-DNA-00010202,1
CUS-DNA-00010221,0
CUS-DNA-00010232,1
CUS-DNA-00010235,0
CUS-DNA-00010246,1
CUS-DNA-00010251,0
CUS-DNA-00010269,0
CUS-DNA-00010292,0
CUS-DNA-00010321,0
CUS-DNA-00010341,0
CUS-DNA-00010367,1
CUS-DNA-00010376,1
CUS-DNA-00010385,0
CUS-DNA-00010400,0
CUS-DNA-00010407,1
CUS-DNA-00010428,0
CUS-DNA-00010453,0
CUS-DNA-00010456,0
CUS-DNA-00010473,1
CUS-DNA-00010483,0
CUS-DNA-00010500,1
CUS-DNA-00010505,1
CUS-DNA-00010506,1
CUS-DNA-00010510,1
CUS-DNA-00010512,0
CUS-DNA-00010538,1
CUS-DNA-00010544,0
CUS-DNA-00010555,1
CUS-DNA-00010559,1
CUS-DNA-00010563,1
CUS-DNA-00010577,1
CUS-DNA-00010581,0
CUS-DNA-00010592,0
CUS-DNA-00010595,1
CUS-DNA-00010602,0
CUS-DNA-00010604,0
CUS-DNA-00010610,0
CUS-DNA-00010620,0
CUS-DNA-00010643,1
CUS-DNA-00010658,0
CUS-DNA-00010664,1
CUS-DNA-00010672,1
CUS-DNA-00010674,0
CUS-DNA-00010678,0
CUS-DNA-00010695,1
CUS-DNA-00010701,1
CUS-DNA-00010718,1
CUS-DNA-00010729,0
CUS-DNA-00010742,0
CUS-DNA-00010745,0
CUS-DNA-00010769,1
CUS-DNA-00010770,0
CUS-DNA-00010831,0
CUS-DNA-00010841,0
CUS-DNA-00010844,1
CUS-DNA-00010849,0
CUS-DNA-00010862,0
CUS-DNA-00010880,1
CUS-DNA-00010883,0
CUS-DNA-00010898,0
CUS-DNA-00010909,0
CUS-DNA-00010919,1
CUS-DNA-00010932,0
CUS-DNA-00010937,0
CUS-DNA-00010954,0
CUS-DNA-00010998,1
CUS-DNA-00011001,1
CUS-DNA-00011007,0
CUS-DNA-00011024,0
CUS-DNA-00011046,0
CUS-DNA-00011080,1
CUS-DNA-00011107,0
CUS-DNA-00011130,1
CUS-DNA-00011135,1
CUS-DNA-00011154,0
CUS-DNA-00011170,1
CUS-DNA-00011173,1
CUS-DNA-00011212,0
CUS-DNA-00011220,1
CUS-DNA-00011238,0
CUS-DNA-00011241,0
CUS-DNA-00011252,0
CUS-DNA-00011305,0
CUS-DNA-00011368,0
CUS-DNA-00011401,1
CUS-DNA-00011417,1
CUS-DNA-00011439,0
CUS-DNA-00011447,1
CUS-DNA-00011470,0
CUS-DNA-00011479,0
CUS-DNA-00011526,1
CUS-DNA-00011529,1
CUS-DNA-00011539,0
CUS-DNA-00011540,0
CUS-DNA-00011575,1
CUS-DNA-00011582,0
CUS-DNA-00011587,0
CUS-DNA-00011614,1
CUS-DNA-00011621,0
CUS-DNA-00011637,1
CUS-DNA-00011661,0
CUS-DNA-00011674,0
CUS-DNA-00011702,1
CUS-DNA-00011738,1
CUS-DNA-00011750,0
CUS-DNA-00011768,1
CUS-DNA-00011789,1
CUS-DNA-00011801,0
CUS-DNA-00011821,0
CUS-DNA-00011823,0
CUS-DNA-00011847,1
CUS-DNA-00011864,0
CUS-DNA-00011868,0
CUS-DNA-00011877,0
CUS-DNA-00011889,0
CUS-DNA-00011894,1
CUS-DNA-00011917,1
CUS-DNA-00011924,0
CUS-DNA-00011931,0
CUS-DNA-00011957,1
CUS-DNA-00011959,0
CUS-DNA-00011963,0
CUS-DNA-00011971,1
CUS-DNA-00011996,0
CUS-HAN-00000002,1
CUS-HAN-00000011,0
CUS-HAN-00000015,1
CUS-HAN-00000022,1
CUS-HAN-00000033,0
CUS-HAN-00000034,0
CUS-HAN-00000041,1
CUS-HAN-00000044,0
CUS-HAN-00000047,1
CUS-HAN-00000048,1
CUS-HAN-00000068,0
CUS-HAN-00000070,0
CUS-HAN-00000072,0
CUS-HAN-00000076,0
CUS-HAN-00000077,0
CUS-HAN-00000082,0
CUS-HAN-00000093,0
CUS-HAN-00000094,1
CUS-HAN-00000095,1
CUS-HAN-00000097,0
CUS-HAN-00000107,0
CUS-HAN-00000108,0
CUS-HAN-00000113,1
CUS-HAN-00000119,0
CUS-HAN-00000124,0
CUS-HAN-00000127,0
CUS-HAN-00000134,0
CUS-HAN-00000147,1
CUS-HAN-00000149,0
CUS-HAN-00000157,1
CUS-HAN-00000166,1
CUS-HAN-00000169,0
CUS-HAN-00000171,1
CUS-HAN-00000177,0
CUS-HAN-00000184,0
CUS-HAN-00000187,1
CUS-HAN-00000200,0
CUS-HAN-00000220,1
CUS-HAN-00000221,0
CUS-HAN-00000225,0
CUS-HAN-00000232,0
CUS-HAN-00000248,0
CUS-HAN-00000249,0
CUS-HAN-00000250,1
CUS-HAN-00000263,1
CUS-HAN-00000267,1
CUS-HAN-00000276,1
CUS-HAN-00000277,0
CUS-HAN-00000286,0
CUS-HAN-00000288,0
CUS-HAN-00000307,1
CUS-HAN-00000312,0
CUS-HAN-00000314,1
CUS-HAN-00000315,0
CUS-HAN-00000316,1
CUS-HAN-00000317,0
CUS-HAN-00000319,0
CUS-HAN-00000323,0
CUS-HAN-00000330,0
CUS-HAN-00000366,0
CUS-HAN-00000369,1
CUS-HAN-00000372,0
CUS-HAN-00000373,0
CUS-HAN-00000374,0
CUS-HAN-00000378,0
CUS-HAN-00000379,0
CUS-HAN-00000385,1
CUS-HAN-00000398,1
CUS-HAN-00000400,0
CUS-HAN-00000401,0
CUS-HAN-00000407,0
CUS-HAN-00000445,1
CUS-HAN-00000464,0
CUS-HAN-00000471,0
CUS-HAN-00000475,0
CUS-HAN-00000476,0
CUS-HAN-00000477,1
CUS-HAN-00000480,1
CUS-HAN-00000481,1
CUS-HAN-00000484,0
CUS-HAN-00000486,1
CUS-HAN-00000494,1
CUS-HAN-00000497,0
CUS-HAN-00000499,1
CUS-HAN-00000507,0
CUS-HAN-00000514,1
CUS-HAN-00000515,1
CUS-HAN-00000517,1
CUS-HAN-00000522,1
CUS-HAN-00000526,0
CUS-HAN-00000530,0
CUS-HAN-00000533,1
CUS-HAN-00000546,1
CUS-HAN-00000547,0
CUS-HAN-00000550,1
CUS-HAN-00000557,1
CUS-HAN-00000569,0
CUS-HAN-00000571,0
CUS-HAN-00000580,1
CUS-HAN-00000584,1
CUS-HAN-00000588,0
CUS-HAN-00000592,0
CUS-HAN-00000593,1
CUS-HAN-00000596,0
CUS-HAN-00000610,0
CUS-HAN-00000615,1
CUS-HAN-00000618,1
CUS-HAN-00000626,0
CUS-HAN-00000634,1
CUS-HAN-00000651,0
CUS-HAN-00000656,1
CUS-HAN-00000658,1
CUS-HAN-00000660,1
CUS-HAN-00000661,0
CUS-HAN-00000665,0
CUS-HAN-00000669,1
CUS-HAN-00000670,0
CUS-HAN-00000676,1
CUS-HAN-00000680,0
CUS-HAN-00000686,1
CUS-HAN-00000687,1
CUS-HAN-00000691,1
CUS-HAN-00000694,1
CUS-HAN-00000700,0
CUS-HAN-00000702,0
CUS-HAN-00000705,0
CUS-HAN-00000709,1
CUS-HAN-00000722,0
CUS-HAN-00000731,0
CUS-HAN-00000734,0
CUS-HAN-00000738,0
CUS-HAN-00000739,0
CUS-HAN-00000740,0
CUS-HAN-00000747,0
CUS-HAN-00000748,1
CUS-HAN-00000752,0
CUS-HAN-00000757,1
CUS-HAN-00000786,1
CUS-HAN-00000788,0
CUS-HAN-00000792,0
CUS-HAN-00000793,0
CUS-HAN-00000796,1
CUS-HAN-00000802,0
CUS-HAN-00000820,1
CUS-HAN-00000823,0
CUS-HAN-00000833,0
CUS-HAN-00000839,1
CUS-HAN-00000844,0
CUS-HAN-00000847,1
CUS-HAN-00000859,0
CUS-HAN-00000874,0
CUS-HAN-00000877,0
CUS-HAN-00000878,1
CUS-HAN-00000881,1
CUS-HAN-00000886,1
CUS-HAN-00000887,0
CUS-HAN-00000891,0
CUS-HAN-00000897,0
CUS-HAN-00000910,0
CUS-HAN-00000919,1
CUS-HAN-00000931,1
CUS-HAN-00000932,0
CUS-HAN-00000933,1
CUS-HAN-00000944,0
CUS-HAN-00000945,0
CUS-HAN-00000950,0
CUS-HAN-00000962,1
CUS-HAN-00000975,1
CUS-HAN-00000978,1
CUS-HAN-00000987,1
CUS-HAN-00000989,0
CUS-HAN-00000996,0
CUS-HAN-00001000,1
CUS-HAN-00001006,0
CUS-HAN-00001008,0
CUS-HAN-00001015,0
CUS-HAN-00001020,0
CUS-HAN-00001026,1
CUS-HAN-00001028,0
CUS-HAN-00001030,1
CUS-HAN-00001035,1
CUS-HAN-00001037,1
CUS-HAN-00001038,0
CUS-HAN-00001039,1
CUS-HAN-00001046,1
CUS-HAN-00001053,1
CUS-HAN-00001055,0
CUS-HAN-00001065,0
CUS-HAN-00001067,1
CUS-HAN-00001070,1
CUS-HAN-00001073,0
CUS-HAN-00001076,0
CUS-HAN-00001080,0
CUS-HAN-00001093,1
CUS-HAN-00001096,0
CUS-HAN-00001102,0
CUS-HAN-00001108,1
CUS-HAN-00001112,1
CUS-HAN-00001119,1
CUS-HAN-00001125,0
CUS-HAN-00001136,0
CUS-HAN-00001138,1
CUS-HAN-00001141,0
CUS-HAN-00001145,1
CUS-HAN-00001146,0
CUS-HAN-00001159,0
CUS-HAN-00001171,0
CUS-HAN-00001178,0
CUS-HAN-00001187,0
CUS-HAN-00001191,0
CUS-HAN-00001192,0
CUS-HAN-00001199,0
CUS-HAN-00001210,0
CUS-HAN-00001214,1
CUS-HAN-00001215,0
CUS-HAN-00001217,0
CUS-HAN-00001238,0
CUS-HAN-00001242,1
CUS-HAN-00001243,0
CUS-HAN-00001245,0
CUS-HAN-00001262,0
CUS-HAN-00001263,0
CUS-HAN-00001272,0
CUS-HAN-00001273,0
CUS-HAN-00001276,0
CUS-HAN-00001281,1
CUS-HAN-00001282,1
CUS-HAN-00001283,0
CUS-HAN-00001287,0
CUS-HAN-00001288,0
CUS-HAN-00001294,0
CUS-HAN-00001295,0
CUS-HAN-00001296,1
CUS-HAN-00001300,1
CUS-HAN-00001311,1
CUS-HAN-00001325,0
CUS-HAN-00001327,0
CUS-HAN-00001329,1
CUS-HAN-00001340,0
CUS-HAN-00001347,0
CUS-HAN-00001348,0
CUS-HAN-00001349,0
CUS-HAN-00001353,0
CUS-HAN-00001354,0
CUS-HAN-00001362,0
CUS-HAN-00001370,0
CUS-HAN-00001373,1
CUS-HAN-00001380,0
CUS-HAN-00001381,0
CUS-HAN-00001388,1
CUS-HAN-00001400,1
CUS-HAN-00001401,1
CUS-HAN-00001404,1
CUS-HAN-00001406,0
CUS-HAN-00001424,1
CUS-HAN-00001425,0
CUS-HAN-00001426,1
CUS-HAN-00001430,1
CUS-HAN-00001455,0
CUS-HAN-00001458,0
CUS-HAN-00001460,0
CUS-HAN-00001464,0
CUS-HAN-00001467,0
CUS-HAN-00001477,0
CUS-HAN-00001481,1
CUS-HAN-00001495,0
CUS-HAN-00001499,0
CUS-HAN-00001503,1
CUS-HAN-00001504,1
CUS-HAN-00001516,0
CUS-HAN-00001521,0
CUS-HAN-00001527,1
CUS-HAN-00001530,0
CUS-HAN-00001531,1
CUS-HAN-00001540,0
CUS-HAN-00001543,0
CUS-HAN-00001546,1
CUS-HAN-00001549,1
CUS-HAN-00001550,1
CUS-HAN-00001552,1
CUS-HAN-00001553,0
CUS-HAN-00001554,1
CUS-HAN-00001571,1
CUS-HAN-00001582,0
CUS-HAN-00001583,1
CUS-HAN-00001587,0
CUS-HAN-00001589,0
CUS-HAN-00001594,1
CUS-HAN-00001606,0
CUS-HAN-00001609,0
CUS-HAN-00001610,0
CUS-HAN-00001614,0
CUS-HAN-00001625,1
CUS-HAN-00001627,0
CUS-HAN-00001630,1
CUS-HAN-00001636,0
CUS-HAN-00001637,0
CUS-HAN-00001647,0
CUS-HAN-00001652,0
CUS-HAN-00001656,0
CUS-HAN-00001659,1
CUS-HAN-00001671,0
CUS-HAN-00001678,1
CUS-HAN-00001684,1
CUS-HAN-00001690,0
CUS-HAN-00001703,1
CUS-HAN-00001708,1
CUS-HAN-00001710,1
CUS-HAN-00001712,0
CUS-HAN-00001715,0
CUS-HAN-00001717,0
CUS-HAN-00001727,0
CUS-HAN-00001730,0
CUS-HAN-00001750,1
CUS-HAN-00001755,0
CUS-HAN-00001761,0
CUS-HAN-00001778,0
CUS-HAN-00001779,0
CUS-HAN-00001787,0
CUS-HAN-00001792,0
CUS-HAN-00001796,0
CUS-HAN-00001798,1
CUS-HAN-00001808,1
CUS-HAN-00001809,0
CUS-HAN-00001812,0
CUS-HAN-00001838,1
CUS-HAN-00001847,0
CUS-HAN-00001849,0
CUS-HAN-00001858,1
CUS-HAN-00001871,1
CUS-HAN-00001872,0
CUS-HAN-00001878,0
CUS-HAN-00001883,1
CUS-HAN-00001885,1
CUS-HAN-00001886,0
CUS-HAN-00001890,0
CUS-HAN-00001895,0
CUS-HAN-00001898,1
CUS-HAN-00001906,0
CUS-HAN-00001907,1
CUS-HAN-00001922,1
CUS-HAN-00001924,0
CUS-HAN-00001927,1
CUS-HAN-00001930,0
CUS-HAN-00001943,0
CUS-HAN-00001962,1
CUS-HAN-00001971,1
CUS-HAN-00001974,0
CUS-HAN-00001982,1
CUS-HAN-00001993,0
CUS-HAN-00001997,0
CUS-HAN-00001998,1
CUS-HAN-00002002,0
CUS-HAN-00002012,1
CUS-HAN-00002014,1
CUS-HAN-00002015,0
CUS-HAN-00002017,0
CUS-HAN-00002020,0
CUS-HAN-00002026,0
CUS-HAN-00002028,0
CUS-HAN-00002033,1
CUS-HAN-00002034,0
CUS-HAN-00002041,1
CUS-HAN-00002047,0
CUS-HAN-00002050,1
CUS-HAN-00002055,1
CUS-HAN-00002065,1
CUS-HAN-00002072,0
CUS-HAN-00002073,1
CUS-HAN-00002075,0
CUS-HAN-00002079,0
CUS-HAN-00002081,0
CUS-HAN-00002087,0
CUS-HAN-00002088,1
CUS-HAN-00002091,1
CUS-HAN-00002096,0
CUS-HAN-00002109,1
CUS-HAN-00002121,0
CUS-HAN-00002123,1
CUS-HAN-00002125,0
CUS-HAN-00002126,1
CUS-HAN-00002127,1
CUS-HAN-00002128,0
CUS-HAN-00002137,0
CUS-HAN-00002142,0
CUS-HAN-00002145,0
CUS-HAN-00002158,0
CUS-HAN-00002159,1
CUS-HAN-00002161,1
CUS-HAN-00002163,0
CUS-HAN-00002164,0
CUS-HAN-00002166,0
CUS-HAN-00002168,0
CUS-HAN-00002169,1
CUS-HAN-00002171,1
CUS-HAN-00002175,0
CUS-HAN-00002177,1
CUS-HAN-00002205,0
CUS-HAN-00002208,1
CUS-HAN-00002220,0
CUS-HAN-00002221,0
CUS-HAN-00002223,0
CUS-HAN-00002231,0
CUS-HAN-00002238,0
CUS-HAN-00002239,1
CUS-HAN-00002241,1
CUS-HAN-00002243,0
CUS-HAN-00002245,0
CUS-HAN-00002249,1
CUS-HAN-00002250,1
CUS-HAN-00002253,0
CUS-HAN-00002260,1
CUS-HAN-00002281,1
CUS-HAN-00002283,0
CUS-HAN-00002290,1
CUS-HAN-00002294,0
CUS-HAN-00002295,1
CUS-HAN-00002305,0
CUS-HAN-00002306,0
CUS-HAN-00002308,0
CUS-HAN-00002313,0
CUS-HAN-00002315,0
CUS-HAN-00002316,0
CUS-HAN-00002323,0
CUS-HAN-00002332,0
CUS-HAN-00002335,0
CUS-HAN-00002338,0
CUS-HAN-00002344,1
CUS-HAN-00002355,0
CUS-HAN-00002368,0
CUS-HAN-00002369,0
CUS-HAN-00002372,0
CUS-HAN-00002373,1
CUS-HAN-00002375,1
CUS-HAN-00002393,1
CUS-HAN-00002408,0
CUS-HAN-00002409,0
CUS-HAN-00002413,0
CUS-HAN-00002434,1
CUS-HAN-00002439,1
CUS-HAN-00002448,0
CUS-HAN-00002459,1
CUS-HAN-00002470,1
CUS-HAN-00002471,0
CUS-HAN-00002475,0
CUS-HAN-00002479,0
CUS-HAN-00002484,1
CUS-HAN-00002486,0
CUS-HAN-00002492,0
CUS-HAN-00002505,0
CUS-HAN-00002512,0
CUS-HAN-00002523,0
CUS-HAN-00002538,0
CUS-HAN-00002542,0
CUS-HAN-00002543,0
CUS-HAN-00002546,0
CUS-HAN-00002549,0
CUS-HAN-00002550,1
CUS-HAN-00002555,0
CUS-HAN-00002566,1
CUS-HAN-00002586,0
CUS-HAN-00002587,0
CUS-HAN-00002590,1
CUS-HAN-00002595,0
CUS-HAN-00002598,1
CUS-HAN-00002601,1
CUS-HAN-00002610,0
CUS-HAN-00002615,0
CUS-HAN-00002626,1
CUS-HAN-00002628,1
CUS-HAN-00002629,1
CUS-HAN-00002636,0
CUS-HAN-00002645,0
CUS-HAN-00002652,0
CUS-HAN-00002657,1
CUS-HAN-00002662,1
CUS-HAN-00002663,0
CUS-HAN-00002672,1
CUS-HAN-00002673,0
CUS-HAN-00002680,0
CUS-HAN-00002685,1
CUS-HAN-00002692,0
CUS-HAN-00002699,0
CUS-HAN-00002703,0
CUS-HAN-00002723,0
CUS-HAN-00002724,0
CUS-HAN-00002729,0
CUS-HAN-00002732,0
CUS-HAN-00002734,0
CUS-HAN-00002735,1
CUS-HAN-00002745,0
CUS-HAN-00002764,0
CUS-HAN-00002767,0
CUS-HAN-00002776,0
CUS-HAN-00002784,1
CUS-HAN-00002790,0
CUS-HAN-00002798,1
CUS-HAN-00002807,1
CUS-HAN-00002817,0
CUS-HAN-00002819,0
CUS-HAN-00002821,0
CUS-HAN-00002838,1
CUS-HAN-00002839,1
CUS-HAN-00002842,1
CUS-HAN-00002843,0
CUS-HAN-00002850,1
CUS-HAN-00002851,0
CUS-HAN-00002852,0
CUS-HAN-00002854,0
CUS-HAN-00002858,1
CUS-HAN-00002861,1
CUS-HAN-00002863,1
CUS-HAN-00002865,0
CUS-HAN-00002867,1
CUS-HAN-00002877,0
CUS-HAN-00002878,0
CUS-HAN-00002884,1
CUS-HAN-00002900,0
CUS-HAN-00002901,1
CUS-HAN-00002905,1
CUS-HAN-00002929,1
CUS-HAN-00002937,1
CUS-HAN-00002945,1
CUS-HAN-00002946,0
CUS-HAN-00002947,0
CUS-HAN-00002956,1
CUS-HAN-00002967,0
CUS-HAN-00002968,0
CUS-HAN-00002982,0
CUS-HAN-00002993,0
CUS-HAN-00003011,0
CUS-HAN-00003015,1
CUS-HAN-00003019,1
CUS-HAN-00003021,0
CUS-HAN-00003025,1
CUS-HAN-00003030,0
CUS-HAN-00003041,1
CUS-HAN-00003044,0
CUS-HAN-00003062,0
CUS-HAN-00003065,1
CUS-HAN-00003066,1
CUS-HAN-00003067,0
CUS-HAN-00003070,0
CUS-HAN-00003077,0
CUS-HAN-00003086,0
CUS-HAN-00003098,1
CUS-HAN-00003107,0
CUS-HAN-00003111,0
CUS-HAN-00003119,0
CUS-HAN-00003120,1
CUS-HAN-00003122,0
CUS-HAN-00003123,1
CUS-HAN-00003131,0
CUS-HAN-00003140,1
CUS-HAN-00003141,0
CUS-HAN-00003153,0
CUS-HAN-00003156,0
CUS-HAN-00003160,0
CUS-HAN-00003178,1
CUS-HAN-00003190,1
CUS-HAN-00003196,0
CUS-HAN-00003206,0
CUS-HAN-00003211,0
CUS-HAN-00003217,0
CUS-HAN-00003219,0
CUS-HAN-00003220,1
CUS-HAN-00003221,1
CUS-HAN-00003231,0
CUS-HAN-00003238,0
CUS-HAN-00003239,0
CUS-HAN-00003240,1
CUS-HAN-00003244,1
CUS-HAN-00003247,0
CUS-HAN-00003253,0
CUS-HAN-00003258,0
CUS-HAN-00003265,0
CUS-HAN-00003279,0
CUS-HAN-00003283,0
CUS-HAN-00003288,0
CUS-HAN-00003290,1
CUS-HAN-00003291,0
CUS-HAN-00003302,0
CUS-HAN-00003315,1
CUS-HAN-00003320,0
CUS-HAN-00003322,0
CUS-HAN-00003327,1
CUS-HAN-00003332,1
CUS-HAN-00003335,1
CUS-HAN-00003336,1
CUS-HAN-00003339,0
CUS-HAN-00003341,0
CUS-HAN-00003350,0
CUS-HAN-00003354,0
CUS-HAN-00003356,1
CUS-HAN-00003361,0
CUS-HAN-00003362,0
CUS-HAN-00003365,0
CUS-HAN-00003366,0
CUS-HAN-00003370,0
CUS-HAN-00003376,0
CUS-HAN-00003381,0
CUS-HAN-00003389,1
CUS-HAN-00003415,0
CUS-HAN-00003422,1
CUS-HAN-00003424,0
CUS-HAN-00003437,0
CUS-HAN-00003438,1
CUS-HAN-00003444,0
CUS-HAN-00003446,1
CUS-HAN-00003449,1
CUS-HAN-00003464,0
CUS-HAN-00003468,0
CUS-HAN-00003469,0
CUS-HAN-00003471,0
CUS-HAN-00003472,0
CUS-HAN-00003474,1
CUS-HAN-00003476,0
CUS-HAN-00003481,1
CUS-HAN-00003499,0
CUS-HAN-00003501,0
CUS-HAN-00003510,1
CUS-HAN-00003524,1
CUS-HAN-00003526,0
CUS-HAN-00003540,0
CUS-HAN-00003545,0
CUS-HAN-00003553,1
CUS-HAN-00003555,0
CUS-HAN-00003570,0
CUS-HAN-00003573,0
CUS-HAN-00003574,0
CUS-HAN-00003575,1
CUS-HAN-00003576,1
CUS-HAN-00003583,1
CUS-HAN-00003587,1
CUS-HAN-00003590,0
CUS-HAN-00003592,0
CUS-HAN-00003600,0
CUS-HAN-00003601,0
CUS-HAN-00003612,0
CUS-HAN-00003617,0
CUS-HAN-00003619,1
CUS-HAN-00003622,1
CUS-HAN-00003634,0
CUS-HAN-00003641,1
CUS-HAN-00003647,1
CUS-HAN-00003648,0
CUS-HAN-00003651,0
CUS-HAN-00003653,1
CUS-HAN-00003655,0
CUS-HAN-00003658,0
CUS-HAN-00003666,1
CUS-HAN-00003669,0
CUS-HAN-00003671,0
CUS-HAN-00003673,1
CUS-HAN-00003674,1
CUS-HAN-00003677,0
CUS-HAN-00003679,0
CUS-HAN-00003683,1
CUS-HAN-00003687,1
CUS-HAN-00003690,0
CUS-HAN-00003696,0
CUS-HAN-00003697,1
CUS-HAN-00003700,0
CUS-HAN-00003707,0
CUS-HAN-00003709,0
CUS-HAN-00003724,1
CUS-HAN-00003740,0
CUS-HAN-00003749,1
CUS-HAN-00003756,0
CUS-HAN-00003758,1
CUS-HAN-00003762,0
CUS-HAN-00003768,0
CUS-HAN-00003789,1
CUS-HAN-00003792,0
CUS-HAN-00003799,0
CUS-HAN-00003800,0
CUS-HAN-00003803,1
CUS-HAN-00003815,0
CUS-HAN-00003816,0
CUS-HAN-00003817,0
CUS-HAN-00003818,1
CUS-HAN-00003827,0
CUS-HAN-00003828,0
CUS-HAN-00003833,0
CUS-HAN-00003835,1
CUS-HAN-00003836,0
CUS-HAN-00003840,0
CUS-HAN-00003850,0
CUS-HAN-00003851,1
CUS-HAN-00003852,1
CUS-HAN-00003853,0
CUS-HAN-00003854,0
CUS-HAN-00003858,0
CUS-HAN-00003864,0
CUS-HAN-00003866,1
CUS-HAN-00003871,1
CUS-HAN-00003876,0
CUS-HAN-00003880,1
CUS-HAN-00003897,1
CUS-HAN-00003898,1
CUS-HAN-00003905,1
CUS-HAN-00003914,0
CUS-HAN-00003915,0
CUS-HAN-00003916,1
CUS-HAN-00003920,1
CUS-HAN-00003923,1
CUS-HAN-00003937,0
CUS-HAN-00003950,0
CUS-HAN-00003951,1
CUS-HAN-00003960,1
CUS-HAN-00003961,0
CUS-HAN-00003964,0
CUS-HAN-00003965,0
CUS-HAN-00003982,0
CUS-HAN-00003985,0
CUS-HAN-00003992,1
CUS-HAN-00003994,0
CUS-HAN-00003999,0
CUS-HAN-00004002,0
CUS-HAN-00004023,1
CUS-HAN-00004032,0
CUS-HAN-00004036,1
CUS-HAN-00004037,1
CUS-HAN-00004039,1
CUS-HAN-00004041,0
CUS-HAN-00004049,1
CUS-HAN-00004054,0
CUS-HAN-00004057,0
CUS-HAN-00004059,1
CUS-HAN-00004067,1
CUS-HAN-00004071,0
CUS-HAN-00004073,1
CUS-HAN-00004076,1
CUS-HAN-00004081,0
CUS-HAN-00004082,0
CUS-HAN-00004084,0
CUS-HAN-00004096,0
CUS-HAN-00004101,0
CUS-HAN-00004104,0
CUS-HAN-00004111,0
CUS-HAN-00004119,0
CUS-HAN-00004124,1
CUS-HAN-00004133,1
CUS-HAN-00004141,1
CUS-HAN-00004144,0
CUS-HAN-00004149,1
CUS-HAN-00004150,0
CUS-HAN-00004153,1
CUS-HAN-00004162,1
CUS-HAN-00004164,0
CUS-HAN-00004168,0
CUS-HAN-00004174,1
CUS-HAN-00004195,1
CUS-HAN-00004209,0
CUS-HAN-00004212,0
CUS-HAN-00004213,0
CUS-HAN-00004223,1
CUS-HAN-00004237,0
CUS-HAN-00004251,0
CUS-HAN-00004260,0
CUS-HAN-00004263,0
CUS-HAN-00004267,0
CUS-HAN-00004277,0
CUS-HAN-00004279,0
CUS-HAN-00004282,0
CUS-HAN-00004296,0
CUS-HAN-00004297,0
CUS-HAN-00004304,0
CUS-HAN-00004308,1
CUS-HAN-00004320,1
CUS-HAN-00004358,1
CUS-HAN-00004370,1
CUS-HAN-00004371,1
CUS-HAN-00004382,1
CUS-HAN-00004387,1
CUS-HAN-00004395,0
CUS-HAN-00004396,1
CUS-HAN-00004404,0
CUS-HAN-00004408,1
CUS-HAN-00004411,0
CUS-HAN-00004421,1
CUS-HAN-00004426,1
CUS-HAN-00004431,0
CUS-HAN-00004434,1
CUS-HAN-00004439,1
CUS-HAN-00004440,1
CUS-HAN-00004442,1
CUS-HAN-00004447,1
CUS-HAN-00004456,0
CUS-HAN-00004461,0
CUS-HAN-00004462,0
CUS-HAN-00004463,0
CUS-HAN-00004472,0
CUS-HAN-00004486,1
CUS-HAN-00004489,0
CUS-HAN-00004495,0
CUS-HAN-00004496,0
CUS-HAN-00004506,0
CUS-HAN-00004507,1
CUS-HAN-00004510,0
CUS-HAN-00004516,0
CUS-HAN-00004517,0
CUS-HAN-00004518,1
CUS-HAN-00004522,0
CUS-HAN-00004532,0
CUS-HAN-00004540,0
CUS-HAN-00004545,1
CUS-HAN-00004546,0
CUS-HAN-00004550,1
CUS-HAN-00004563,0
CUS-HAN-00004571,0
CUS-HAN-00004574,1
CUS-HAN-00004597,0
CUS-HAN-00004599,0
CUS-HAN-00004600,0
CUS-HAN-00004606,0
CUS-HAN-00004612,1
CUS-HAN-00004615,1
CUS-HAN-00004616,0
CUS-HAN-00004619,0
CUS-HAN-00004628,0
CUS-HAN-00004631,1
CUS-HAN-00004632,1
CUS-HAN-00004633,0
CUS-HAN-00004634,1
CUS-HAN-00004637,0
CUS-HAN-00004645,0
CUS-HAN-00004649,1
CUS-HAN-00004655,1
CUS-HAN-00004666,0
CUS-HAN-00004668,1
CUS-HAN-00004670,1
CUS-HAN-00004672,0
CUS-HAN-00004674,1
CUS-HAN-00004686,0
CUS-HAN-00004687,0
CUS-HAN-00004695,0
CUS-HAN-00004697,1
CUS-HAN-00004702,0
CUS-HAN-00004703,1
CUS-HAN-00004704,0
CUS-HAN-00004706,1
CUS-HAN-00004708,1
CUS-HAN-00004710,1
CUS-HAN-00004717,1
CUS-HAN-00004721,1
CUS-HAN-00004726,1
CUS-HAN-00004730,0
CUS-HAN-00004731,1
CUS-HAN-00004733,0
CUS-HAN-00004744,0
CUS-HAN-00004747,1
CUS-HAN-00004753,1
CUS-HAN-00004757,0
CUS-HAN-00004765,0
CUS-HAN-00004766,1
CUS-HAN-00004772,0
CUS-HAN-00004774,0
CUS-HAN-00004777,0
CUS-HAN-00004779,0
CUS-HAN-00004781,0
CUS-HAN-00004787,1
CUS-HAN-00004793,1
CUS-HAN-00004795,0
CUS-HAN-00004801,0
CUS-HAN-00004807,0
CUS-HAN-00004809,1
CUS-HAN-00004815,0
CUS-HAN-00004822,0
CUS-HAN-00004825,1
CUS-HAN-00004826,1
CUS-HAN-00004828,1
CUS-HAN-00004832,1
CUS-HAN-00004835,1
CUS-HAN-00004842,1
CUS-HAN-00004843,1
CUS-HAN-00004844,0
CUS-HAN-00004845,0
CUS-HAN-00004846,1
CUS-HAN-00004860,1
CUS-HAN-00004863,0
CUS-HAN-00004867,1
CUS-HAN-00004869,0
CUS-HAN-00004871,1
CUS-HAN-00004879,1
CUS-HAN-00004880,0
CUS-HAN-00004884,1
CUS-HAN-00004889,1
CUS-HAN-00004892,0
CUS-HAN-00004893,1
CUS-HAN-00004902,0
CUS-HAN-00004913,1
CUS-HAN-00004915,0
CUS-HAN-00004920,0
CUS-HAN-00004921,0
CUS-HAN-00004923,1
CUS-HAN-00004926,0
CUS-HAN-00004930,0
CUS-HAN-00004937,0
CUS-HAN-00004959,0
CUS-HAN-00004967,0
CUS-HAN-00004968,0
CUS-HAN-00004973,1
CUS-HAN-00004976,0
CUS-HAN-00004983,0
CUS-HAN-00004985,0
CUS-HAN-00004986,1
CUS-HAN-00004994,0
CUS-HAN-00004999,0
CUS-HAN-00005006,1
CUS-HAN-00005010,0
CUS-HAN-00005016,0
CUS-HAN-00005020,0
CUS-HAN-00005027,1
CUS-HAN-00005028,1
CUS-HAN-00005043,0
CUS-HAN-00005044,1
CUS-HAN-00005052,1
CUS-HAN-00005056,0
CUS-HAN-00005063,0
CUS-HAN-00005068,1
CUS-HAN-00005069,0
CUS-HAN-00005071,0
CUS-HAN-00005072,1
CUS-HAN-00005079,0
CUS-HAN-00005083,0
CUS-HAN-00005086,1
CUS-HAN-00005088,0
CUS-HAN-00005090,0
CUS-HAN-00005091,1
CUS-HAN-00005093,1
CUS-HAN-00005094,0
CUS-HAN-00005102,0
CUS-HAN-00005108,0
CUS-HAN-00005122,0
CUS-HAN-00005123,0
CUS-HAN-00005127,1
CUS-HAN-00005131,0
CUS-HAN-00005143,1
CUS-HAN-00005145,0
CUS-HAN-00005150,1
CUS-HAN-00005157,1
CUS-HAN-00005160,1
CUS-HAN-00005164,1
CUS-HAN-00005167,0
CUS-HAN-00005170,0
CUS-HAN-00005182,1
CUS-HAN-00005197,0
CUS-HAN-00005198,0
CUS-HAN-00005215,1
CUS-HAN-00005216,1
CUS-HAN-00005217,0
CUS-HAN-00005219,0
CUS-HAN-00005226,1
CUS-HAN-00005233,0
CUS-HAN-00005234,1
CUS-HAN-00005239,0
CUS-HAN-00005242,1
CUS-HAN-00005243,0
CUS-HAN-00005258,1
CUS-HAN-00005259,1
CUS-HAN-00005265,1
CUS-HAN-00005267,0
CUS-HAN-00005275,1
CUS-HAN-00005282,0
CUS-HAN-00005284,0
CUS-HAN-00005289,0
CUS-HAN-00005291,0
CUS-HAN-00005292,1
CUS-HAN-00005304,1
CUS-HAN-00005308,1
CUS-HAN-00005310,1
CUS-HAN-00005311,0
CUS-HAN-00005313,0
CUS-HAN-00005315,1
CUS-HAN-00005316,0
CUS-HAN-00005319,1
CUS-HAN-00005320,0
CUS-HAN-00005329,0
CUS-HAN-00005330,0
CUS-HAN-00005335,0
CUS-HAN-00005340,0
CUS-HAN-00005341,0
CUS-HAN-00005345,0
CUS-HAN-00005358,0
CUS-HAN-00005359,0
CUS-HAN-00005367,0
CUS-HAN-00005370,0
CUS-HAN-00005392,0
CUS-HAN-00005395,1
CUS-HAN-00005396,1
CUS-HAN-00005397,0
CUS-HAN-00005398,1
CUS-HAN-00005403,1
CUS-HAN-00005407,0
CUS-HAN-00005413,0
CUS-HAN-00005420,1
CUS-HAN-00005421,1
CUS-HAN-00005431,0
CUS-HAN-00005432,0
CUS-HAN-00005434,0
CUS-HAN-00005446,1
CUS-HAN-00005448,0
CUS-HAN-00005450,0
CUS-HAN-00005483,1
CUS-HAN-00005484,0
CUS-HAN-00005489,1
CUS-HAN-00005491,0
CUS-HAN-00005494,1
CUS-HAN-00005498,1
CUS-HAN-00005506,0
CUS-HAN-00005508,0
CUS-HAN-00005514,0
CUS-HAN-00005521,1
CUS-HAN-00005523,0
CUS-HAN-00005525,0
CUS-HAN-00005527,0
CUS-HAN-00005531,0
CUS-HAN-00005534,0
CUS-HAN-00005537,0
CUS-HAN-00005539,1
CUS-HAN-00005546,0
CUS-HAN-00005551,1
CUS-HAN-00005553,0
CUS-HAN-00005557,0
CUS-HAN-00005558,0
CUS-HAN-00005562,1
CUS-HAN-00005575,0
CUS-HAN-00005582,1
CUS-HAN-00005583,1
CUS-HAN-00005588,0
CUS-HAN-00005591,1
CUS-HAN-00005598,0
CUS-HAN-00005609,0
CUS-HAN-00005613,1
CUS-HAN-00005617,0
CUS-HAN-00005621,0
CUS-HAN-00005622,0
CUS-HAN-00005630,1
CUS-HAN-00005631,1
CUS-HAN-00005633,0
CUS-HAN-00005641,1
CUS-HAN-00005644,0
CUS-HAN-00005649,1
CUS-HAN-00005652,0
CUS-HAN-00005654,1
CUS-HAN-00005655,0
CUS-HAN-00005661,0
CUS-HAN-00005673,1
CUS-HAN-00005680,1
CUS-HAN-00005682,0
CUS-HAN-00005685,0
CUS-HAN-00005696,1
CUS-HAN-00005706,1
CUS-HAN-00005728,0
CUS-HAN-00005730,0
CUS-HAN-00005731,1
CUS-HAN-00005740,1
CUS-HAN-00005752,1
CUS-HAN-00005766,1
CUS-HAN-00005767,1
CUS-HAN-00005769,1
CUS-HAN-00005800,1
CUS-HAN-00005801,0
CUS-HAN-00005817,0
CUS-HAN-00005819,1
CUS-HAN-00005820,1
CUS-HAN-00005825,1
CUS-HAN-00005832,0
CUS-HAN-00005833,1
CUS-HAN-00005841,0
CUS-HAN-00005842,1
CUS-HAN-00005843,0
CUS-HAN-00005866,0
CUS-HAN-00005872,1
CUS-HAN-00005880,1
CUS-HAN-00005881,1
CUS-HAN-00005909,0
CUS-HAN-00005914,0
CUS-HAN-00005920,1
CUS-HAN-00005924,1
CUS-HAN-00005933,0
CUS-HAN-00005938,1
CUS-HAN-00005949,1
CUS-HAN-00005951,0
CUS-HAN-00005955,0
CUS-HAN-00005960,0
CUS-HAN-00005964,0
CUS-HAN-00005968,1
CUS-HAN-00005971,0
CUS-HAN-00005978,0
CUS-HAN-00005984,0
CUS-HAN-00005986,1
CUS-HAN-00005988,0
CUS-HAN-00005996,0
CUS-HAN-00006031,0
CUS-HAN-00006038,0
CUS-HAN-00006040,1
CUS-HAN-00006046,0
CUS-HAN-00006047,0
CUS-HAN-00006051,1
CUS-HAN-00006062,1
CUS-HAN-00006064,1
CUS-HAN-00006065,1
CUS-HAN-00006069,0
CUS-HAN-00006078,1
CUS-HAN-00006089,0
CUS-HAN-00006096,1
CUS-HAN-00006105,1
CUS-HAN-00006109,0
CUS-HAN-00006112,1
CUS-HAN-00006115,0
CUS-HAN-00006117,0
CUS-HAN-00006122,1
CUS-HAN-00006124,0
CUS-HAN-00006126,0
CUS-HAN-00006131,0
CUS-HAN-00006135,0
CUS-HAN-00006140,1
CUS-HAN-00006148,0
CUS-HAN-00006153,1
CUS-HAN-00006154,0
CUS-HAN-00006155,0
CUS-HAN-00006163,0
CUS-HAN-00006169,0
CUS-HAN-00006172,0
CUS-HAN-00006173,0
CUS-HAN-00006174,0
CUS-HAN-00006175,1
CUS-HAN-00006178,0
CUS-HAN-00006179,0
CUS-HAN-00006180,0
CUS-HAN-00006196,0
CUS-HAN-00006207,0
CUS-HAN-00006208,0
CUS-HAN-00006213,0
CUS-HAN-00006220,0
CUS-HAN-00006221,0
CUS-HAN-00006228,1
CUS-HAN-00006230,0
CUS-HAN-00006235,0
CUS-HAN-00006237,0
CUS-HAN-00006250,0
CUS-HAN-00006253,0
CUS-HAN-00006254,0
CUS-HAN-00006283,0
CUS-HAN-00006289,0
CUS-HAN-00006299,0
CUS-HAN-00006309,1
CUS-HAN-00006322,0
CUS-HAN-00006329,0
CUS-HAN-00006331,0
CUS-HAN-00006336,0
CUS-HAN-00006337,1
CUS-HAN-00006338,0
CUS-HAN-00006345,0
CUS-HAN-00006354,1
CUS-HAN-00006355,0
CUS-HAN-00006357,1
CUS-HAN-00006361,1
CUS-HAN-00006366,1
CUS-HAN-00006367,1
CUS-HAN-00006375,0
CUS-HAN-00006377,0
CUS-HAN-00006379,0
CUS-HAN-00006387,0
CUS-HAN-00006393,1
CUS-HAN-00006413,0
CUS-HAN-00006417,1
CUS-HAN-00006421,1
CUS-HAN-00006428,0
CUS-HAN-00006431,1
CUS-HAN-00006432,0
CUS-HAN-00006436,0
CUS-HAN-00006438,0
CUS-HAN-00006451,1
CUS-HAN-00006452,1
CUS-HAN-00006454,1
CUS-HAN-00006471,0
CUS-HAN-00006478,0
CUS-HAN-00006480,1
CUS-HAN-00006497,1
CUS-HAN-00006499,0
CUS-HAN-00006502,0
CUS-HAN-00006520,0
CUS-HAN-00006522,0
CUS-HAN-00006525,0
CUS-HAN-00006527,0
CUS-HAN-00006531,1
CUS-HAN-00006535,1
CUS-HAN-00006550,1
CUS-HAN-00006556,1
CUS-HAN-00006562,0
CUS-HAN-00006565,0
CUS-HAN-00006575,0
CUS-HAN-00006577,0
CUS-HAN-00006593,1
CUS-HAN-00006596,0
CUS-HAN-00006600,1
CUS-HAN-00006603,1
CUS-HAN-00006617,0
CUS-HAN-00006622,0
CUS-HAN-00006624,0
CUS-HAN-00006640,0
CUS-HAN-00006644,1
CUS-HAN-00006650,1
CUS-HAN-00006656,1
CUS-HAN-00006660,1
CUS-HAN-00006661,1
CUS-HAN-00006671,1
CUS-HAN-00006672,0
CUS-HAN-00006674,0
CUS-HAN-00006677,0
CUS-HAN-00006686,1
CUS-HAN-00006696,0
CUS-HAN-00006697,0
CUS-HAN-00006713,0
CUS-HAN-00006720,0
CUS-HAN-00006721,0
CUS-HAN-00006722,1
CUS-HAN-00006723,0
CUS-HAN-00006725,0
CUS-HAN-00006726,0
CUS-HAN-00006728,0
CUS-HAN-00006740,0
CUS-HAN-00006742,1
CUS-HAN-00006752,1
CUS-HAN-00006755,0
CUS-HAN-00006759,1
CUS-HAN-00006765,0
CUS-HAN-00006770,1
CUS-HAN-00006771,1
CUS-HAN-00006776,0
CUS-HAN-00006777,0
CUS-HAN-00006779,0
CUS-HAN-00006781,0
CUS-HAN-00006782,0
CUS-HAN-00006791,1
CUS-HAN-00006792,0
CUS-HAN-00006801,0
CUS-HAN-00006804,1
CUS-HAN-00006809,0
CUS-HAN-00006812,1
CUS-HAN-00006813,0
CUS-HAN-00006835,0
CUS-HAN-00006844,1
CUS-HAN-00006848,0
CUS-HAN-00006852,1
CUS-HAN-00006854,0
CUS-HAN-00006856,1
CUS-HAN-00006858,1
CUS-HAN-00006864,1
CUS-HAN-00006866,0
CUS-HAN-00006873,0
CUS-HAN-00006874,1
CUS-HAN-00006878,1
CUS-HAN-00006883,1
CUS-HAN-00006887,0
CUS-HAN-00006892,1
CUS-HAN-00006901,0
CUS-HAN-00006904,0
CUS-HAN-00006910,1
CUS-HAN-00006917,1
CUS-HAN-00006919,0
CUS-HAN-00006923,0
CUS-HAN-00006925,1
CUS-HAN-00006929,1
CUS-HAN-00006940,0
CUS-HAN-00006945,1
CUS-HAN-00006957,1
CUS-HAN-00006959,0
CUS-HAN-00006961,1
CUS-HAN-00006964,1
CUS-HAN-00006972,0
CUS-HAN-00006983,0
CUS-HAN-00006985,1
CUS-HAN-00006998,0
CUS-HAN-00007017,0
CUS-HAN-00007023,0
CUS-HAN-00007047,1
CUS-HAN-00007048,1
CUS-HAN-00007050,1
CUS-HAN-00007053,0
CUS-HAN-00007054,0
CUS-HAN-00007056,0
CUS-HAN-00007060,1
CUS-HAN-00007063,0
CUS-HAN-00007065,1
CUS-HAN-00007069,0
CUS-HAN-00007073,0
CUS-HAN-00007088,1
CUS-HAN-00007090,1
CUS-HAN-00007098,1
CUS-HAN-00007101,1
CUS-HAN-00007105,1
CUS-HAN-00007109,0
CUS-HAN-00007117,0
CUS-HAN-00007121,1
CUS-HAN-00007125,0
CUS-HAN-00007127,0
CUS-HAN-00007130,0
CUS-HAN-00007134,1
CUS-HAN-00007135,0
CUS-HAN-00007141,0
CUS-HAN-00007147,0
CUS-HAN-00007162,0
CUS-HAN-00007166,1
CUS-HAN-00007175,0
CUS-HAN-00007180,1
CUS-HAN-00007182,0
CUS-HAN-00007184,0
CUS-HAN-00007186,0
CUS-HAN-00007188,0
CUS-HAN-00007192,1
CUS-HAN-00007201,0
CUS-HAN-00007202,0
CUS-HAN-00007206,0
CUS-HAN-00007219,0
CUS-HAN-00007228,0
CUS-HAN-00007231,1
CUS-HAN-00007234,0
CUS-HAN-00007237,0
CUS-HAN-00007242,0
CUS-HAN-00007257,1
CUS-HAN-00007267,0
CUS-HAN-00007270,0
CUS-HAN-00007277,0
CUS-HAN-00007291,0
CUS-HAN-00007310,0
CUS-HAN-00007311,0
CUS-HAN-00007312,0
CUS-HAN-00007313,0
CUS-HAN-00007315,0
CUS-HAN-00007320,1
CUS-HAN-00007323,0
CUS-HAN-00007326,0
CUS-HAN-00007328,1
CUS-HAN-00007329,0
CUS-HAN-00007330,0
CUS-HAN-00007333,0
CUS-HAN-00007335,0
CUS-HAN-00007342,0
CUS-HAN-00007345,0
CUS-HAN-00007347,0
CUS-HAN-00007356,0
CUS-HAN-00007359,0
CUS-HAN-00007371,0
CUS-HAN-00007379,0
CUS-HAN-00007380,0
CUS-HAN-00007381,0
CUS-HAN-00007382,0
CUS-HAN-00007397,1
CUS-HAN-00007398,1
CUS-HAN-00007403,0
CUS-HAN-00007423,0
CUS-HAN-00007436,0
CUS-HAN-00007438,0
CUS-HAN-00007448,0
CUS-HAN-00007452,0
CUS-HAN-00007453,0
CUS-HAN-00007473,1
CUS-HAN-00007475,1
CUS-HAN-00007478,1
CUS-HAN-00007479,0
CUS-HAN-00007485,0
CUS-HAN-00007497,0
CUS-HAN-00007504,1
CUS-HAN-00007519,1
CUS-HAN-00007522,0
CUS-HAN-00007529,0
CUS-HAN-00007533,1
CUS-HAN-00007535,1
CUS-HAN-00007542,1
CUS-HAN-00007546,1
CUS-HAN-00007553,0
CUS-HAN-00007557,0
CUS-HAN-00007558,0
CUS-HAN-00007562,0
CUS-HAN-00007564,0
CUS-HAN-00007565,0
CUS-HAN-00007574,0
CUS-HAN-00007580,0
CUS-HAN-00007586,1
CUS-HAN-00007590,0
CUS-HAN-00007591,0
CUS-HAN-00007597,0
CUS-HAN-00007599,1
CUS-HAN-00007609,0
CUS-HAN-00007614,1
CUS-HAN-00007615,1
CUS-HAN-00007617,0
CUS-HAN-00007621,0
CUS-HAN-00007625,0
CUS-HAN-00007640,1
CUS-HAN-00007643,1
CUS-HAN-00007648,0
CUS-HAN-00007649,0
CUS-HAN-00007661,1
CUS-HAN-00007668,0
CUS-HAN-00007674,1
CUS-HAN-00007689,1
CUS-HAN-00007690,1
CUS-HAN-00007692,0
CUS-HAN-00007693,0
CUS-HAN-00007697,0
CUS-HAN-00007705,1
CUS-HAN-00007709,1
CUS-HAN-00007711,1
CUS-HAN-00007713,1
CUS-HAN-00007715,0
CUS-HAN-00007720,1
CUS-HAN-00007724,1
CUS-HAN-00007726,0
CUS-HAN-00007732,1
CUS-HAN-00007733,0
CUS-HAN-00007736,0
CUS-HAN-00007738,0
CUS-HAN-00007740,0
CUS-HAN-00007749,0
CUS-HAN-00007755,1
CUS-HAN-00007759,1
CUS-HAN-00007761,0
CUS-HAN-00007764,0
CUS-HAN-00007768,0
CUS-HAN-00007776,0
CUS-HAN-00007782,0
CUS-HAN-00007785,1
CUS-HAN-00007794,1
CUS-HAN-00007799,0
CUS-HAN-00007800,0
CUS-HAN-00007803,0
CUS-HAN-00007808,0
CUS-HAN-00007816,0
CUS-HAN-00007823,1
CUS-HAN-00007836,0
CUS-HAN-00007840,1
CUS-HAN-00007846,0
CUS-HAN-00007848,0
CUS-HAN-00007881,0
CUS-HAN-00007883,0
CUS-HAN-00007886,1
CUS-HAN-00007887,0
CUS-HAN-00007895,1
CUS-HAN-00007900,1
CUS-HAN-00007901,0
CUS-HAN-00007910,0
CUS-HAN-00007913,0
CUS-HAN-00007920,0
CUS-HAN-00007922,0
CUS-HAN-00007928,1
CUS-HAN-00007931,1
CUS-HAN-00007936,0
CUS-HAN-00007942,0
CUS-HAN-00007948,0
CUS-HAN-00007949,1
CUS-HAN-00007957,0
CUS-HAN-00007980,0
CUS-HAN-00007981,0
CUS-HAN-00007996,0
CUS-HAN-00008003,0
CUS-HAN-00008014,1
CUS-HAN-00008019,0
CUS-HAN-00008024,1
CUS-HAN-00008027,0
CUS-HAN-00008032,0
CUS-HAN-00008034,1
CUS-HAN-00008037,0
CUS-HAN-00008042,1
CUS-HAN-00008051,1
CUS-HAN-00008058,0
CUS-HAN-00008068,0
CUS-HAN-00008071,1
CUS-HAN-00008074,0
CUS-HAN-00008091,0
CUS-HAN-00008111,0
CUS-HAN-00008118,1
CUS-HAN-00008119,1
CUS-HAN-00008121,0
CUS-HAN-00008126,0
CUS-HAN-00008127,0
CUS-HAN-00008130,1
CUS-HAN-00008136,0
CUS-HAN-00008140,1
CUS-HAN-00008141,1
CUS-HAN-00008143,1
CUS-HAN-00008144,0
CUS-HAN-00008160,0
CUS-HAN-00008161,1
CUS-HAN-00008165,0
CUS-HAN-00008170,1
CUS-HAN-00008180,0
CUS-HAN-00008185,0
CUS-HAN-00008187,0
CUS-HAN-00008188,1
CUS-HAN-00008199,1
CUS-HAN-00008205,0
CUS-HAN-00008206,1
CUS-HAN-00008207,0
CUS-HAN-00008208,0
CUS-HAN-00008211,0
CUS-HAN-00008219,0
CUS-HAN-00008221,1
CUS-HAN-00008223,0
CUS-HAN-00008240,1
CUS-HAN-00008244,0
CUS-HAN-00008249,0
CUS-HAN-00008251,1
CUS-HAN-00008261,0
CUS-HAN-00008270,0
CUS-HAN-00008276,0
CUS-HAN-00008277,1
CUS-HAN-00008280,0
CUS-HAN-00008283,0
CUS-HAN-00008287,0
CUS-HAN-00008289,1
CUS-HAN-00008296,0
CUS-HAN-00008298,1
CUS-HAN-00008300,0
CUS-HAN-00008302,0
CUS-HAN-00008309,0
CUS-HAN-00008312,1
CUS-HAN-00008314,1
CUS-HAN-00008319,1
CUS-HAN-00008320,0
CUS-HAN-00008339,0
CUS-HAN-00008344,0
CUS-HAN-00008364,0
CUS-HAN-00008369,0
CUS-HAN-00008371,1
CUS-HAN-00008374,1
CUS-HAN-00008379,1
CUS-HAN-00008380,0
CUS-HAN-00008384,1
CUS-HAN-00008386,0
CUS-HAN-00008389,1
CUS-HAN-00008392,0
CUS-HAN-00008393,0
CUS-HAN-00008414,1
CUS-HAN-00008419,1
CUS-HAN-00008421,0
CUS-HAN-00008425,1
CUS-HAN-00008437,0
CUS-HAN-00008442,0
CUS-HAN-00008443,0
CUS-HAN-00008444,1
CUS-HAN-00008447,1
CUS-HAN-00008467,0
CUS-HAN-00008470,1
CUS-HAN-00008471,0
CUS-HAN-00008473,1
CUS-HAN-00008475,0
CUS-HAN-00008478,0
CUS-HAN-00008479,1
CUS-HAN-00008493,0
CUS-HAN-00008506,1
CUS-HAN-00008511,1
CUS-HAN-00008515,0
CUS-HAN-00008522,0
CUS-HAN-00008524,0
CUS-HAN-00008543,1
CUS-HAN-00008545,0
CUS-HAN-00008559,1
CUS-HAN-00008561,0
CUS-HAN-00008565,0
CUS-HAN-00008566,1
CUS-HAN-00008574,0
CUS-HAN-00008582,0
CUS-HAN-00008586,0
CUS-HAN-00008588,0
CUS-HAN-00008599,0
CUS-HAN-00008600,1
CUS-HAN-00008603,0
CUS-HAN-00008606,1
CUS-HAN-00008625,1
CUS-HAN-00008627,0
CUS-HAN-00008629,0
CUS-HAN-00008638,0
CUS-HAN-00008641,1
CUS-HAN-00008644,1
CUS-HAN-00008645,1
CUS-HAN-00008646,0
CUS-HAN-00008651,0
CUS-HAN-00008655,1
CUS-HAN-00008660,0
CUS-HAN-00008661,0
CUS-HAN-00008662,1
CUS-HAN-00008672,0
CUS-HAN-00008692,0
CUS-HAN-00008698,1
CUS-HAN-00008701,0
CUS-HAN-00008704,0
CUS-HAN-00008706,0
CUS-HAN-00008710,0
CUS-HAN-00008728,1
CUS-HAN-00008730,0
CUS-HAN-00008733,1
CUS-HAN-00008736,0
CUS-HAN-00008738,1
CUS-HAN-00008746,0
CUS-HAN-00008752,1
CUS-HAN-00008759,1
CUS-HAN-00008765,1
CUS-HAN-00008766,1
CUS-HAN-00008777,0
CUS-HAN-00008789,0
CUS-HAN-00008793,0
CUS-HAN-00008800,1
CUS-HAN-00008802,0
CUS-HAN-00008816,0
CUS-HAN-00008821,1
CUS-HAN-00008822,0
CUS-HAN-00008835,1
CUS-HAN-00008851,0
CUS-HAN-00008862,0
CUS-HAN-00008868,0
CUS-HAN-00008869,0
CUS-HAN-00008876,1
CUS-HAN-00008895,1
CUS-HAN-00008898,0
CUS-HAN-00008899,1
CUS-HAN-00008904,0
CUS-HAN-00008907,1
CUS-HAN-00008909,0
CUS-HAN-00008911,0
CUS-HAN-00008914,0
CUS-HAN-00008915,1
CUS-HAN-00008921,0
CUS-HAN-00008924,0
CUS-HAN-00008925,0
CUS-HAN-00008929,1
CUS-HAN-00008930,0
CUS-HAN-00008932,0
CUS-HAN-00008939,0
CUS-HAN-00008949,0
CUS-HAN-00008951,0
CUS-HAN-00008953,0
CUS-HAN-00008956,1
CUS-HAN-00008962,0
CUS-HAN-00008965,0
CUS-HAN-00008968,1
CUS-HAN-00008972,1
CUS-HAN-00008975,0
CUS-HAN-00008987,0
CUS-HAN-00008990,0
CUS-HAN-00008994,1
CUS-HAN-00008995,1
CUS-HAN-00009011,0
CUS-HAN-00009014,1
CUS-HAN-00009018,0
CUS-HAN-00009021,0
CUS-HAN-00009031,0
CUS-HAN-00009033,0
CUS-HAN-00009036,0
CUS-HAN-00009039,0
CUS-HAN-00009043,0
CUS-HAN-00009045,0
CUS-HAN-00009048,0
CUS-HAN-00009050,0
CUS-HAN-00009067,1
CUS-HAN-00009070,0
CUS-HAN-00009072,0
CUS-HAN-00009080,0
CUS-HAN-00009082,1
CUS-HAN-00009090,0
CUS-HAN-00009098,1
CUS-HAN-00009101,0
CUS-HAN-00009108,1
CUS-HAN-00009110,0
CUS-HAN-00009112,0
CUS-HAN-00009115,1
CUS-HAN-00009124,1
CUS-HAN-00009129,1
CUS-HAN-00009133,1
CUS-HAN-00009139,0
CUS-HAN-00009141,0
CUS-HAN-00009149,1
CUS-HAN-00009151,1
CUS-HAN-00009152,0
CUS-HAN-00009160,0
CUS-HAN-00009161,1
CUS-HAN-00009166,1
CUS-HAN-00009170,1
CUS-HAN-00009181,0
CUS-HAN-00009183,1
CUS-HAN-00009192,0
CUS-HAN-00009199,0
CUS-HAN-00009203,0
CUS-HAN-00009204,0
CUS-HAN-00009208,1
CUS-HAN-00009212,0
CUS-HAN-00009222,0
CUS-HAN-00009223,0
CUS-HAN-00009230,1
CUS-HAN-00009236,1
CUS-HAN-00009237,0
CUS-HAN-00009241,0
CUS-HAN-00009245,0
CUS-HAN-00009248,1
CUS-HAN-00009252,0
CUS-HAN-00009259,1
CUS-HAN-00009260,1
CUS-HAN-00009279,1
CUS-HAN-00009289,0
CUS-HAN-00009291,0
CUS-HAN-00009296,1
CUS-HAN-00009302,0
CUS-HAN-00009309,0
CUS-HAN-00009318,1
CUS-HAN-00009322,1
CUS-HAN-00009333,1
CUS-HAN-00009337,0
CUS-HAN-00009340,0
CUS-HAN-00009347,1
CUS-HAN-00009353,0
CUS-HAN-00009356,1
CUS-HAN-00009361,1
CUS-HAN-00009362,0
CUS-HAN-00009379,0
CUS-HAN-00009382,0
CUS-HAN-00009411,0
CUS-HAN-00009412,0
CUS-HAN-00009417,0
CUS-HAN-00009428,1
CUS-HAN-00009437,0
CUS-HAN-00009444,1
CUS-HAN-00009446,1
CUS-HAN-00009450,1
CUS-HAN-00009463,0
CUS-HAN-00009475,1
CUS-HAN-00009479,1
CUS-HAN-00009482,0
CUS-HAN-00009491,1
CUS-HAN-00009512,1
CUS-HAN-00009518,0
CUS-HAN-00009519,0
CUS-HAN-00009536,0
CUS-HAN-00009543,0
CUS-HAN-00009546,0
CUS-HAN-00009557,1
CUS-HAN-00009573,0
CUS-HAN-00009587,0
CUS-HAN-00009598,1
CUS-HAN-00009604,1
CUS-HAN-00009610,0
CUS-HAN-00009616,1
CUS-HAN-00009628,1
CUS-HAN-00009634,0
CUS-HAN-00009640,1
CUS-HAN-00009647,1
CUS-HAN-00009657,0
CUS-HAN-00009660,0
CUS-HAN-00009661,0
CUS-HAN-00009671,1
CUS-HAN-00009675,0
CUS-HAN-00009679,0
CUS-HAN-00009680,1
CUS-HAN-00009684,1
CUS-HAN-00009691,0
CUS-HAN-00009696,1
CUS-HAN-00009698,1
CUS-HAN-00009704,0
CUS-HAN-00009705,0
CUS-HAN-00009712,0
CUS-HAN-00009724,1
CUS-HAN-00009731,1
CUS-HAN-00009732,1
CUS-HAN-00009742,0
CUS-HAN-00009753,0
CUS-HAN-00009756,1
CUS-HAN-00009764,0
CUS-HAN-00009771,0
CUS-HAN-00009788,1
CUS-HAN-00009798,1
CUS-HAN-00009800,1
CUS-HAN-00009809,1
CUS-HAN-00009811,0
CUS-HAN-00009812,0
CUS-HAN-00009819,0
CUS-HAN-00009824,1
CUS-HAN-00009825,0
CUS-HAN-00009848,0
CUS-HAN-00009849,0
CUS-HAN-00009853,0
CUS-HAN-00009866,1
CUS-HAN-00009876,1
CUS-HAN-00009880,1
CUS-HAN-00009884,0
CUS-HAN-00009909,1
CUS-HAN-00009915,0
CUS-HAN-00009916,0
CUS-HAN-00009918,0
CUS-HAN-00009936,0
CUS-HAN-00009937,0
CUS-HAN-00009938,1
CUS-HAN-00009945,0
CUS-HAN-00009959,0
CUS-HAN-00009960,0
CUS-HAN-00009967,0
CUS-HAN-00009974,1
CUS-HAN-00009981,0
CUS-HAN-00009989,1
CUS-HAN-00009990,0
CUS-HAN-00009991,1
CUS-HAN-00009992,0
CUS-HAN-00009993,0
CUS-HAN-00009995,1
CUS-HAN-00009996,0
CUS-HAN-00009997,1
CUS-HAN-00009999,0
CUS-HAN-00010005,0
CUS-HAN-00010007,0
CUS-HAN-00010010,0
CUS-HAN-00010022,1
CUS-HAN-00010023,0
CUS-HAN-00010045,0
CUS-HAN-00010048,0
CUS-HAN-00010054,0
CUS-HAN-00010058,1
CUS-HAN-00010067,0
CUS-HAN-00010073,0
CUS-HAN-00010106,0
CUS-HAN-00010107,1
CUS-HAN-00010110,0
CUS-HAN-00010111,1
CUS-HAN-00010112,0
CUS-HAN-00010113,0
CUS-HAN-00010116,0
CUS-HAN-00010120,1
CUS-HAN-00010126,0
CUS-HAN-00010130,0
CUS-HAN-00010139,0
CUS-HAN-00010143,1
CUS-HAN-00010149,1
CUS-HAN-00010154,1
CUS-HAN-00010155,1
CUS-HAN-00010156,1
CUS-HAN-00010159,0
CUS-HAN-00010163,0
CUS-HAN-00010172,0
CUS-HAN-00010188,0
CUS-HAN-00010193,0
CUS-HAN-00010203,0
CUS-HAN-00010210,1
CUS-HAN-00010212,0
CUS-HAN-00010230,0
CUS-HAN-00010233,0
CUS-HAN-00010234,0
CUS-HAN-00010239,1
CUS-HAN-00010240,0
CUS-HAN-00010241,1
CUS-HAN-00010244,1
CUS-HAN-00010245,0
CUS-HAN-00010248,1
CUS-HAN-00010254,0
CUS-HAN-00010256,0
CUS-HAN-00010258,1
CUS-HAN-00010259,0
CUS-HAN-00010265,1
CUS-HAN-00010266,0
CUS-HAN-00010268,1
CUS-HAN-00010274,1
CUS-HAN-00010283,0
CUS-HAN-00010291,1
CUS-HAN-00010294,1
CUS-HAN-00010298,0
CUS-HAN-00010317,0
CUS-HAN-00010320,0
CUS-HAN-00010329,0
CUS-HAN-00010331,0
CUS-HAN-00010339,1
CUS-HAN-00010345,0
CUS-HAN-00010349,0
CUS-HAN-00010368,0
CUS-HAN-00010386,0
CUS-HAN-00010396,1
CUS-HAN-00010398,1
CUS-HAN-00010415,0
CUS-HAN-00010423,0
CUS-HAN-00010429,0
CUS-HAN-00010433,0
CUS-HAN-00010435,1
CUS-HAN-00010440,1
CUS-HAN-00010441,0
CUS-HAN-00010442,0
CUS-HAN-00010450,0
CUS-HAN-00010455,1
CUS-HAN-00010459,0
CUS-HAN-00010467,1
CUS-HAN-00010475,1
CUS-HAN-00010478,0
CUS-HAN-00010494,0
CUS-HAN-00010497,0
CUS-HAN-00010501,0
CUS-HAN-00010514,0
CUS-HAN-00010526,0
CUS-HAN-00010533,0
CUS-HAN-00010536,0
CUS-HAN-00010548,1
CUS-HAN-00010557,1
CUS-HAN-00010561,0
CUS-HAN-00010566,0
CUS-HAN-00010569,0
CUS-HAN-00010573,0
CUS-HAN-00010574,1
CUS-HAN-00010578,1
CUS-HAN-00010582,0
CUS-HAN-00010585,0
CUS-HAN-00010594,1
CUS-HAN-00010605,0
CUS-HAN-00010607,1
CUS-HAN-00010616,0
CUS-HAN-00010617,1
CUS-HAN-00010622,1
CUS-HAN-00010632,1
CUS-HAN-00010640,0
CUS-HAN-00010646,0
CUS-HAN-00010652,1
CUS-HAN-00010655,0
CUS-HAN-00010667,1
CUS-HAN-00010673,1
CUS-HAN-00010680,0
CUS-HAN-00010702,0
CUS-HAN-00010712,1
CUS-HAN-00010716,1
CUS-HAN-00010722,0
CUS-HAN-00010737,0
CUS-HAN-00010738,0
CUS-HAN-00010740,1
CUS-HAN-00010749,1
CUS-HAN-00010751,0
CUS-HAN-00010766,0
CUS-HAN-00010768,0
CUS-HAN-00010772,0
CUS-HAN-00010773,0
CUS-HAN-00010776,0
CUS-HAN-00010798,0
CUS-HAN-00010807,0
CUS-HAN-00010808,0
CUS-HAN-00010811,0
CUS-HAN-00010813,0
CUS-HAN-00010820,0
CUS-HAN-00010824,0
CUS-HAN-00010825,0
CUS-HAN-00010830,0
CUS-HAN-00010833,1
CUS-HAN-00010835,0
CUS-HAN-00010837,1
CUS-HAN-00010852,0
CUS-HAN-00010856,1
CUS-HAN-00010861,0
CUS-HAN-00010863,0
CUS-HAN-00010879,1
CUS-HAN-00010889,1
CUS-HAN-00010891,0
CUS-HAN-00010897,1
CUS-HAN-00010902,0
CUS-HAN-00010903,1
CUS-HAN-00010917,0
CUS-HAN-00010924,0
CUS-HAN-00010925,1
CUS-HAN-00010930,0
CUS-HAN-00010935,1
CUS-HAN-00010939,0
CUS-HAN-00010951,0
CUS-HAN-00010953,0
CUS-HAN-00010970,0
CUS-HAN-00010974,0
CUS-HAN-00010976,0
CUS-HAN-00010981,0
CUS-HAN-00010982,1
CUS-HAN-00010997,0
CUS-HAN-00011009,1
CUS-HAN-00011014,1
CUS-HAN-00011018,0
CUS-HAN-00011021,0
CUS-HAN-00011031,1
CUS-HAN-00011042,0
CUS-HAN-00011044,0
CUS-HAN-00011048,1
CUS-HAN-00011049,0
CUS-HAN-00011052,0
CUS-HAN-00011054,1
CUS-HAN-00011055,1
CUS-HAN-00011061,0
CUS-HAN-00011064,0
CUS-HAN-00011066,0
CUS-HAN-00011068,1
CUS-HAN-00011069,0
CUS-HAN-00011070,0
CUS-HAN-00011074,1
CUS-HAN-00011076,0
CUS-HAN-00011085,0
CUS-HAN-00011094,1
CUS-HAN-00011100,1
CUS-HAN-00011109,0
CUS-HAN-00011110,1
CUS-HAN-00011111,0
CUS-HAN-00011114,1
CUS-HAN-00011118,1
CUS-HAN-00011119,1
CUS-HAN-00011126,0
CUS-HAN-00011127,1
CUS-HAN-00011132,0
CUS-HAN-00011141,0
CUS-HAN-00011142,0
CUS-HAN-00011177,0
CUS-HAN-00011186,0
CUS-HAN-00011190,0
CUS-HAN-00011191,1
CUS-HAN-00011213,1
CUS-HAN-00011218,0
CUS-HAN-00011221,0
CUS-HAN-00011227,0
CUS-HAN-00011237,1
CUS-HAN-00011258,0
CUS-HAN-00011264,0
CUS-HAN-00011271,1
CUS-HAN-00011272,1
CUS-HAN-00011276,1
CUS-HAN-00011279,0
CUS-HAN-00011280,0
CUS-HAN-00011286,0
CUS-HAN-00011289,0
CUS-HAN-00011292,1
CUS-HAN-00011311,0
CUS-HAN-00011317,0
CUS-HAN-00011321,0
CUS-HAN-00011322,0
CUS-HAN-00011326,1
CUS-HAN-00011333,0
CUS-HAN-00011334,0
CUS-HAN-00011343,1
CUS-HAN-00011349,0
CUS-HAN-00011352,0
CUS-HAN-00011364,1
CUS-HAN-00011372,1
CUS-HAN-00011378,0
CUS-HAN-00011380,0
CUS-HAN-00011385,0
CUS-HAN-00011390,0
CUS-HAN-00011391,0
CUS-HAN-00011394,1
CUS-HAN-00011406,1
CUS-HAN-00011408,1
CUS-HAN-00011437,0
CUS-HAN-00011441,1
CUS-HAN-00011442,0
CUS-HAN-00011445,0
CUS-HAN-00011453,1
CUS-HAN-00011462,1
CUS-HAN-00011464,0
CUS-HAN-00011467,1
CUS-HAN-00011468,1
CUS-HAN-00011471,0
CUS-HAN-00011472,1
CUS-HAN-00011485,1
CUS-HAN-00011496,0
CUS-HAN-00011500,0
CUS-HAN-00011506,1
CUS-HAN-00011510,0
CUS-HAN-00011511,0
CUS-HAN-00011516,0
CUS-HAN-00011518,0
CUS-HAN-00011521,0
CUS-HAN-00011543,1
CUS-HAN-00011545,0
CUS-HAN-00011548,0
CUS-HAN-00011549,1
CUS-HAN-00011556,0
CUS-HAN-00011563,0
CUS-HAN-00011566,1
CUS-HAN-00011569,0
CUS-HAN-00011573,0
CUS-HAN-00011577,1
CUS-HAN-00011583,1
CUS-HAN-00011584,1
CUS-HAN-00011591,0
CUS-HAN-00011595,1
CUS-HAN-00011596,0
CUS-HAN-00011597,0
CUS-HAN-00011608,0
CUS-HAN-00011617,1
CUS-HAN-00011619,0
CUS-HAN-00011622,0
CUS-HAN-00011626,1
CUS-HAN-00011629,1
CUS-HAN-00011643,0
CUS-HAN-00011648,0
CUS-HAN-00011649,0
CUS-HAN-00011651,0
CUS-HAN-00011657,1
CUS-HAN-00011662,1
CUS-HAN-00011663,0
CUS-HAN-00011664,1
CUS-HAN-00011671,0
CUS-HAN-00011677,1
CUS-HAN-00011680,0
CUS-HAN-00011681,0
CUS-HAN-00011695,0
CUS-HAN-00011701,1
CUS-HAN-00011706,0
CUS-HAN-00011714,0
CUS-HAN-00011717,0
CUS-HAN-00011724,0
CUS-HAN-00011732,0
CUS-HAN-00011739,0
CUS-HAN-00011742,0
CUS-HAN-00011744,0
CUS-HAN-00011745,1
CUS-HAN-00011747,1
CUS-HAN-00011749,0
CUS-HAN-00011758,0
CUS-HAN-00011759,0
CUS-HAN-00011761,1
CUS-HAN-00011771,1
CUS-HAN-00011773,0
CUS-HAN-00011778,1
CUS-HAN-00011779,1
CUS-HAN-00011788,1
CUS-HAN-00011798,1
CUS-HAN-00011800,0
CUS-HAN-00011802,0
CUS-HAN-00011822,1
CUS-HAN-00011826,0
CUS-HAN-00011834,0
CUS-HAN-00011853,0
CUS-HAN-00011856,1
CUS-HAN-00011865,0
CUS-HAN-00011867,0
CUS-HAN-00011876,0
CUS-HAN-00011885,0
CUS-HAN-00011886,0
CUS-HAN-00011897,0
CUS-HAN-00011899,0
CUS-HAN-00011902,0
CUS-HAN-00011904,0
CUS-HAN-00011905,1
CUS-HAN-00011909,0
CUS-HAN-00011920,0
CUS-HAN-00011926,0
CUS-HAN-00011927,1
CUS-HAN-00011939,0
CUS-HAN-00011948,1
CUS-HAN-00011950,0
CUS-HAN-00011952,0
CUS-HAN-00011968,0
CUS-HAN-00011970,0
CUS-HAN-00011974,0
CUS-HAN-00011986,0
CUS-HAN-00011994,1
CUS-HAN-00011998,0
CUS-HCM-00000005,0
CUS-HCM-00000009,1
CUS-HCM-00000016,0
CUS-HCM-00000018,0
CUS-HCM-00000026,0
CUS-HCM-00000028,0
CUS-HCM-00000029,1
CUS-HCM-00000036,0
CUS-HCM-00000037,0
CUS-HCM-00000039,0
CUS-HCM-00000050,1
CUS-HCM-00000051,0
CUS-HCM-00000052,0
CUS-HCM-00000059,1
CUS-HCM-00000060,0
CUS-HCM-00000069,0
CUS-HCM-00000071,0
CUS-HCM-00000074,1
CUS-HCM-00000075,0
CUS-HCM-00000084,0
CUS-HCM-00000085,0
CUS-HCM-00000086,0
CUS-HCM-00000089,0
CUS-HCM-00000091,1
CUS-HCM-00000098,0
CUS-HCM-00000099,1
CUS-HCM-00000103,1
CUS-HCM-00000109,1
CUS-HCM-00000112,1
CUS-HCM-00000115,0
CUS-HCM-00000123,0
CUS-HCM-00000125,1
CUS-HCM-00000128,0
CUS-HCM-00000129,0
CUS-HCM-00000131,0
CUS-HCM-00000136,1
CUS-HCM-00000140,0
CUS-HCM-00000146,1
CUS-HCM-00000150,0
CUS-HCM-00000153,0
CUS-HCM-00000155,0
CUS-HCM-00000161,0
CUS-HCM-00000163,0
CUS-HCM-00000164,1
CUS-HCM-00000173,1
CUS-HCM-00000175,1
CUS-HCM-00000176,0
CUS-HCM-00000188,0
CUS-HCM-00000190,0
CUS-HCM-00000192,0
CUS-HCM-00000193,0
CUS-HCM-00000195,1
CUS-HCM-00000196,1
CUS-HCM-00000199,0
CUS-HCM-00000204,0
CUS-HCM-00000205,1
CUS-HCM-00000206,0
CUS-HCM-00000207,1
CUS-HCM-00000209,0
CUS-HCM-00000213,0
CUS-HCM-00000217,1
CUS-HCM-00000218,1
CUS-HCM-00000227,1
CUS-HCM-00000230,0
CUS-HCM-00000231,1
CUS-HCM-00000239,0
CUS-HCM-00000240,0
CUS-HCM-00000243,0
CUS-HCM-00000254,0
CUS-HCM-00000255,0
CUS-HCM-00000258,0
CUS-HCM-00000259,0
CUS-HCM-00000261,1
CUS-HCM-00000264,1
CUS-HCM-00000266,1
CUS-HCM-00000268,0
CUS-HCM-00000269,0
CUS-HCM-00000270,0
CUS-HCM-00000271,1
CUS-HCM-00000272,0
CUS-HCM-00000273,1
CUS-HCM-00000281,0
CUS-HCM-00000282,1
CUS-HCM-00000283,0
CUS-HCM-00000284,1
CUS-HCM-00000287,0
CUS-HCM-00000290,1
CUS-HCM-00000292,0
CUS-HCM-00000294,0
CUS-HCM-00000302,1
CUS-HCM-00000309,0
CUS-HCM-00000310,0
CUS-HCM-00000313,1
CUS-HCM-00000332,0
CUS-HCM-00000335,1
CUS-HCM-00000337,0
CUS-HCM-00000339,0
CUS-HCM-00000341,0
CUS-HCM-00000348,0
CUS-HCM-00000350,1
CUS-HCM-00000352,1
CUS-HCM-00000362,1
CUS-HCM-00000363,0
CUS-HCM-00000364,0
CUS-HCM-00000375,0
CUS-HCM-00000376,0
CUS-HCM-00000389,0
CUS-HCM-00000392,0
CUS-HCM-00000395,1
CUS-HCM-00000404,0
CUS-HCM-00000409,0
CUS-HCM-00000413,1
CUS-HCM-00000415,0
CUS-HCM-00000416,0
CUS-HCM-00000417,1
CUS-HCM-00000419,0
CUS-HCM-00000422,1
CUS-HCM-00000423,0
CUS-HCM-00000424,0
CUS-HCM-00000427,0
CUS-HCM-00000429,1
CUS-HCM-00000435,0
CUS-HCM-00000436,1
CUS-HCM-00000437,1
CUS-HCM-00000442,0
CUS-HCM-00000444,0
CUS-HCM-00000449,1
CUS-HCM-00000451,1
CUS-HCM-00000454,0
CUS-HCM-00000455,1
CUS-HCM-00000456,0
CUS-HCM-00000462,1
CUS-HCM-00000469,1
CUS-HCM-00000473,1
CUS-HCM-00000474,0
CUS-HCM-00000482,0
CUS-HCM-00000485,0
CUS-HCM-00000488,1
CUS-HCM-00000510,0
CUS-HCM-00000511,0
CUS-HCM-00000513,0
CUS-HCM-00000516,0
CUS-HCM-00000519,1
CUS-HCM-00000523,1
CUS-HCM-00000525,0
CUS-HCM-00000535,1
CUS-HCM-00000536,0
CUS-HCM-00000538,0
CUS-HCM-00000539,1
CUS-HCM-00000545,1
CUS-HCM-00000548,0
CUS-HCM-00000552,0
CUS-HCM-00000553,1
CUS-HCM-00000555,0
CUS-HCM-00000556,1
CUS-HCM-00000561,1
CUS-HCM-00000562,1
CUS-HCM-00000568,0
CUS-HCM-00000583,0
CUS-HCM-00000587,0
CUS-HCM-00000589,0
CUS-HCM-00000590,0
CUS-HCM-00000595,1
CUS-HCM-00000608,0
CUS-HCM-00000619,0
CUS-HCM-00000620,0
CUS-HCM-00000628,0
CUS-HCM-00000633,0
CUS-HCM-00000635,0
CUS-HCM-00000636,0
CUS-HCM-00000643,0
CUS-HCM-00000644,0
CUS-HCM-00000647,1
CUS-HCM-00000650,1
CUS-HCM-00000654,0
CUS-HCM-00000663,1
CUS-HCM-00000664,0
CUS-HCM-00000671,0
CUS-HCM-00000679,1
CUS-HCM-00000681,0
CUS-HCM-00000682,0
CUS-HCM-00000683,0
CUS-HCM-00000693,0
CUS-HCM-00000701,1
CUS-HCM-00000703,0
CUS-HCM-00000716,0
CUS-HCM-00000718,0
CUS-HCM-00000723,0
CUS-HCM-00000725,1
CUS-HCM-00000726,0
CUS-HCM-00000727,0
CUS-HCM-00000728,0
CUS-HCM-00000732,1
CUS-HCM-00000733,1
CUS-HCM-00000735,0
CUS-HCM-00000737,1
CUS-HCM-00000741,0
CUS-HCM-00000742,1
CUS-HCM-00000744,0
CUS-HCM-00000751,1
CUS-HCM-00000753,0
CUS-HCM-00000756,0
CUS-HCM-00000759,0
CUS-HCM-00000762,0
CUS-HCM-00000763,0
CUS-HCM-00000764,0
CUS-HCM-00000766,1
CUS-HCM-00000767,0
CUS-HCM-00000768,0
CUS-HCM-00000769,0
CUS-HCM-00000771,0
CUS-HCM-00000775,1
CUS-HCM-00000778,0
CUS-HCM-00000781,0
CUS-HCM-00000791,0
CUS-HCM-00000794,0
CUS-HCM-00000795,0
CUS-HCM-00000797,0
CUS-HCM-00000798,0
CUS-HCM-00000805,0
CUS-HCM-00000806,1
CUS-HCM-00000808,0
CUS-HCM-00000811,0
CUS-HCM-00000812,0
CUS-HCM-00000815,1
CUS-HCM-00000821,0
CUS-HCM-00000826,0
CUS-HCM-00000828,0
CUS-HCM-00000830,0
CUS-HCM-00000841,0
CUS-HCM-00000845,1
CUS-HCM-00000849,1
CUS-HCM-00000851,0
CUS-HCM-00000852,0
CUS-HCM-00000855,0
CUS-HCM-00000865,0
CUS-HCM-00000869,1
CUS-HCM-00000870,0
CUS-HCM-00000872,1
CUS-HCM-00000885,0
CUS-HCM-00000888,1
CUS-HCM-00000889,0
CUS-HCM-00000893,1
CUS-HCM-00000894,0
CUS-HCM-00000898,0
CUS-HCM-00000899,0
CUS-HCM-00000902,0
CUS-HCM-00000903,0
CUS-HCM-00000908,0
CUS-HCM-00000909,1
CUS-HCM-00000917,0
CUS-HCM-00000918,1
CUS-HCM-00000921,1
CUS-HCM-00000925,0
CUS-HCM-00000926,0
CUS-HCM-00000927,0
CUS-HCM-00000936,0
CUS-HCM-00000938,0
CUS-HCM-00000940,1
CUS-HCM-00000941,0
CUS-HCM-00000943,0
CUS-HCM-00000946,1
CUS-HCM-00000952,1
CUS-HCM-00000953,1
CUS-HCM-00000954,1
CUS-HCM-00000963,1
CUS-HCM-00000964,0
CUS-HCM-00000968,1
CUS-HCM-00000970,0
CUS-HCM-00000971,0
CUS-HCM-00000972,0
CUS-HCM-00000973,0
CUS-HCM-00000980,1
CUS-HCM-00000985,1
CUS-HCM-00000988,0
CUS-HCM-00000994,1
CUS-HCM-00000998,1
CUS-HCM-00001001,0
CUS-HCM-00001003,0
CUS-HCM-00001004,0
CUS-HCM-00001016,1
CUS-HCM-00001019,1
CUS-HCM-00001040,0
CUS-HCM-00001041,0
CUS-HCM-00001045,0
CUS-HCM-00001047,0
CUS-HCM-00001050,0
CUS-HCM-00001052,0
CUS-HCM-00001054,1
CUS-HCM-00001058,0
CUS-HCM-00001063,0
CUS-HCM-00001069,0
CUS-HCM-00001081,1
CUS-HCM-00001091,1
CUS-HCM-00001094,0
CUS-HCM-00001097,1
CUS-HCM-00001100,1
CUS-HCM-00001101,0
CUS-HCM-00001105,0
CUS-HCM-00001107,0
CUS-HCM-00001110,1
CUS-HCM-00001111,0
CUS-HCM-00001116,1
CUS-HCM-00001117,1
CUS-HCM-00001122,0
CUS-HCM-00001124,1
CUS-HCM-00001133,1
CUS-HCM-00001139,0
CUS-HCM-00001151,0
CUS-HCM-00001153,0
CUS-HCM-00001154,0
CUS-HCM-00001156,0
CUS-HCM-00001157,0
CUS-HCM-00001158,0
CUS-HCM-00001161,0
CUS-HCM-00001164,0
CUS-HCM-00001165,1
CUS-HCM-00001170,0
CUS-HCM-00001173,0
CUS-HCM-00001179,0
CUS-HCM-00001180,0
CUS-HCM-00001182,0
CUS-HCM-00001183,1
CUS-HCM-00001184,1
CUS-HCM-00001185,1
CUS-HCM-00001189,1
CUS-HCM-00001196,1
CUS-HCM-00001197,0
CUS-HCM-00001205,1
CUS-HCM-00001206,1
CUS-HCM-00001209,1
CUS-HCM-00001220,1
CUS-HCM-00001221,1
CUS-HCM-00001222,1
CUS-HCM-00001225,1
CUS-HCM-00001230,0
CUS-HCM-00001231,0
CUS-HCM-00001233,0
CUS-HCM-00001235,0
CUS-HCM-00001236,0
CUS-HCM-00001237,0
CUS-HCM-00001239,0
CUS-HCM-00001240,0
CUS-HCM-00001244,0
CUS-HCM-00001246,0
CUS-HCM-00001248,0
CUS-HCM-00001251,0
CUS-HCM-00001252,1
CUS-HCM-00001253,1
CUS-HCM-00001255,1
CUS-HCM-00001261,1
CUS-HCM-00001267,0
CUS-HCM-00001275,0
CUS-HCM-00001277,1
CUS-HCM-00001278,0
CUS-HCM-00001297,0
CUS-HCM-00001298,1
CUS-HCM-00001301,0
CUS-HCM-00001304,1
CUS-HCM-00001309,0
CUS-HCM-00001314,0
CUS-HCM-00001315,0
CUS-HCM-00001318,1
CUS-HCM-00001323,0
CUS-HCM-00001330,1
CUS-HCM-00001337,1
CUS-HCM-00001341,0
CUS-HCM-00001350,0
CUS-HCM-00001356,1
CUS-HCM-00001360,1
CUS-HCM-00001364,0
CUS-HCM-00001367,1
CUS-HCM-00001368,1
CUS-HCM-00001369,0
CUS-HCM-00001371,0
CUS-HCM-00001376,1
CUS-HCM-00001382,1
CUS-HCM-00001386,0
CUS-HCM-00001390,1
CUS-HCM-00001393,0
CUS-HCM-00001394,0
CUS-HCM-00001396,0
CUS-HCM-00001402,1
CUS-HCM-00001405,1
CUS-HCM-00001408,0
CUS-HCM-00001415,0
CUS-HCM-00001427,0
CUS-HCM-00001428,1
CUS-HCM-00001433,1
CUS-HCM-00001434,0
CUS-HCM-00001435,0
CUS-HCM-00001437,1
CUS-HCM-00001441,0
CUS-HCM-00001442,1
CUS-HCM-00001443,1
CUS-HCM-00001444,0
CUS-HCM-00001445,0
CUS-HCM-00001450,0
CUS-HCM-00001456,0
CUS-HCM-00001457,0
CUS-HCM-00001463,0
CUS-HCM-00001468,0
CUS-HCM-00001470,0
CUS-HCM-00001472,0
CUS-HCM-00001473,1
CUS-HCM-00001482,0
CUS-HCM-00001484,0
CUS-HCM-00001486,0
CUS-HCM-00001491,0
CUS-HCM-00001509,1
CUS-HCM-00001511,1
CUS-HCM-00001512,0
CUS-HCM-00001517,1
CUS-HCM-00001519,1
CUS-HCM-00001520,0
CUS-HCM-00001526,1
CUS-HCM-00001529,0
CUS-HCM-00001532,1
CUS-HCM-00001535,1
CUS-HCM-00001542,0
CUS-HCM-00001544,1
CUS-HCM-00001547,1
CUS-HCM-00001551,0
CUS-HCM-00001555,0
CUS-HCM-00001567,1
CUS-HCM-00001568,0
CUS-HCM-00001575,1
CUS-HCM-00001576,0
CUS-HCM-00001584,0
CUS-HCM-00001590,1
CUS-HCM-00001591,0
CUS-HCM-00001592,0
CUS-HCM-00001597,0
CUS-HCM-00001598,1
CUS-HCM-00001600,0
CUS-HCM-00001602,0
CUS-HCM-00001605,1
CUS-HCM-00001608,0
CUS-HCM-00001611,1
CUS-HCM-00001616,0
CUS-HCM-00001617,0
CUS-HCM-00001620,0
CUS-HCM-00001621,1
CUS-HCM-00001624,0
CUS-HCM-00001628,0
CUS-HCM-00001629,0
CUS-HCM-00001639,0
CUS-HCM-00001642,0
CUS-HCM-00001644,0
CUS-HCM-00001645,0
CUS-HCM-00001651,0
CUS-HCM-00001653,0
CUS-HCM-00001654,1
CUS-HCM-00001657,0
CUS-HCM-00001660,0
CUS-HCM-00001661,0
CUS-HCM-00001664,1
CUS-HCM-00001668,1
CUS-HCM-00001669,0
CUS-HCM-00001674,1
CUS-HCM-00001685,1
CUS-HCM-00001686,0
CUS-HCM-00001693,0
CUS-HCM-00001697,1
CUS-HCM-00001707,1
CUS-HCM-00001721,0
CUS-HCM-00001722,0
CUS-HCM-00001726,1
CUS-HCM-00001729,0
CUS-HCM-00001732,1
CUS-HCM-00001734,0
CUS-HCM-00001738,1
CUS-HCM-00001741,1
CUS-HCM-00001742,0
CUS-HCM-00001743,0
CUS-HCM-00001752,1
CUS-HCM-00001757,0
CUS-HCM-00001762,1
CUS-HCM-00001763,0
CUS-HCM-00001764,0
CUS-HCM-00001765,0
CUS-HCM-00001766,0
CUS-HCM-00001768,0
CUS-HCM-00001769,1
CUS-HCM-00001781,1
CUS-HCM-00001783,0
CUS-HCM-00001784,1
CUS-HCM-00001785,0
CUS-HCM-00001790,0
CUS-HCM-00001793,0
CUS-HCM-00001803,0
CUS-HCM-00001807,1
CUS-HCM-00001810,0
CUS-HCM-00001811,0
CUS-HCM-00001814,0
CUS-HCM-00001826,0
CUS-HCM-00001834,0
CUS-HCM-00001835,0
CUS-HCM-00001836,0
CUS-HCM-00001837,1
CUS-HCM-00001841,1
CUS-HCM-00001843,0
CUS-HCM-00001845,0
CUS-HCM-00001851,1
CUS-HCM-00001857,0
CUS-HCM-00001859,1
CUS-HCM-00001860,1
CUS-HCM-00001868,1
CUS-HCM-00001877,1
CUS-HCM-00001887,0
CUS-HCM-00001888,1
CUS-HCM-00001891,0
CUS-HCM-00001894,1
CUS-HCM-00001896,1
CUS-HCM-00001899,0
CUS-HCM-00001900,0
CUS-HCM-00001902,0
CUS-HCM-00001904,0
CUS-HCM-00001908,1
CUS-HCM-00001911,1
CUS-HCM-00001912,0
CUS-HCM-00001915,0
CUS-HCM-00001916,0
CUS-HCM-00001925,0
CUS-HCM-00001926,0
CUS-HCM-00001929,0
CUS-HCM-00001936,1
CUS-HCM-00001939,0
CUS-HCM-00001940,0
CUS-HCM-00001941,0
CUS-HCM-00001944,1
CUS-HCM-00001947,0
CUS-HCM-00001949,0
CUS-HCM-00001952,0
CUS-HCM-00001958,1
CUS-HCM-00001964,0
CUS-HCM-00001966,1
CUS-HCM-00001975,0
CUS-HCM-00001976,1
CUS-HCM-00001980,1
CUS-HCM-00001984,0
CUS-HCM-00001987,0
CUS-HCM-00001990,0
CUS-HCM-00001991,0
CUS-HCM-00001994,1
CUS-HCM-00002005,0
CUS-HCM-00002008,0
CUS-HCM-00002009,0
CUS-HCM-00002011,0
CUS-HCM-00002013,0
CUS-HCM-00002018,1
CUS-HCM-00002022,0
CUS-HCM-00002023,0
CUS-HCM-00002024,1
CUS-HCM-00002031,1
CUS-HCM-00002035,0
CUS-HCM-00002038,1
CUS-HCM-00002046,1
CUS-HCM-00002049,1
CUS-HCM-00002052,0
CUS-HCM-00002059,1
CUS-HCM-00002060,0
CUS-HCM-00002062,0
CUS-HCM-00002064,1
CUS-HCM-00002069,0
CUS-HCM-00002078,1
CUS-HCM-00002080,0
CUS-HCM-00002082,0
CUS-HCM-00002084,1
CUS-HCM-00002086,1
CUS-HCM-00002094,0
CUS-HCM-00002097,0
CUS-HCM-00002099,0
CUS-HCM-00002100,1
CUS-HCM-00002102,0
CUS-HCM-00002110,0
CUS-HCM-00002113,1
CUS-HCM-00002115,1
CUS-HCM-00002117,1
CUS-HCM-00002118,1
CUS-HCM-00002119,1
CUS-HCM-00002120,0
CUS-HCM-00002122,0
CUS-HCM-00002124,1
CUS-HCM-00002129,0
CUS-HCM-00002130,1
CUS-HCM-00002131,0
CUS-HCM-00002147,1
CUS-HCM-00002150,1
CUS-HCM-00002152,1
CUS-HCM-00002157,0
CUS-HCM-00002160,0
CUS-HCM-00002162,0
CUS-HCM-00002172,0
CUS-HCM-00002174,1
CUS-HCM-00002179,1
CUS-HCM-00002184,0
CUS-HCM-00002186,1
CUS-HCM-00002189,0
CUS-HCM-00002191,0
CUS-HCM-00002194,0
CUS-HCM-00002197,0
CUS-HCM-00002199,0
CUS-HCM-00002201,0
CUS-HCM-00002204,1
CUS-HCM-00002209,0
CUS-HCM-00002210,0
CUS-HCM-00002216,0
CUS-HCM-00002217,0
CUS-HCM-00002224,0
CUS-HCM-00002226,1
CUS-HCM-00002228,1
CUS-HCM-00002229,0
CUS-HCM-00002233,0
CUS-HCM-00002237,1
CUS-HCM-00002242,1
CUS-HCM-00002244,1
CUS-HCM-00002246,0
CUS-HCM-00002247,0
CUS-HCM-00002259,1
CUS-HCM-00002264,1
CUS-HCM-00002266,0
CUS-HCM-00002276,0
CUS-HCM-00002278,0
CUS-HCM-00002282,1
CUS-HCM-00002285,1
CUS-HCM-00002286,0
CUS-HCM-00002289,1
CUS-HCM-00002296,1
CUS-HCM-00002298,0
CUS-HCM-00002299,1
CUS-HCM-00002312,0
CUS-HCM-00002314,1
CUS-HCM-00002317,0
CUS-HCM-00002321,0
CUS-HCM-00002322,0
CUS-HCM-00002324,1
CUS-HCM-00002325,1
CUS-HCM-00002327,1
CUS-HCM-00002328,0
CUS-HCM-00002334,1
CUS-HCM-00002340,0
CUS-HCM-00002341,0
CUS-HCM-00002342,1
CUS-HCM-00002346,0
CUS-HCM-00002349,0
CUS-HCM-00002350,0
CUS-HCM-00002351,0
CUS-HCM-00002353,0
CUS-HCM-00002360,0
CUS-HCM-00002362,0
CUS-HCM-00002367,0
CUS-HCM-00002374,0
CUS-HCM-00002376,0
CUS-HCM-00002379,0
CUS-HCM-00002382,0
CUS-HCM-00002383,0
CUS-HCM-00002384,0
CUS-HCM-00002385,1
CUS-HCM-00002388,0
CUS-HCM-00002390,0
CUS-HCM-00002394,0
CUS-HCM-00002397,0
CUS-HCM-00002398,0
CUS-HCM-00002399,0
CUS-HCM-00002406,0
CUS-HCM-00002416,0
CUS-HCM-00002417,1
CUS-HCM-00002419,0
CUS-HCM-00002421,0
CUS-HCM-00002422,0
CUS-HCM-00002424,0
CUS-HCM-00002427,0
CUS-HCM-00002442,0
CUS-HCM-00002443,0
CUS-HCM-00002447,1
CUS-HCM-00002458,1
CUS-HCM-00002463,0
CUS-HCM-00002465,0
CUS-HCM-00002476,0
CUS-HCM-00002477,1
CUS-HCM-00002478,0
CUS-HCM-00002482,0
CUS-HCM-00002483,1
CUS-HCM-00002489,0
CUS-HCM-00002493,1
CUS-HCM-00002498,0
CUS-HCM-00002501,0
CUS-HCM-00002506,0
CUS-HCM-00002513,0
CUS-HCM-00002514,0
CUS-HCM-00002515,1
CUS-HCM-00002517,0
CUS-HCM-00002518,0
CUS-HCM-00002520,0
CUS-HCM-00002521,0
CUS-HCM-00002526,0
CUS-HCM-00002534,1
CUS-HCM-00002539,1
CUS-HCM-00002544,0
CUS-HCM-00002548,1
CUS-HCM-00002557,0
CUS-HCM-00002558,0
CUS-HCM-00002560,1
CUS-HCM-00002567,0
CUS-HCM-00002568,0
CUS-HCM-00002571,0
CUS-HCM-00002579,0
CUS-HCM-00002581,0
CUS-HCM-00002583,0
CUS-HCM-00002584,0
CUS-HCM-00002585,0
CUS-HCM-00002588,0
CUS-HCM-00002594,0
CUS-HCM-00002597,0
CUS-HCM-00002605,0
CUS-HCM-00002606,0
CUS-HCM-00002608,1
CUS-HCM-00002617,1
CUS-HCM-00002623,0
CUS-HCM-00002630,1
CUS-HCM-00002631,1
CUS-HCM-00002638,1
CUS-HCM-00002640,0
CUS-HCM-00002659,0
CUS-HCM-00002660,0
CUS-HCM-00002664,0
CUS-HCM-00002668,0
CUS-HCM-00002683,0
CUS-HCM-00002687,0
CUS-HCM-00002689,0
CUS-HCM-00002696,0
CUS-HCM-00002698,1
CUS-HCM-00002708,0
CUS-HCM-00002709,0
CUS-HCM-00002712,0
CUS-HCM-00002713,0
CUS-HCM-00002714,0
CUS-HCM-00002716,0
CUS-HCM-00002719,0
CUS-HCM-00002725,0
CUS-HCM-00002728,0
CUS-HCM-00002731,1
CUS-HCM-00002737,0
CUS-HCM-00002741,0
CUS-HCM-00002743,0
CUS-HCM-00002747,1
CUS-HCM-00002748,1
CUS-HCM-00002750,0
CUS-HCM-00002751,1
CUS-HCM-00002754,0
CUS-HCM-00002763,0
CUS-HCM-00002765,1
CUS-HCM-00002771,0
CUS-HCM-00002774,0
CUS-HCM-00002779,0
CUS-HCM-00002780,1
CUS-HCM-00002781,0
CUS-HCM-00002782,0
CUS-HCM-00002785,0
CUS-HCM-00002792,1
CUS-HCM-00002803,0
CUS-HCM-00002805,1
CUS-HCM-00002806,0
CUS-HCM-00002809,0
CUS-HCM-00002810,0
CUS-HCM-00002811,0
CUS-HCM-00002814,1
CUS-HCM-00002815,1
CUS-HCM-00002823,1
CUS-HCM-00002828,0
CUS-HCM-00002831,0
CUS-HCM-00002840,0
CUS-HCM-00002844,0
CUS-HCM-00002845,0
CUS-HCM-00002847,1
CUS-HCM-00002848,0
CUS-HCM-00002864,0
CUS-HCM-00002866,1
CUS-HCM-00002870,1
CUS-HCM-00002873,0
CUS-HCM-00002874,0
CUS-HCM-00002875,0
CUS-HCM-00002876,0
CUS-HCM-00002880,1
CUS-HCM-00002881,0
CUS-HCM-00002882,0
CUS-HCM-00002886,0
CUS-HCM-00002887,0
CUS-HCM-00002889,1
CUS-HCM-00002890,1
CUS-HCM-00002891,0
CUS-HCM-00002896,1
CUS-HCM-00002898,1
CUS-HCM-00002903,0
CUS-HCM-00002908,1
CUS-HCM-00002912,0
CUS-HCM-00002916,1
CUS-HCM-00002917,1
CUS-HCM-00002919,0
CUS-HCM-00002922,0
CUS-HCM-00002923,0
CUS-HCM-00002925,0
CUS-HCM-00002932,1
CUS-HCM-00002938,0
CUS-HCM-00002939,0
CUS-HCM-00002940,0
CUS-HCM-00002942,0
CUS-HCM-00002944,1
CUS-HCM-00002951,1
CUS-HCM-00002953,1
CUS-HCM-00002957,1
CUS-HCM-00002958,1
CUS-HCM-00002959,0
CUS-HCM-00002963,0
CUS-HCM-00002965,1
CUS-HCM-00002970,1
CUS-HCM-00002973,1
CUS-HCM-00002983,0
CUS-HCM-00002985,0
CUS-HCM-00002986,0
CUS-HCM-00002987,0
CUS-HCM-00002989,1
CUS-HCM-00002998,0
CUS-HCM-00003000,0
CUS-HCM-00003003,1
CUS-HCM-00003005,0
CUS-HCM-00003008,1
CUS-HCM-00003009,0
CUS-HCM-00003018,0
CUS-HCM-00003020,0
CUS-HCM-00003026,0
CUS-HCM-00003027,1
CUS-HCM-00003032,0
CUS-HCM-00003033,0
CUS-HCM-00003034,1
CUS-HCM-00003038,0
CUS-HCM-00003039,0
CUS-HCM-00003050,0
CUS-HCM-00003052,0
CUS-HCM-00003058,0
CUS-HCM-00003059,0
CUS-HCM-00003060,1
CUS-HCM-00003063,0
CUS-HCM-00003068,0
CUS-HCM-00003071,0
CUS-HCM-00003080,0
CUS-HCM-00003081,1
CUS-HCM-00003082,1
CUS-HCM-00003087,0
CUS-HCM-00003096,0
CUS-HCM-00003097,0
CUS-HCM-00003099,1
CUS-HCM-00003100,0
CUS-HCM-00003102,1
CUS-HCM-00003109,1
CUS-HCM-00003112,1
CUS-HCM-00003117,0
CUS-HCM-00003121,0
CUS-HCM-00003125,1
CUS-HCM-00003126,0
CUS-HCM-00003128,0
CUS-HCM-00003133,0
CUS-HCM-00003134,0
CUS-HCM-00003138,0
CUS-HCM-00003142,0
CUS-HCM-00003144,1
CUS-HCM-00003150,1
CUS-HCM-00003151,0
CUS-HCM-00003154,0
CUS-HCM-00003155,1
CUS-HCM-00003157,0
CUS-HCM-00003158,1
CUS-HCM-00003163,0
CUS-HCM-00003167,0
CUS-HCM-00003168,1
CUS-HCM-00003169,0
CUS-HCM-00003176,0
CUS-HCM-00003179,1
CUS-HCM-00003182,0
CUS-HCM-00003184,0
CUS-HCM-00003185,0
CUS-HCM-00003186,1
CUS-HCM-00003189,1
CUS-HCM-00003191,0
CUS-HCM-00003192,0
CUS-HCM-00003198,0
CUS-HCM-00003199,0
CUS-HCM-00003207,0
CUS-HCM-00003208,0
CUS-HCM-00003209,0
CUS-HCM-00003210,0
CUS-HCM-00003215,0
CUS-HCM-00003218,0
CUS-HCM-00003225,1
CUS-HCM-00003228,1
CUS-HCM-00003232,1
CUS-HCM-00003234,0
CUS-HCM-00003235,0
CUS-HCM-00003236,0
CUS-HCM-00003245,1
CUS-HCM-00003255,1
CUS-HCM-00003257,0
CUS-HCM-00003260,1
CUS-HCM-00003261,1
CUS-HCM-00003263,1
CUS-HCM-00003266,0
CUS-HCM-00003267,1
CUS-HCM-00003270,1
CUS-HCM-00003280,0
CUS-HCM-00003282,0
CUS-HCM-00003284,0
CUS-HCM-00003285,0
CUS-HCM-00003289,0
CUS-HCM-00003300,1
CUS-HCM-00003303,0
CUS-HCM-00003306,0
CUS-HCM-00003307,1
CUS-HCM-00003308,0
CUS-HCM-00003310,0
CUS-HCM-00003316,0
CUS-HCM-00003318,0
CUS-HCM-00003319,1
CUS-HCM-00003321,0
CUS-HCM-00003330,0
CUS-HCM-00003333,0
CUS-HCM-00003334,0
CUS-HCM-00003343,1
CUS-HCM-00003344,1
CUS-HCM-00003351,1
CUS-HCM-00003352,0
CUS-HCM-00003353,0
CUS-HCM-00003369,0
CUS-HCM-00003372,0
CUS-HCM-00003374,1
CUS-HCM-00003377,1
CUS-HCM-00003385,0
CUS-HCM-00003390,1
CUS-HCM-00003391,1
CUS-HCM-00003394,0
CUS-HCM-00003397,1
CUS-HCM-00003398,1
CUS-HCM-00003401,0
CUS-HCM-00003408,1
CUS-HCM-00003410,0
CUS-HCM-00003412,1
CUS-HCM-00003414,0
CUS-HCM-00003416,0
CUS-HCM-00003419,1
CUS-HCM-00003425,1
CUS-HCM-00003427,0
CUS-HCM-00003434,0
CUS-HCM-00003435,0
CUS-HCM-00003439,0
CUS-HCM-00003441,1
CUS-HCM-00003442,0
CUS-HCM-00003443,0
CUS-HCM-00003453,1
CUS-HCM-00003454,0
CUS-HCM-00003459,1
CUS-HCM-00003463,0
CUS-HCM-00003489,1
CUS-HCM-00003492,0
CUS-HCM-00003495,0
CUS-HCM-00003503,1
CUS-HCM-00003518,0
CUS-HCM-00003523,0
CUS-HCM-00003527,0
CUS-HCM-00003528,0
CUS-HCM-00003531,0
CUS-HCM-00003532,0
CUS-HCM-00003534,0
CUS-HCM-00003537,0
CUS-HCM-00003539,1
CUS-HCM-00003544,0
CUS-HCM-00003549,0
CUS-HCM-00003564,0
CUS-HCM-00003572,0
CUS-HCM-00003578,1
CUS-HCM-00003580,1
CUS-HCM-00003594,1
CUS-HCM-00003595,0
CUS-HCM-00003602,0
CUS-HCM-00003604,0
CUS-HCM-00003606,0
CUS-HCM-00003607,0
CUS-HCM-00003608,0
CUS-HCM-00003609,0
CUS-HCM-00003610,0
CUS-HCM-00003618,1
CUS-HCM-00003630,1
CUS-HCM-00003631,0
CUS-HCM-00003636,1
CUS-HCM-00003638,1
CUS-HCM-00003642,0
CUS-HCM-00003644,1
CUS-HCM-00003645,1
CUS-HCM-00003649,0
CUS-HCM-00003652,0
CUS-HCM-00003654,1
CUS-HCM-00003656,0
CUS-HCM-00003657,1
CUS-HCM-00003660,1
CUS-HCM-00003661,0
CUS-HCM-00003665,0
CUS-HCM-00003667,0
CUS-HCM-00003668,0
CUS-HCM-00003680,0
CUS-HCM-00003682,1
CUS-HCM-00003685,0
CUS-HCM-00003686,1
CUS-HCM-00003691,1
CUS-HCM-00003693,1
CUS-HCM-00003698,0
CUS-HCM-00003699,0
CUS-HCM-00003702,0
CUS-HCM-00003705,0
CUS-HCM-00003706,0
CUS-HCM-00003728,0
CUS-HCM-00003735,1
CUS-HCM-00003737,1
CUS-HCM-00003741,1
CUS-HCM-00003742,1
CUS-HCM-00003745,0
CUS-HCM-00003747,1
CUS-HCM-00003750,1
CUS-HCM-00003751,0
CUS-HCM-00003757,0
CUS-HCM-00003760,0
CUS-HCM-00003763,0
CUS-HCM-00003764,1
CUS-HCM-00003765,1
CUS-HCM-00003778,1
CUS-HCM-00003781,0
CUS-HCM-00003784,0
CUS-HCM-00003788,1
CUS-HCM-00003791,0
CUS-HCM-00003793,0
CUS-HCM-00003794,0
CUS-HCM-00003801,0
CUS-HCM-00003802,0
CUS-HCM-00003804,1
CUS-HCM-00003805,0
CUS-HCM-00003806,0
CUS-HCM-00003812,0
CUS-HCM-00003814,0
CUS-HCM-00003824,0
CUS-HCM-00003838,0
CUS-HCM-00003849,1
CUS-HCM-00003856,0
CUS-HCM-00003860,1
CUS-HCM-00003862,1
CUS-HCM-00003868,1
CUS-HCM-00003872,0
CUS-HCM-00003873,0
CUS-HCM-00003874,0
CUS-HCM-00003877,0
CUS-HCM-00003879,0
CUS-HCM-00003886,1
CUS-HCM-00003890,1
CUS-HCM-00003891,0
CUS-HCM-00003899,0
CUS-HCM-00003900,1
CUS-HCM-00003901,1
CUS-HCM-00003921,0
CUS-HCM-00003925,1
CUS-HCM-00003929,1
CUS-HCM-00003934,0
CUS-HCM-00003936,0
CUS-HCM-00003940,1
CUS-HCM-00003941,1
CUS-HCM-00003942,1
CUS-HCM-00003943,1
CUS-HCM-00003945,0
CUS-HCM-00003947,1
CUS-HCM-00003948,0
CUS-HCM-00003955,0
CUS-HCM-00003959,0
CUS-HCM-00003962,0
CUS-HCM-00003966,0
CUS-HCM-00003968,0
CUS-HCM-00003970,0
CUS-HCM-00003972,0
CUS-HCM-00003974,1
CUS-HCM-00003975,0
CUS-HCM-00003976,0
CUS-HCM-00003977,0
CUS-HCM-00003978,0
CUS-HCM-00003981,0
CUS-HCM-00003984,0
CUS-HCM-00003986,1
CUS-HCM-00003987,1
CUS-HCM-00003993,0
CUS-HCM-00003995,1
CUS-HCM-00003996,0
CUS-HCM-00003997,0
CUS-HCM-00004000,1
CUS-HCM-00004004,1
CUS-HCM-00004006,0
CUS-HCM-00004008,0
CUS-HCM-00004009,1
CUS-HCM-00004011,1
CUS-HCM-00004012,0
CUS-HCM-00004014,1
CUS-HCM-00004017,0
CUS-HCM-00004019,1
CUS-HCM-00004021,0
CUS-HCM-00004022,1
CUS-HCM-00004035,0
CUS-HCM-00004043,0
CUS-HCM-00004046,0
CUS-HCM-00004047,1
CUS-HCM-00004048,1
CUS-HCM-00004063,0
CUS-HCM-00004065,0
CUS-HCM-00004070,0
CUS-HCM-00004074,1
CUS-HCM-00004075,0
CUS-HCM-00004079,1
CUS-HCM-00004089,0
CUS-HCM-00004090,0
CUS-HCM-00004091,0
CUS-HCM-00004094,0
CUS-HCM-00004095,0
CUS-HCM-00004106,0
CUS-HCM-00004116,1
CUS-HCM-00004126,1
CUS-HCM-00004136,1
CUS-HCM-00004143,0
CUS-HCM-00004146,0
CUS-HCM-00004147,1
CUS-HCM-00004151,0
CUS-HCM-00004156,0
CUS-HCM-00004158,1
CUS-HCM-00004160,1
CUS-HCM-00004166,1
CUS-HCM-00004167,0
CUS-HCM-00004182,0
CUS-HCM-00004187,0
CUS-HCM-00004188,0
CUS-HCM-00004189,0
CUS-HCM-00004191,0
CUS-HCM-00004197,0
CUS-HCM-00004199,1
CUS-HCM-00004200,1
CUS-HCM-00004201,1
CUS-HCM-00004203,1
CUS-HCM-00004207,1
CUS-HCM-00004208,1
CUS-HCM-00004210,0
CUS-HCM-00004214,1
CUS-HCM-00004216,0
CUS-HCM-00004218,0
CUS-HCM-00004221,0
CUS-HCM-00004222,0
CUS-HCM-00004224,1
CUS-HCM-00004225,0
CUS-HCM-00004228,0
CUS-HCM-00004230,1
CUS-HCM-00004232,0
CUS-HCM-00004235,1
CUS-HCM-00004236,1
CUS-HCM-00004246,1
CUS-HCM-00004248,0
CUS-HCM-00004249,1
CUS-HCM-00004252,0
CUS-HCM-00004253,0
CUS-HCM-00004256,0
CUS-HCM-00004257,1
CUS-HCM-00004275,1
CUS-HCM-00004276,1
CUS-HCM-00004281,0
CUS-HCM-00004284,1
CUS-HCM-00004286,0
CUS-HCM-00004288,0
CUS-HCM-00004291,1
CUS-HCM-00004292,0
CUS-HCM-00004293,0
CUS-HCM-00004305,0
CUS-HCM-00004306,0
CUS-HCM-00004313,0
CUS-HCM-00004315,0
CUS-HCM-00004324,0
CUS-HCM-00004325,0
CUS-HCM-00004327,0
CUS-HCM-00004331,1
CUS-HCM-00004333,0
CUS-HCM-00004336,1
CUS-HCM-00004337,0
CUS-HCM-00004338,1
CUS-HCM-00004341,0
CUS-HCM-00004342,0
CUS-HCM-00004344,1
CUS-HCM-00004351,0
CUS-HCM-00004352,1
CUS-HCM-00004354,0
CUS-HCM-00004361,0
CUS-HCM-00004366,0
CUS-HCM-00004369,1
CUS-HCM-00004372,0
CUS-HCM-00004374,0
CUS-HCM-00004376,1
CUS-HCM-00004378,0
CUS-HCM-00004380,1
CUS-HCM-00004383,0
CUS-HCM-00004388,0
CUS-HCM-00004391,0
CUS-HCM-00004397,1
CUS-HCM-00004399,0
CUS-HCM-00004403,1
CUS-HCM-00004410,1
CUS-HCM-00004412,0
CUS-HCM-00004414,0
CUS-HCM-00004415,0
CUS-HCM-00004418,0
CUS-HCM-00004419,0
CUS-HCM-00004422,0
CUS-HCM-00004424,1
CUS-HCM-00004427,1
CUS-HCM-00004428,0
CUS-HCM-00004429,1
CUS-HCM-00004430,0
CUS-HCM-00004438,0
CUS-HCM-00004441,1
CUS-HCM-00004445,1
CUS-HCM-00004450,1
CUS-HCM-00004457,1
CUS-HCM-00004459,1
CUS-HCM-00004465,1
CUS-HCM-00004466,1
CUS-HCM-00004467,0
CUS-HCM-00004470,1
CUS-HCM-00004474,1
CUS-HCM-00004478,0
CUS-HCM-00004484,0
CUS-HCM-00004488,1
CUS-HCM-00004494,0
CUS-HCM-00004501,0
CUS-HCM-00004505,1
CUS-HCM-00004508,0
CUS-HCM-00004514,0
CUS-HCM-00004515,0
CUS-HCM-00004520,0
CUS-HCM-00004521,0
CUS-HCM-00004529,1
CUS-HCM-00004536,0
CUS-HCM-00004539,0
CUS-HCM-00004541,1
CUS-HCM-00004542,1
CUS-HCM-00004548,1
CUS-HCM-00004551,0
CUS-HCM-00004553,0
CUS-HCM-00004555,0
CUS-HCM-00004559,0
CUS-HCM-00004562,0
CUS-HCM-00004565,1
CUS-HCM-00004568,1
CUS-HCM-00004573,0
CUS-HCM-00004576,0
CUS-HCM-00004578,1
CUS-HCM-00004580,0
CUS-HCM-00004591,0
CUS-HCM-00004594,0
CUS-HCM-00004595,0
CUS-HCM-00004598,0
CUS-HCM-00004608,0
CUS-HCM-00004609,0
CUS-HCM-00004617,0
CUS-HCM-00004621,1
CUS-HCM-00004625,1
CUS-HCM-00004629,0
CUS-HCM-00004630,1
CUS-HCM-00004636,1
CUS-HCM-00004639,1
CUS-HCM-00004640,1
CUS-HCM-00004641,1
CUS-HCM-00004642,1
CUS-HCM-00004644,1
CUS-HCM-00004648,0
CUS-HCM-00004653,0
CUS-HCM-00004654,1
CUS-HCM-00004658,0
CUS-HCM-00004660,0
CUS-HCM-00004664,0
CUS-HCM-00004671,0
CUS-HCM-00004673,0
CUS-HCM-00004676,0
CUS-HCM-00004677,0
CUS-HCM-00004678,1
CUS-HCM-00004679,1
CUS-HCM-00004682,0
CUS-HCM-00004692,0
CUS-HCM-00004705,0
CUS-HCM-00004707,0
CUS-HCM-00004709,0
CUS-HCM-00004712,0
CUS-HCM-00004716,0
CUS-HCM-00004720,1
CUS-HCM-00004723,0
CUS-HCM-00004725,1
CUS-HCM-00004728,0
CUS-HCM-00004734,0
CUS-HCM-00004738,0
CUS-HCM-00004739,0
CUS-HCM-00004741,0
CUS-HCM-00004742,1
CUS-HCM-00004745,0
CUS-HCM-00004746,0
CUS-HCM-00004750,0
CUS-HCM-00004751,0
CUS-HCM-00004759,1
CUS-HCM-00004769,0
CUS-HCM-00004773,1
CUS-HCM-00004775,0
CUS-HCM-00004776,0
CUS-HCM-00004778,0
CUS-HCM-00004789,0
CUS-HCM-00004792,1
CUS-HCM-00004796,1
CUS-HCM-00004797,0
CUS-HCM-00004802,1
CUS-HCM-00004803,1
CUS-HCM-00004816,1
CUS-HCM-00004817,0
CUS-HCM-00004827,0
CUS-HCM-00004837,1
CUS-HCM-00004838,1
CUS-HCM-00004839,0
CUS-HCM-00004840,0
CUS-HCM-00004847,0
CUS-HCM-00004849,0
CUS-HCM-00004851,0
CUS-HCM-00004854,0
CUS-HCM-00004855,0
CUS-HCM-00004859,1
CUS-HCM-00004866,1
CUS-HCM-00004868,0
CUS-HCM-00004872,0
CUS-HCM-00004877,0
CUS-HCM-00004881,0
CUS-HCM-00004887,0
CUS-HCM-00004891,0
CUS-HCM-00004894,1
CUS-HCM-00004897,0
CUS-HCM-00004903,0
CUS-HCM-00004908,0
CUS-HCM-00004910,0
CUS-HCM-00004911,1
CUS-HCM-00004922,0
CUS-HCM-00004927,0
CUS-HCM-00004934,0
CUS-HCM-00004936,0
CUS-HCM-00004940,1
CUS-HCM-00004942,0
CUS-HCM-00004951,1
CUS-HCM-00004953,0
CUS-HCM-00004955,0
CUS-HCM-00004956,1
CUS-HCM-00004958,0
CUS-HCM-00004961,1
CUS-HCM-00004962,0
CUS-HCM-00004964,0
CUS-HCM-00004965,0
CUS-HCM-00004966,0
CUS-HCM-00004969,0
CUS-HCM-00004972,0
CUS-HCM-00004978,1
CUS-HCM-00004982,1
CUS-HCM-00004984,0
CUS-HCM-00004988,1
CUS-HCM-00004990,0
CUS-HCM-00004991,1
CUS-HCM-00004996,0
CUS-HCM-00004997,0
CUS-HCM-00005001,0
CUS-HCM-00005004,0
CUS-HCM-00005005,1
CUS-HCM-00005011,0
CUS-HCM-00005013,0
CUS-HCM-00005015,0
CUS-HCM-00005030,0
CUS-HCM-00005031,0
CUS-HCM-00005033,0
CUS-HCM-00005036,0
CUS-HCM-00005038,0
CUS-HCM-00005041,1
CUS-HCM-00005042,0
CUS-HCM-00005045,0
CUS-HCM-00005047,0
CUS-HCM-00005049,1
CUS-HCM-00005051,1
CUS-HCM-00005054,0
CUS-HCM-00005060,1
CUS-HCM-00005061,0
CUS-HCM-00005062,0
CUS-HCM-00005064,0
CUS-HCM-00005076,1
CUS-HCM-00005078,0
CUS-HCM-00005081,0
CUS-HCM-00005084,1
CUS-HCM-00005103,0
CUS-HCM-00005107,0
CUS-HCM-00005111,1
CUS-HCM-00005115,0
CUS-HCM-00005119,1
CUS-HCM-00005126,0
CUS-HCM-00005128,0
CUS-HCM-00005132,1
CUS-HCM-00005133,0
CUS-HCM-00005137,1
CUS-HCM-00005138,1
CUS-HCM-00005139,0
CUS-HCM-00005152,1
CUS-HCM-00005154,1
CUS-HCM-00005155,0
CUS-HCM-00005156,1
CUS-HCM-00005163,0
CUS-HCM-00005169,1
CUS-HCM-00005174,0
CUS-HCM-00005175,0
CUS-HCM-00005176,1
CUS-HCM-00005177,1
CUS-HCM-00005178,0
CUS-HCM-00005183,0
CUS-HCM-00005185,0
CUS-HCM-00005187,1
CUS-HCM-00005193,0
CUS-HCM-00005201,0
CUS-HCM-00005202,0
CUS-HCM-00005203,0
CUS-HCM-00005205,1
CUS-HCM-00005206,0
CUS-HCM-00005207,0
CUS-HCM-00005209,0
CUS-HCM-00005210,1
CUS-HCM-00005212,0
CUS-HCM-00005218,0
CUS-HCM-00005220,1
CUS-HCM-00005221,0
CUS-HCM-00005223,1
CUS-HCM-00005224,0
CUS-HCM-00005227,1
CUS-HCM-00005228,1
CUS-HCM-00005229,1
CUS-HCM-00005230,1
CUS-HCM-00005237,0
CUS-HCM-00005238,1
CUS-HCM-00005241,1
CUS-HCM-00005244,0
CUS-HCM-00005248,0
CUS-HCM-00005249,1
CUS-HCM-00005252,0
CUS-HCM-00005253,0
CUS-HCM-00005260,0
CUS-HCM-00005263,1
CUS-HCM-00005266,1
CUS-HCM-00005279,1
CUS-HCM-00005285,0
CUS-HCM-00005286,1
CUS-HCM-00005298,1
CUS-HCM-00005299,1
CUS-HCM-00005300,0
CUS-HCM-00005305,0
CUS-HCM-00005309,0
CUS-HCM-00005312,0
CUS-HCM-00005317,0
CUS-HCM-00005321,0
CUS-HCM-00005324,1
CUS-HCM-00005325,0
CUS-HCM-00005326,1
CUS-HCM-00005333,1
CUS-HCM-00005334,0
CUS-HCM-00005342,1
CUS-HCM-00005346,0
CUS-HCM-00005350,0
CUS-HCM-00005362,1
CUS-HCM-00005363,0
CUS-HCM-00005371,1
CUS-HCM-00005373,0
CUS-HCM-00005377,1
CUS-HCM-00005379,0
CUS-HCM-00005381,0
CUS-HCM-00005384,0
CUS-HCM-00005385,0
CUS-HCM-00005387,0
CUS-HCM-00005388,0
CUS-HCM-00005400,0
CUS-HCM-00005402,0
CUS-HCM-00005404,0
CUS-HCM-00005408,1
CUS-HCM-00005409,0
CUS-HCM-00005411,1
CUS-HCM-00005414,0
CUS-HCM-00005417,1
CUS-HCM-00005419,0
CUS-HCM-00005424,1
CUS-HCM-00005436,1
CUS-HCM-00005438,1
CUS-HCM-00005440,0
CUS-HCM-00005441,1
CUS-HCM-00005451,1
CUS-HCM-00005454,1
CUS-HCM-00005457,1
CUS-HCM-00005459,0
CUS-HCM-00005460,0
CUS-HCM-00005462,1
CUS-HCM-00005463,0
CUS-HCM-00005465,0
CUS-HCM-00005468,1
CUS-HCM-00005470,0
CUS-HCM-00005472,0
CUS-HCM-00005474,0
CUS-HCM-00005476,0
CUS-HCM-00005477,1
CUS-HCM-00005481,0
CUS-HCM-00005482,0
CUS-HCM-00005488,0
CUS-HCM-00005493,0
CUS-HCM-00005496,0
CUS-HCM-00005499,1
CUS-HCM-00005500,0
CUS-HCM-00005501,0
CUS-HCM-00005503,0
CUS-HCM-00005507,0
CUS-HCM-00005511,0
CUS-HCM-00005515,0
CUS-HCM-00005517,0
CUS-HCM-00005518,0
CUS-HCM-00005519,0
CUS-HCM-00005522,1
CUS-HCM-00005528,0
CUS-HCM-00005540,1
CUS-HCM-00005552,0
CUS-HCM-00005554,0
CUS-HCM-00005560,1
CUS-HCM-00005563,1
CUS-HCM-00005564,0
CUS-HCM-00005566,1
CUS-HCM-00005568,1
CUS-HCM-00005569,0
CUS-HCM-00005571,1
CUS-HCM-00005572,0
CUS-HCM-00005576,1
CUS-HCM-00005594,1
CUS-HCM-00005602,0
CUS-HCM-00005607,0
CUS-HCM-00005611,0
CUS-HCM-00005616,0
CUS-HCM-00005620,0
CUS-HCM-00005625,0
CUS-HCM-00005629,0
CUS-HCM-00005632,0
CUS-HCM-00005634,1
CUS-HCM-00005635,1
CUS-HCM-00005637,0
CUS-HCM-00005639,0
CUS-HCM-00005646,1
CUS-HCM-00005648,1
CUS-HCM-00005650,0
CUS-HCM-00005656,1
CUS-HCM-00005659,1
CUS-HCM-00005662,0
CUS-HCM-00005664,0
CUS-HCM-00005665,0
CUS-HCM-00005667,1
CUS-HCM-00005677,0
CUS-HCM-00005683,1
CUS-HCM-00005686,1
CUS-HCM-00005687,0
CUS-HCM-00005688,0
CUS-HCM-00005692,1
CUS-HCM-00005697,1
CUS-HCM-00005700,1
CUS-HCM-00005702,0
CUS-HCM-00005703,0
CUS-HCM-00005709,0
CUS-HCM-00005715,0
CUS-HCM-00005716,0
CUS-HCM-00005719,1
CUS-HCM-00005720,0
CUS-HCM-00005722,0
CUS-HCM-00005723,0
CUS-HCM-00005735,0
CUS-HCM-00005746,0
CUS-HCM-00005747,1
CUS-HCM-00005751,1
CUS-HCM-00005755,0
CUS-HCM-00005757,1
CUS-HCM-00005759,1
CUS-HCM-00005760,0
CUS-HCM-00005761,0
CUS-HCM-00005773,0
CUS-HCM-00005775,0
CUS-HCM-00005776,0
CUS-HCM-00005780,1
CUS-HCM-00005785,1
CUS-HCM-00005793,1
CUS-HCM-00005794,0
CUS-HCM-00005809,1
CUS-HCM-00005812,0
CUS-HCM-00005818,0
CUS-HCM-00005824,0
CUS-HCM-00005826,0
CUS-HCM-00005828,1
CUS-HCM-00005836,0
CUS-HCM-00005840,0
CUS-HCM-00005848,0
CUS-HCM-00005849,0
CUS-HCM-00005853,0
CUS-HCM-00005854,0
CUS-HCM-00005855,0
CUS-HCM-00005860,0
CUS-HCM-00005862,0
CUS-HCM-00005869,0
CUS-HCM-00005870,0
CUS-HCM-00005873,1
CUS-HCM-00005874,0
CUS-HCM-00005875,0
CUS-HCM-00005878,0
CUS-HCM-00005882,0
CUS-HCM-00005886,0
CUS-HCM-00005887,0
CUS-HCM-00005888,0
CUS-HCM-00005890,0
CUS-HCM-00005895,1
CUS-HCM-00005897,0
CUS-HCM-00005900,1
CUS-HCM-00005902,0
CUS-HCM-00005903,0
CUS-HCM-00005910,0
CUS-HCM-00005912,0
CUS-HCM-00005915,1
CUS-HCM-00005922,0
CUS-HCM-00005926,1
CUS-HCM-00005930,0
CUS-HCM-00005932,1
CUS-HCM-00005934,0
CUS-HCM-00005935,0
CUS-HCM-00005937,0
CUS-HCM-00005943,0
CUS-HCM-00005945,0
CUS-HCM-00005946,0
CUS-HCM-00005947,1
CUS-HCM-00005954,1
CUS-HCM-00005958,1
CUS-HCM-00005961,1
CUS-HCM-00005962,0
CUS-HCM-00005966,0
CUS-HCM-00005972,0
CUS-HCM-00005976,1
CUS-HCM-00005979,0
CUS-HCM-00005987,0
CUS-HCM-00005991,1
CUS-HCM-00006002,1
CUS-HCM-00006004,0
CUS-HCM-00006005,0
CUS-HCM-00006013,0
CUS-HCM-00006015,1
CUS-HCM-00006016,0
CUS-HCM-00006017,0
CUS-HCM-00006023,1
CUS-HCM-00006027,0
CUS-HCM-00006028,1
CUS-HCM-00006030,0
CUS-HCM-00006033,0
CUS-HCM-00006034,0
CUS-HCM-00006039,1
CUS-HCM-00006042,1
CUS-HCM-00006048,1
CUS-HCM-00006049,1
CUS-HCM-00006054,0
CUS-HCM-00006055,0
CUS-HCM-00006056,0
CUS-HCM-00006057,0
CUS-HCM-00006063,0
CUS-HCM-00006068,1
CUS-HCM-00006070,0
CUS-HCM-00006072,0
CUS-HCM-00006073,1
CUS-HCM-00006074,1
CUS-HCM-00006079,0
CUS-HCM-00006081,0
CUS-HCM-00006082,0
CUS-HCM-00006084,1
CUS-HCM-00006085,0
CUS-HCM-00006088,0
CUS-HCM-00006091,0
CUS-HCM-00006092,0
CUS-HCM-00006097,0
CUS-HCM-00006100,1
CUS-HCM-00006102,0
CUS-HCM-00006108,1
CUS-HCM-00006111,1
CUS-HCM-00006113,0
CUS-HCM-00006118,0
CUS-HCM-00006120,0
CUS-HCM-00006121,0
CUS-HCM-00006125,1
CUS-HCM-00006127,1
CUS-HCM-00006128,0
CUS-HCM-00006130,0
CUS-HCM-00006134,1
CUS-HCM-00006136,0
CUS-HCM-00006138,1
CUS-HCM-00006139,1
CUS-HCM-00006141,1
CUS-HCM-00006142,1
CUS-HCM-00006143,0
CUS-HCM-00006156,1
CUS-HCM-00006158,0
CUS-HCM-00006159,0
CUS-HCM-00006181,1
CUS-HCM-00006185,1
CUS-HCM-00006188,1
CUS-HCM-00006192,1
CUS-HCM-00006193,0
CUS-HCM-00006195,0
CUS-HCM-00006198,1
CUS-HCM-00006204,1
CUS-HCM-00006205,1
CUS-HCM-00006209,0
CUS-HCM-00006211,0
CUS-HCM-00006215,0
CUS-HCM-00006216,0
CUS-HCM-00006219,0
CUS-HCM-00006222,0
CUS-HCM-00006224,0
CUS-HCM-00006226,0
CUS-HCM-00006234,0
CUS-HCM-00006236,0
CUS-HCM-00006242,0
CUS-HCM-00006243,1
CUS-HCM-00006245,0
CUS-HCM-00006246,1
CUS-HCM-00006252,1
CUS-HCM-00006258,1
CUS-HCM-00006260,0
CUS-HCM-00006262,0
CUS-HCM-00006263,0
CUS-HCM-00006267,1
CUS-HCM-00006269,1
CUS-HCM-00006270,0
CUS-HCM-00006272,0
CUS-HCM-00006274,0
CUS-HCM-00006275,0
CUS-HCM-00006277,1
CUS-HCM-00006280,0
CUS-HCM-00006282,0
CUS-HCM-00006284,1
CUS-HCM-00006295,0
CUS-HCM-00006301,0
CUS-HCM-00006304,1
CUS-HCM-00006306,1
CUS-HCM-00006311,0
CUS-HCM-00006314,1
CUS-HCM-00006321,0
CUS-HCM-00006324,0
CUS-HCM-00006326,0
CUS-HCM-00006330,1
CUS-HCM-00006339,1
CUS-HCM-00006364,0
CUS-HCM-00006368,1
CUS-HCM-00006372,0
CUS-HCM-00006376,0
CUS-HCM-00006385,0
CUS-HCM-00006388,1
CUS-HCM-00006390,1
CUS-HCM-00006391,0
CUS-HCM-00006394,0
CUS-HCM-00006398,1
CUS-HCM-00006401,1
CUS-HCM-00006402,1
CUS-HCM-00006403,0
CUS-HCM-00006405,0
CUS-HCM-00006408,0
CUS-HCM-00006410,0
CUS-HCM-00006411,0
CUS-HCM-00006416,0
CUS-HCM-00006418,0
CUS-HCM-00006425,0
CUS-HCM-00006426,0
CUS-HCM-00006427,0
CUS-HCM-00006430,0
CUS-HCM-00006433,1
CUS-HCM-00006445,0
CUS-HCM-00006446,0
CUS-HCM-00006461,0
CUS-HCM-00006464,1
CUS-HCM-00006467,0
CUS-HCM-00006475,0
CUS-HCM-00006476,0
CUS-HCM-00006479,0
CUS-HCM-00006487,1
CUS-HCM-00006489,1
CUS-HCM-00006491,0
CUS-HCM-00006494,0
CUS-HCM-00006496,0
CUS-HCM-00006506,0
CUS-HCM-00006508,1
CUS-HCM-00006512,1
CUS-HCM-00006513,0
CUS-HCM-00006515,1
CUS-HCM-00006519,1
CUS-HCM-00006523,0
CUS-HCM-00006524,1
CUS-HCM-00006528,0
CUS-HCM-00006530,1
CUS-HCM-00006534,0
CUS-HCM-00006536,0
CUS-HCM-00006537,0
CUS-HCM-00006542,0
CUS-HCM-00006545,0
CUS-HCM-00006547,0
CUS-HCM-00006552,1
CUS-HCM-00006554,1
CUS-HCM-00006555,0
CUS-HCM-00006558,0
CUS-HCM-00006560,0
CUS-HCM-00006563,1
CUS-HCM-00006584,1
CUS-HCM-00006586,0
CUS-HCM-00006587,0
CUS-HCM-00006591,0
CUS-HCM-00006597,0
CUS-HCM-00006598,1
CUS-HCM-00006599,0
CUS-HCM-00006601,1
CUS-HCM-00006602,1
CUS-HCM-00006604,0
CUS-HCM-00006606,0
CUS-HCM-00006608,0
CUS-HCM-00006609,0
CUS-HCM-00006610,0
CUS-HCM-00006612,0
CUS-HCM-00006614,1
CUS-HCM-00006616,0
CUS-HCM-00006619,0
CUS-HCM-00006620,0
CUS-HCM-00006623,1
CUS-HCM-00006625,1
CUS-HCM-00006629,0
CUS-HCM-00006632,0
CUS-HCM-00006636,0
CUS-HCM-00006637,0
CUS-HCM-00006641,0
CUS-HCM-00006643,0
CUS-HCM-00006646,0
CUS-HCM-00006647,1
CUS-HCM-00006648,0
CUS-HCM-00006663,1
CUS-HCM-00006665,1
CUS-HCM-00006669,0
CUS-HCM-00006676,1
CUS-HCM-00006679,0
CUS-HCM-00006685,0
CUS-HCM-00006692,1
CUS-HCM-00006698,1
CUS-HCM-00006701,0
CUS-HCM-00006704,0
CUS-HCM-00006707,1
CUS-HCM-00006710,0
CUS-HCM-00006711,1
CUS-HCM-00006724,0
CUS-HCM-00006727,1
CUS-HCM-00006735,1
CUS-HCM-00006737,1
CUS-HCM-00006743,1
CUS-HCM-00006744,0
CUS-HCM-00006745,1
CUS-HCM-00006746,0
CUS-HCM-00006751,0
CUS-HCM-00006756,0
CUS-HCM-00006760,0
CUS-HCM-00006761,1
CUS-HCM-00006784,0
CUS-HCM-00006798,1
CUS-HCM-00006800,1
CUS-HCM-00006811,0
CUS-HCM-00006814,1
CUS-HCM-00006816,0
CUS-HCM-00006818,0
CUS-HCM-00006819,0
CUS-HCM-00006824,0
CUS-HCM-00006827,0
CUS-HCM-00006833,0
CUS-HCM-00006836,0
CUS-HCM-00006837,0
CUS-HCM-00006846,1
CUS-HCM-00006847,0
CUS-HCM-00006849,0
CUS-HCM-00006855,0
CUS-HCM-00006857,1
CUS-HCM-00006859,0
CUS-HCM-00006860,0
CUS-HCM-00006861,0
CUS-HCM-00006863,1
CUS-HCM-00006868,0
CUS-HCM-00006875,0
CUS-HCM-00006877,0
CUS-HCM-00006880,1
CUS-HCM-00006881,1
CUS-HCM-00006888,1
CUS-HCM-00006893,0
CUS-HCM-00006894,0
CUS-HCM-00006895,0
CUS-HCM-00006896,0
CUS-HCM-00006898,0
CUS-HCM-00006926,1
CUS-HCM-00006927,1
CUS-HCM-00006931,0
CUS-HCM-00006939,0
CUS-HCM-00006953,0
CUS-HCM-00006962,0
CUS-HCM-00006965,1
CUS-HCM-00006968,1
CUS-HCM-00006973,1
CUS-HCM-00006976,0
CUS-HCM-00006978,0
CUS-HCM-00006988,1
CUS-HCM-00006989,0
CUS-HCM-00006990,1
CUS-HCM-00006991,0
CUS-HCM-00006992,1
CUS-HCM-00007008,0
CUS-HCM-00007009,1
CUS-HCM-00007011,0
CUS-HCM-00007013,0
CUS-HCM-00007015,0
CUS-HCM-00007018,1
CUS-HCM-00007019,1
CUS-HCM-00007025,0
CUS-HCM-00007028,0
CUS-HCM-00007031,0
CUS-HCM-00007032,0
CUS-HCM-00007033,0
CUS-HCM-00007034,0
CUS-HCM-00007035,1
CUS-HCM-00007037,0
CUS-HCM-00007042,0
CUS-HCM-00007043,0
CUS-HCM-00007044,0
CUS-HCM-00007052,0
CUS-HCM-00007055,0
CUS-HCM-00007058,1
CUS-HCM-00007061,1
CUS-HCM-00007062,1
CUS-HCM-00007064,0
CUS-HCM-00007072,0
CUS-HCM-00007077,1
CUS-HCM-00007079,1
CUS-HCM-00007084,0
CUS-HCM-00007089,0
CUS-HCM-00007096,1
CUS-HCM-00007099,0
CUS-HCM-00007100,1
CUS-HCM-00007102,1
CUS-HCM-00007104,0
CUS-HCM-00007106,1
CUS-HCM-00007110,0
CUS-HCM-00007119,1
CUS-HCM-00007122,0
CUS-HCM-00007133,0
CUS-HCM-00007137,1
CUS-HCM-00007138,0
CUS-HCM-00007140,0
CUS-HCM-00007144,1
CUS-HCM-00007159,0
CUS-HCM-00007160,0
CUS-HCM-00007168,1
CUS-HCM-00007170,1
CUS-HCM-00007176,1
CUS-HCM-00007177,0
CUS-HCM-00007181,0
CUS-HCM-00007185,1
CUS-HCM-00007187,0
CUS-HCM-00007189,0
CUS-HCM-00007197,1
CUS-HCM-00007203,1
CUS-HCM-00007208,1
CUS-HCM-00007209,0
CUS-HCM-00007216,0
CUS-HCM-00007220,0
CUS-HCM-00007221,0
CUS-HCM-00007222,1
CUS-HCM-00007224,1
CUS-HCM-00007226,0
CUS-HCM-00007227,0
CUS-HCM-00007229,0
CUS-HCM-00007232,1
CUS-HCM-00007233,1
CUS-HCM-00007248,0
CUS-HCM-00007256,1
CUS-HCM-00007260,1
CUS-HCM-00007264,1
CUS-HCM-00007266,0
CUS-HCM-00007273,0
CUS-HCM-00007274,0
CUS-HCM-00007282,1
CUS-HCM-00007283,1
CUS-HCM-00007284,0
CUS-HCM-00007288,1
CUS-HCM-00007290,0
CUS-HCM-00007292,0
CUS-HCM-00007294,0
CUS-HCM-00007298,1
CUS-HCM-00007307,1
CUS-HCM-00007309,1
CUS-HCM-00007316,1
CUS-HCM-00007321,1
CUS-HCM-00007322,0
CUS-HCM-00007331,0
CUS-HCM-00007339,0
CUS-HCM-00007344,0
CUS-HCM-00007349,0
CUS-HCM-00007350,1
CUS-HCM-00007351,0
CUS-HCM-00007352,1
CUS-HCM-00007358,0
CUS-HCM-00007365,0
CUS-HCM-00007366,0
CUS-HCM-00007367,1
CUS-HCM-00007376,1
CUS-HCM-00007377,0
CUS-HCM-00007384,1
CUS-HCM-00007385,0
CUS-HCM-00007388,0
CUS-HCM-00007389,1
CUS-HCM-00007390,1
CUS-HCM-00007391,0
CUS-HCM-00007392,1
CUS-HCM-00007393,1
CUS-HCM-00007402,0
CUS-HCM-00007406,0
CUS-HCM-00007410,0
CUS-HCM-00007413,0
CUS-HCM-00007417,0
CUS-HCM-00007420,1
CUS-HCM-00007421,1
CUS-HCM-00007422,1
CUS-HCM-00007426,1
CUS-HCM-00007428,0
CUS-HCM-00007434,0
CUS-HCM-00007435,0
CUS-HCM-00007437,0
CUS-HCM-00007439,1
CUS-HCM-00007444,1
CUS-HCM-00007445,1
CUS-HCM-00007451,0
CUS-HCM-00007459,0
CUS-HCM-00007463,1
CUS-HCM-00007466,0
CUS-HCM-00007467,0
CUS-HCM-00007468,0
CUS-HCM-00007471,1
CUS-HCM-00007487,0
CUS-HCM-00007488,0
CUS-HCM-00007489,0
CUS-HCM-00007490,0
CUS-HCM-00007494,0
CUS-HCM-00007500,1
CUS-HCM-00007503,1
CUS-HCM-00007513,1
CUS-HCM-00007520,1
CUS-HCM-00007521,1
CUS-HCM-00007524,1
CUS-HCM-00007525,0
CUS-HCM-00007526,0
CUS-HCM-00007530,0
CUS-HCM-00007531,0
CUS-HCM-00007532,0
CUS-HCM-00007534,1
CUS-HCM-00007539,1
CUS-HCM-00007540,0
CUS-HCM-00007548,0
CUS-HCM-00007549,0
CUS-HCM-00007550,0
CUS-HCM-00007554,0
CUS-HCM-00007563,0
CUS-HCM-00007567,0
CUS-HCM-00007573,0
CUS-HCM-00007575,0
CUS-HCM-00007578,0
CUS-HCM-00007579,0
CUS-HCM-00007581,1
CUS-HCM-00007583,1
CUS-HCM-00007587,0
CUS-HCM-00007608,0
CUS-HCM-00007623,0
CUS-HCM-00007624,1
CUS-HCM-00007626,0
CUS-HCM-00007629,0
CUS-HCM-00007635,0
CUS-HCM-00007636,1
CUS-HCM-00007641,0
CUS-HCM-00007646,0
CUS-HCM-00007647,1
CUS-HCM-00007652,0
CUS-HCM-00007654,0
CUS-HCM-00007655,1
CUS-HCM-00007659,1
CUS-HCM-00007665,0
CUS-HCM-00007672,1
CUS-HCM-00007677,1
CUS-HCM-00007685,0
CUS-HCM-00007691,1
CUS-HCM-00007694,0
CUS-HCM-00007695,1
CUS-HCM-00007699,0
CUS-HCM-00007701,0
CUS-HCM-00007707,0
CUS-HCM-00007714,0
CUS-HCM-00007716,0
CUS-HCM-00007721,1
CUS-HCM-00007723,1
CUS-HCM-00007727,1
CUS-HCM-00007728,1
CUS-HCM-00007730,0
CUS-HCM-00007734,1
CUS-HCM-00007739,1
CUS-HCM-00007752,0
CUS-HCM-00007757,0
CUS-HCM-00007758,0
CUS-HCM-00007763,1
CUS-HCM-00007766,0
CUS-HCM-00007771,0
CUS-HCM-00007772,0
CUS-HCM-00007773,0
CUS-HCM-00007777,0
CUS-HCM-00007779,0
CUS-HCM-00007784,0
CUS-HCM-00007790,1
CUS-HCM-00007793,0
CUS-HCM-00007797,0
CUS-HCM-00007801,0
CUS-HCM-00007805,1
CUS-HCM-00007810,1
CUS-HCM-00007811,1
CUS-HCM-00007814,0
CUS-HCM-00007824,0
CUS-HCM-00007826,1
CUS-HCM-00007828,1
CUS-HCM-00007830,0
CUS-HCM-00007833,0
CUS-HCM-00007837,0
CUS-HCM-00007842,0
CUS-HCM-00007843,0
CUS-HCM-00007845,0
CUS-HCM-00007849,0
CUS-HCM-00007855,0
CUS-HCM-00007857,0
CUS-HCM-00007858,0
CUS-HCM-00007862,0
CUS-HCM-00007863,0
CUS-HCM-00007867,1
CUS-HCM-00007868,0
CUS-HCM-00007871,0
CUS-HCM-00007872,0
CUS-HCM-00007873,0
CUS-HCM-00007874,0
CUS-HCM-00007876,0
CUS-HCM-00007882,0
CUS-HCM-00007885,1
CUS-HCM-00007888,1
CUS-HCM-00007893,0
CUS-HCM-00007894,0
CUS-HCM-00007898,0
CUS-HCM-00007906,0
CUS-HCM-00007912,1
CUS-HCM-00007918,0
CUS-HCM-00007926,0
CUS-HCM-00007927,0
CUS-HCM-00007929,1
CUS-HCM-00007933,0
CUS-HCM-00007934,0
CUS-HCM-00007937,0
CUS-HCM-00007938,0
CUS-HCM-00007939,1
CUS-HCM-00007941,0
CUS-HCM-00007946,0
CUS-HCM-00007954,0
CUS-HCM-00007958,0
CUS-HCM-00007959,0
CUS-HCM-00007961,0
CUS-HCM-00007962,0
CUS-HCM-00007965,0
CUS-HCM-00007969,0
CUS-HCM-00007970,0
CUS-HCM-00007972,0
CUS-HCM-00007974,0
CUS-HCM-00007986,1
CUS-HCM-00007993,0
CUS-HCM-00007995,1
CUS-HCM-00007997,0
CUS-HCM-00007999,0
CUS-HCM-00008004,0
CUS-HCM-00008015,0
CUS-HCM-00008016,0
CUS-HCM-00008021,1
CUS-HCM-00008022,0
CUS-HCM-00008025,0
CUS-HCM-00008035,1
CUS-HCM-00008039,0
CUS-HCM-00008041,0
CUS-HCM-00008046,1
CUS-HCM-00008062,0
CUS-HCM-00008066,0
CUS-HCM-00008067,0
CUS-HCM-00008069,0
CUS-HCM-00008073,1
CUS-HCM-00008077,1
CUS-HCM-00008078,0
CUS-HCM-00008081,1
CUS-HCM-00008083,0
CUS-HCM-00008085,0
CUS-HCM-00008088,1
CUS-HCM-00008090,1
CUS-HCM-00008092,0
CUS-HCM-00008093,1
CUS-HCM-00008095,1
CUS-HCM-00008097,0
CUS-HCM-00008101,0
CUS-HCM-00008102,0
CUS-HCM-00008106,0
CUS-HCM-00008107,0
CUS-HCM-00008112,0
CUS-HCM-00008115,0
CUS-HCM-00008124,0
CUS-HCM-00008135,0
CUS-HCM-00008138,0
CUS-HCM-00008142,0
CUS-HCM-00008147,0
CUS-HCM-00008148,1
CUS-HCM-00008150,0
CUS-HCM-00008158,0
CUS-HCM-00008159,0
CUS-HCM-00008163,0
CUS-HCM-00008164,1
CUS-HCM-00008169,0
CUS-HCM-00008175,1
CUS-HCM-00008181,1
CUS-HCM-00008184,0
CUS-HCM-00008193,0
CUS-HCM-00008198,0
CUS-HCM-00008200,0
CUS-HCM-00008201,0
CUS-HCM-00008203,0
CUS-HCM-00008215,0
CUS-HCM-00008216,1
CUS-HCM-00008225,0
CUS-HCM-00008226,0
CUS-HCM-00008228,0
CUS-HCM-00008231,0
CUS-HCM-00008232,0
CUS-HCM-00008236,0
CUS-HCM-00008241,0
CUS-HCM-00008246,0
CUS-HCM-00008247,1
CUS-HCM-00008248,1
CUS-HCM-00008250,1
CUS-HCM-00008252,1
CUS-HCM-00008256,1
CUS-HCM-00008258,1
CUS-HCM-00008262,1
CUS-HCM-00008268,0
CUS-HCM-00008272,0
CUS-HCM-00008275,1
CUS-HCM-00008285,1
CUS-HCM-00008286,0
CUS-HCM-00008290,0
CUS-HCM-00008294,0
CUS-HCM-00008299,0
CUS-HCM-00008303,1
CUS-HCM-00008306,0
CUS-HCM-00008313,0
CUS-HCM-00008315,0
CUS-HCM-00008321,1
CUS-HCM-00008323,0
CUS-HCM-00008326,0
CUS-HCM-00008331,0
CUS-HCM-00008333,0
CUS-HCM-00008335,0
CUS-HCM-00008338,0
CUS-HCM-00008341,0
CUS-HCM-00008348,1
CUS-HCM-00008349,0
CUS-HCM-00008350,0
CUS-HCM-00008354,1
CUS-HCM-00008358,1
CUS-HCM-00008360,0
CUS-HCM-00008361,0
CUS-HCM-00008367,0
CUS-HCM-00008370,1
CUS-HCM-00008373,0
CUS-HCM-00008383,1
CUS-HCM-00008385,1
CUS-HCM-00008395,0
CUS-HCM-00008402,0
CUS-HCM-00008407,0
CUS-HCM-00008415,0
CUS-HCM-00008420,0
CUS-HCM-00008428,0
CUS-HCM-00008431,1
CUS-HCM-00008432,0
CUS-HCM-00008440,0
CUS-HCM-00008446,0
CUS-HCM-00008449,0
CUS-HCM-00008452,0
CUS-HCM-00008453,1
CUS-HCM-00008455,0
CUS-HCM-00008456,1
CUS-HCM-00008474,0
CUS-HCM-00008476,1
CUS-HCM-00008481,0
CUS-HCM-00008482,1
CUS-HCM-00008488,0
CUS-HCM-00008491,0
CUS-HCM-00008497,0
CUS-HCM-00008500,1
CUS-HCM-00008501,0
CUS-HCM-00008503,1
CUS-HCM-00008508,0
CUS-HCM-00008518,1
CUS-HCM-00008520,0
CUS-HCM-00008525,1
CUS-HCM-00008530,0
CUS-HCM-00008532,0
CUS-HCM-00008533,0
CUS-HCM-00008536,1
CUS-HCM-00008537,0
CUS-HCM-00008539,0
CUS-HCM-00008540,0
CUS-HCM-00008541,0
CUS-HCM-00008542,0
CUS-HCM-00008556,0
CUS-HCM-00008562,0
CUS-HCM-00008564,1
CUS-HCM-00008577,0
CUS-HCM-00008578,1
CUS-HCM-00008580,0
CUS-HCM-00008584,0
CUS-HCM-00008587,0
CUS-HCM-00008592,0
CUS-HCM-00008595,1
CUS-HCM-00008602,1
CUS-HCM-00008607,0
CUS-HCM-00008609,0
CUS-HCM-00008610,0
CUS-HCM-00008611,0
CUS-HCM-00008614,0
CUS-HCM-00008615,1
CUS-HCM-00008619,0
CUS-HCM-00008623,0
CUS-HCM-00008626,0
CUS-HCM-00008633,1
CUS-HCM-00008635,1
CUS-HCM-00008637,0
CUS-HCM-00008640,1
CUS-HCM-00008643,0
CUS-HCM-00008648,0
CUS-HCM-00008654,1
CUS-HCM-00008656,0
CUS-HCM-00008657,0
CUS-HCM-00008665,1
CUS-HCM-00008671,0
CUS-HCM-00008674,0
CUS-HCM-00008675,1
CUS-HCM-00008681,0
CUS-HCM-00008685,0
CUS-HCM-00008686,1
CUS-HCM-00008688,0
CUS-HCM-00008689,0
CUS-HCM-00008693,1
CUS-HCM-00008694,0
CUS-HCM-00008697,1
CUS-HCM-00008699,0
CUS-HCM-00008700,0
CUS-HCM-00008703,1
CUS-HCM-00008707,0
CUS-HCM-00008708,0
CUS-HCM-00008709,0
CUS-HCM-00008712,0
CUS-HCM-00008715,1
CUS-HCM-00008716,0
CUS-HCM-00008717,1
CUS-HCM-00008718,0
CUS-HCM-00008720,0
CUS-HCM-00008729,0
CUS-HCM-00008731,1
CUS-HCM-00008741,0
CUS-HCM-00008743,0
CUS-HCM-00008755,1
CUS-HCM-00008756,0
CUS-HCM-00008757,1
CUS-HCM-00008758,1
CUS-HCM-00008760,0
CUS-HCM-00008762,0
CUS-HCM-00008763,1
CUS-HCM-00008770,0
CUS-HCM-00008771,0
CUS-HCM-00008776,1
CUS-HCM-00008780,0
CUS-HCM-00008782,0
CUS-HCM-00008784,0
CUS-HCM-00008786,0
CUS-HCM-00008799,1
CUS-HCM-00008801,0
CUS-HCM-00008803,1
CUS-HCM-00008804,0
CUS-HCM-00008807,0
CUS-HCM-00008829,1
CUS-HCM-00008831,0
CUS-HCM-00008833,0
CUS-HCM-00008836,0
CUS-HCM-00008839,1
CUS-HCM-00008841,1
CUS-HCM-00008842,1
CUS-HCM-00008843,1
CUS-HCM-00008852,0
CUS-HCM-00008853,0
CUS-HCM-00008856,1
CUS-HCM-00008859,0
CUS-HCM-00008860,0
CUS-HCM-00008861,1
CUS-HCM-00008865,1
CUS-HCM-00008867,0
CUS-HCM-00008873,0
CUS-HCM-00008875,0
CUS-HCM-00008879,1
CUS-HCM-00008884,0
CUS-HCM-00008886,1
CUS-HCM-00008887,0
CUS-HCM-00008890,0
CUS-HCM-00008894,0
CUS-HCM-00008896,0
CUS-HCM-00008897,0
CUS-HCM-00008900,0
CUS-HCM-00008901,1
CUS-HCM-00008906,0
CUS-HCM-00008910,1
CUS-HCM-00008916,1
CUS-HCM-00008918,1
CUS-HCM-00008923,0
CUS-HCM-00008933,0
CUS-HCM-00008937,0
CUS-HCM-00008938,1
CUS-HCM-00008941,0
CUS-HCM-00008942,0
CUS-HCM-00008943,1
CUS-HCM-00008947,1
CUS-HCM-00008950,1
CUS-HCM-00008959,0
CUS-HCM-00008961,1
CUS-HCM-00008966,1
CUS-HCM-00008974,0
CUS-HCM-00008976,1
CUS-HCM-00008977,0
CUS-HCM-00008989,0
CUS-HCM-00008992,1
CUS-HCM-00008993,0
CUS-HCM-00009002,0
CUS-HCM-00009004,0
CUS-HCM-00009005,0
CUS-HCM-00009007,0
CUS-HCM-00009010,0
CUS-HCM-00009029,1
CUS-HCM-00009030,0
CUS-HCM-00009040,1
CUS-HCM-00009041,1
CUS-HCM-00009042,0
CUS-HCM-00009046,1
CUS-HCM-00009047,1
CUS-HCM-00009051,1
CUS-HCM-00009059,0
CUS-HCM-00009065,0
CUS-HCM-00009071,0
CUS-HCM-00009076,0
CUS-HCM-00009079,0
CUS-HCM-00009083,0
CUS-HCM-00009084,0
CUS-HCM-00009085,0
CUS-HCM-00009086,0
CUS-HCM-00009087,1
CUS-HCM-00009093,1
CUS-HCM-00009094,0
CUS-HCM-00009095,0
CUS-HCM-00009107,0
CUS-HCM-00009117,0
CUS-HCM-00009127,1
CUS-HCM-00009131,0
CUS-HCM-00009135,0
CUS-HCM-00009140,0
CUS-HCM-00009143,0
CUS-HCM-00009145,0
CUS-HCM-00009147,0
CUS-HCM-00009150,0
CUS-HCM-00009158,0
CUS-HCM-00009159,0
CUS-HCM-00009168,1
CUS-HCM-00009169,0
CUS-HCM-00009171,1
CUS-HCM-00009173,0
CUS-HCM-00009174,0
CUS-HCM-00009180,0
CUS-HCM-00009182,0
CUS-HCM-00009194,1
CUS-HCM-00009196,1
CUS-HCM-00009198,0
CUS-HCM-00009201,0
CUS-HCM-00009205,0
CUS-HCM-00009209,0
CUS-HCM-00009213,0
CUS-HCM-00009214,1
CUS-HCM-00009215,0
CUS-HCM-00009220,0
CUS-HCM-00009225,0
CUS-HCM-00009231,0
CUS-HCM-00009235,1
CUS-HCM-00009243,0
CUS-HCM-00009244,1
CUS-HCM-00009251,0
CUS-HCM-00009256,1
CUS-HCM-00009262,1
CUS-HCM-00009265,0
CUS-HCM-00009271,0
CUS-HCM-00009276,0
CUS-HCM-00009278,0
CUS-HCM-00009284,1
CUS-HCM-00009286,0
CUS-HCM-00009290,1
CUS-HCM-00009294,0
CUS-HCM-00009295,0
CUS-HCM-00009297,1
CUS-HCM-00009300,1
CUS-HCM-00009303,1
CUS-HCM-00009305,0
CUS-HCM-00009311,0
CUS-HCM-00009313,0
CUS-HCM-00009315,0
CUS-HCM-00009320,0
CUS-HCM-00009323,0
CUS-HCM-00009328,0
CUS-HCM-00009329,0
CUS-HCM-00009332,0
CUS-HCM-00009341,0
CUS-HCM-00009342,0
CUS-HCM-00009344,1
CUS-HCM-00009350,0
CUS-HCM-00009360,0
CUS-HCM-00009366,0
CUS-HCM-00009372,1
CUS-HCM-00009376,0
CUS-HCM-00009378,0
CUS-HCM-00009380,0
CUS-HCM-00009389,0
CUS-HCM-00009390,1
CUS-HCM-00009394,0
CUS-HCM-00009408,0
CUS-HCM-00009413,0
CUS-HCM-00009421,0
CUS-HCM-00009422,0
CUS-HCM-00009424,0
CUS-HCM-00009427,0
CUS-HCM-00009432,0
CUS-HCM-00009440,1
CUS-HCM-00009449,0
CUS-HCM-00009452,1
CUS-HCM-00009456,0
CUS-HCM-00009457,0
CUS-HCM-00009458,1
CUS-HCM-00009462,0
CUS-HCM-00009464,1
CUS-HCM-00009466,1
CUS-HCM-00009467,0
CUS-HCM-00009470,1
CUS-HCM-00009472,0
CUS-HCM-00009473,0
CUS-HCM-00009474,0
CUS-HCM-00009486,0
CUS-HCM-00009495,0
CUS-HCM-00009496,0
CUS-HCM-00009497,1
CUS-HCM-00009498,0
CUS-HCM-00009500,0
CUS-HCM-00009504,0
CUS-HCM-00009508,1
CUS-HCM-00009510,1
CUS-HCM-00009513,0
CUS-HCM-00009515,0
CUS-HCM-00009520,1
CUS-HCM-00009523,0
CUS-HCM-00009525,0
CUS-HCM-00009528,0
CUS-HCM-00009530,0
CUS-HCM-00009538,0
CUS-HCM-00009540,1
CUS-HCM-00009550,1
CUS-HCM-00009552,0
CUS-HCM-00009554,0
CUS-HCM-00009555,0
CUS-HCM-00009556,0
CUS-HCM-00009562,0
CUS-HCM-00009563,0
CUS-HCM-00009567,0
CUS-HCM-00009569,0
CUS-HCM-00009571,0
CUS-HCM-00009575,0
CUS-HCM-00009577,0
CUS-HCM-00009579,0
CUS-HCM-00009580,1
CUS-HCM-00009582,0
CUS-HCM-00009583,0
CUS-HCM-00009590,0
CUS-HCM-00009592,1
CUS-HCM-00009597,0
CUS-HCM-00009602,1
CUS-HCM-00009605,0
CUS-HCM-00009614,0
CUS-HCM-00009615,0
CUS-HCM-00009617,0
CUS-HCM-00009618,1
CUS-HCM-00009621,1
CUS-HCM-00009627,0
CUS-HCM-00009633,0
CUS-HCM-00009636,0
CUS-HCM-00009642,1
CUS-HCM-00009644,1
CUS-HCM-00009649,1
CUS-HCM-00009653,0
CUS-HCM-00009658,1
CUS-HCM-00009663,0
CUS-HCM-00009665,0
CUS-HCM-00009676,1
CUS-HCM-00009682,1
CUS-HCM-00009685,0
CUS-HCM-00009686,1
CUS-HCM-00009689,0
CUS-HCM-00009690,1
CUS-HCM-00009692,1
CUS-HCM-00009694,0
CUS-HCM-00009699,1
CUS-HCM-00009700,1
CUS-HCM-00009701,1
CUS-HCM-00009702,0
CUS-HCM-00009706,1
CUS-HCM-00009715,0
CUS-HCM-00009717,1
CUS-HCM-00009718,0
CUS-HCM-00009720,1
CUS-HCM-00009727,0
CUS-HCM-00009728,0
CUS-HCM-00009734,0
CUS-HCM-00009735,0
CUS-HCM-00009737,0
CUS-HCM-00009738,0
CUS-HCM-00009750,0
CUS-HCM-00009754,0
CUS-HCM-00009759,1
CUS-HCM-00009760,1
CUS-HCM-00009762,1
CUS-HCM-00009767,1
CUS-HCM-00009770,0
CUS-HCM-00009776,1
CUS-HCM-00009777,0
CUS-HCM-00009781,1
CUS-HCM-00009784,0
CUS-HCM-00009787,0
CUS-HCM-00009789,0
CUS-HCM-00009791,0
CUS-HCM-00009792,1
CUS-HCM-00009793,0
CUS-HCM-00009794,0
CUS-HCM-00009795,0
CUS-HCM-00009797,0
CUS-HCM-00009799,1
CUS-HCM-00009801,0
CUS-HCM-00009805,0
CUS-HCM-00009808,1
CUS-HCM-00009814,1
CUS-HCM-00009816,0
CUS-HCM-00009817,1
CUS-HCM-00009818,0
CUS-HCM-00009826,1
CUS-HCM-00009832,0
CUS-HCM-00009836,1
CUS-HCM-00009837,1
CUS-HCM-00009842,0
CUS-HCM-00009843,0
CUS-HCM-00009845,0
CUS-HCM-00009850,1
CUS-HCM-00009851,0
CUS-HCM-00009854,0
CUS-HCM-00009855,1
CUS-HCM-00009856,0
CUS-HCM-00009861,0
CUS-HCM-00009863,1
CUS-HCM-00009865,0
CUS-HCM-00009867,0
CUS-HCM-00009869,1
CUS-HCM-00009871,1
CUS-HCM-00009874,1
CUS-HCM-00009875,0
CUS-HCM-00009879,0
CUS-HCM-00009881,0
CUS-HCM-00009882,1
CUS-HCM-00009885,1
CUS-HCM-00009889,0
CUS-HCM-00009893,1
CUS-HCM-00009901,1
CUS-HCM-00009902,0
CUS-HCM-00009911,0
CUS-HCM-00009914,0
CUS-HCM-00009919,1
CUS-HCM-00009921,1
CUS-HCM-00009924,1
CUS-HCM-00009925,1
CUS-HCM-00009928,0
CUS-HCM-00009931,1
CUS-HCM-00009934,0
CUS-HCM-00009942,0
CUS-HCM-00009946,1
CUS-HCM-00009948,1
CUS-HCM-00009951,0
CUS-HCM-00009958,0
CUS-HCM-00009963,1
CUS-HCM-00009965,0
CUS-HCM-00009966,0
CUS-HCM-00009969,0
CUS-HCM-00009972,0
CUS-HCM-00009976,1
CUS-HCM-00009979,0
CUS-HCM-00009980,1
CUS-HCM-00009982,0
CUS-HCM-00009994,0
CUS-HCM-00009998,0
CUS-HCM-00010003,1
CUS-HCM-00010004,1
CUS-HCM-00010006,0
CUS-HCM-00010009,0
CUS-HCM-00010013,1
CUS-HCM-00010014,0
CUS-HCM-00010016,1
CUS-HCM-00010019,0
CUS-HCM-00010021,0
CUS-HCM-00010025,0
CUS-HCM-00010026,0
CUS-HCM-00010028,0
CUS-HCM-00010034,1
CUS-HCM-00010041,1
CUS-HCM-00010051,0
CUS-HCM-00010052,0
CUS-HCM-00010056,1
CUS-HCM-00010057,0
CUS-HCM-00010064,0
CUS-HCM-00010069,1
CUS-HCM-00010070,0
CUS-HCM-00010075,0
CUS-HCM-00010078,0
CUS-HCM-00010082,0
CUS-HCM-00010083,0
CUS-HCM-00010089,1
CUS-HCM-00010092,0
CUS-HCM-00010093,0
CUS-HCM-00010097,1
CUS-HCM-00010099,0
CUS-HCM-00010100,1
CUS-HCM-00010115,0
CUS-HCM-00010121,0
CUS-HCM-00010122,0
CUS-HCM-00010123,0
CUS-HCM-00010124,1
CUS-HCM-00010125,0
CUS-HCM-00010127,0
CUS-HCM-00010129,0
CUS-HCM-00010132,1
CUS-HCM-00010136,1
CUS-HCM-00010140,0
CUS-HCM-00010141,0
CUS-HCM-00010144,0
CUS-HCM-00010147,1
CUS-HCM-00010148,0
CUS-HCM-00010153,0
CUS-HCM-00010161,1
CUS-HCM-00010165,0
CUS-HCM-00010170,0
CUS-HCM-00010174,0
CUS-HCM-00010175,0
CUS-HCM-00010177,0
CUS-HCM-00010179,0
CUS-HCM-00010183,1
CUS-HCM-00010184,1
CUS-HCM-00010185,0
CUS-HCM-00010186,0
CUS-HCM-00010189,0
CUS-HCM-00010190,1
CUS-HCM-00010192,1
CUS-HCM-00010195,0
CUS-HCM-00010197,0
CUS-HCM-00010208,0
CUS-HCM-00010209,0
CUS-HCM-00010211,1
CUS-HCM-00010213,1
CUS-HCM-00010218,0
CUS-HCM-00010219,0
CUS-HCM-00010228,0
CUS-HCM-00010229,0
CUS-HCM-00010236,0
CUS-HCM-00010238,0
CUS-HCM-00010242,0
CUS-HCM-00010243,0
CUS-HCM-00010247,0
CUS-HCM-00010249,1
CUS-HCM-00010263,0
CUS-HCM-00010264,0
CUS-HCM-00010270,1
CUS-HCM-00010275,0
CUS-HCM-00010276,0
CUS-HCM-00010279,1
CUS-HCM-00010285,0
CUS-HCM-00010286,1
CUS-HCM-00010290,0
CUS-HCM-00010295,0
CUS-HCM-00010301,1
CUS-HCM-00010308,0
CUS-HCM-00010310,0
CUS-HCM-00010311,0
CUS-HCM-00010323,0
CUS-HCM-00010325,1
CUS-HCM-00010326,0
CUS-HCM-00010327,0
CUS-HCM-00010328,1
CUS-HCM-00010334,0
CUS-HCM-00010335,1
CUS-HCM-00010343,1
CUS-HCM-00010351,0
CUS-HCM-00010363,0
CUS-HCM-00010365,0
CUS-HCM-00010366,0
CUS-HCM-00010371,0
CUS-HCM-00010372,0
CUS-HCM-00010373,1
CUS-HCM-00010374,1
CUS-HCM-00010378,1
CUS-HCM-00010380,0
CUS-HCM-00010383,1
CUS-HCM-00010389,1
CUS-HCM-00010390,1
CUS-HCM-00010397,0
CUS-HCM-00010402,1
CUS-HCM-00010405,0
CUS-HCM-00010406,0
CUS-HCM-00010410,1
CUS-HCM-00010412,0
CUS-HCM-00010413,0
CUS-HCM-00010418,0
CUS-HCM-00010419,1
CUS-HCM-00010421,0
CUS-HCM-00010422,1
CUS-HCM-00010424,1
CUS-HCM-00010427,0
CUS-HCM-00010431,0
CUS-HCM-00010437,1
CUS-HCM-00010446,1
CUS-HCM-00010448,0
CUS-HCM-00010449,1
CUS-HCM-00010454,1
CUS-HCM-00010458,1
CUS-HCM-00010463,0
CUS-HCM-00010465,1
CUS-HCM-00010468,1
CUS-HCM-00010470,1
CUS-HCM-00010471,0
CUS-HCM-00010476,1
CUS-HCM-00010479,0
CUS-HCM-00010482,0
CUS-HCM-00010485,0
CUS-HCM-00010487,0
CUS-HCM-00010488,0
CUS-HCM-00010491,0
CUS-HCM-00010502,0
CUS-HCM-00010503,0
CUS-HCM-00010508,0
CUS-HCM-00010509,0
CUS-HCM-00010513,1
CUS-HCM-00010516,0
CUS-HCM-00010517,1
CUS-HCM-00010523,1
CUS-HCM-00010529,1
CUS-HCM-00010532,1
CUS-HCM-00010535,0
CUS-HCM-00010543,0
CUS-HCM-00010545,1
CUS-HCM-00010552,0
CUS-HCM-00010554,0
CUS-HCM-00010558,0
CUS-HCM-00010564,1
CUS-HCM-00010567,0
CUS-HCM-00010579,0
CUS-HCM-00010580,1
CUS-HCM-00010589,1
CUS-HCM-00010591,0
CUS-HCM-00010597,0
CUS-HCM-00010599,1
CUS-HCM-00010606,0
CUS-HCM-00010611,0
CUS-HCM-00010612,0
CUS-HCM-00010614,0
CUS-HCM-00010627,0
CUS-HCM-00010628,0
CUS-HCM-00010631,1
CUS-HCM-00010636,0
CUS-HCM-00010649,0
CUS-HCM-00010650,1
CUS-HCM-00010654,0
CUS-HCM-00010656,0
CUS-HCM-00010661,0
CUS-HCM-00010665,1
CUS-HCM-00010668,0
CUS-HCM-00010669,0
CUS-HCM-00010670,1
CUS-HCM-00010671,1
CUS-HCM-00010679,0
CUS-HCM-00010693,0
CUS-HCM-00010694,1
CUS-HCM-00010696,1
CUS-HCM-00010703,1
CUS-HCM-00010705,0
CUS-HCM-00010714,0
CUS-HCM-00010719,1
CUS-HCM-00010721,0
CUS-HCM-00010723,1
CUS-HCM-00010724,1
CUS-HCM-00010732,1
CUS-HCM-00010735,1
CUS-HCM-00010743,0
CUS-HCM-00010750,0
CUS-HCM-00010752,0
CUS-HCM-00010754,1
CUS-HCM-00010761,1
CUS-HCM-00010763,0
CUS-HCM-00010767,1
CUS-HCM-00010771,1
CUS-HCM-00010775,0
CUS-HCM-00010783,0
CUS-HCM-00010784,1
CUS-HCM-00010788,0
CUS-HCM-00010789,0
CUS-HCM-00010790,0
CUS-HCM-00010795,0
CUS-HCM-00010797,0
CUS-HCM-00010801,1
CUS-HCM-00010802,0
CUS-HCM-00010804,0
CUS-HCM-00010809,0
CUS-HCM-00010815,0
CUS-HCM-00010816,0
CUS-HCM-00010819,0
CUS-HCM-00010822,0
CUS-HCM-00010823,0
CUS-HCM-00010832,0
CUS-HCM-00010836,0
CUS-HCM-00010839,0
CUS-HCM-00010843,0
CUS-HCM-00010845,0
CUS-HCM-00010848,0
CUS-HCM-00010864,1
CUS-HCM-00010866,1
CUS-HCM-00010867,0
CUS-HCM-00010868,0
CUS-HCM-00010872,0
CUS-HCM-00010874,0
CUS-HCM-00010877,0
CUS-HCM-00010881,1
CUS-HCM-00010886,0
CUS-HCM-00010890,0
CUS-HCM-00010892,1
CUS-HCM-00010899,0
CUS-HCM-00010900,0
CUS-HCM-00010901,0
CUS-HCM-00010905,0
CUS-HCM-00010906,0
CUS-HCM-00010908,1
CUS-HCM-00010920,0
CUS-HCM-00010926,0
CUS-HCM-00010931,0
CUS-HCM-00010936,1
CUS-HCM-00010950,0
CUS-HCM-00010961,1
CUS-HCM-00010962,0
CUS-HCM-00010966,0
CUS-HCM-00010978,0
CUS-HCM-00010983,0
CUS-HCM-00010984,0
CUS-HCM-00010986,1
CUS-HCM-00010987,1
CUS-HCM-00010989,0
CUS-HCM-00010994,0
CUS-HCM-00011002,0
CUS-HCM-00011006,0
CUS-HCM-00011019,0
CUS-HCM-00011025,0
CUS-HCM-00011027,1
CUS-HCM-00011032,0
CUS-HCM-00011050,0
CUS-HCM-00011051,0
CUS-HCM-00011057,0
CUS-HCM-00011058,0
CUS-HCM-00011060,1
CUS-HCM-00011063,0
CUS-HCM-00011065,1
CUS-HCM-00011072,1
CUS-HCM-00011077,0
CUS-HCM-00011079,1
CUS-HCM-00011083,0
CUS-HCM-00011092,1
CUS-HCM-00011095,0
CUS-HCM-00011097,0
CUS-HCM-00011099,0
CUS-HCM-00011102,1
CUS-HCM-00011106,1
CUS-HCM-00011113,0
CUS-HCM-00011117,0
CUS-HCM-00011124,1
CUS-HCM-00011128,1
CUS-HCM-00011129,0
CUS-HCM-00011131,0
CUS-HCM-00011133,0
CUS-HCM-00011140,0
CUS-HCM-00011144,1
CUS-HCM-00011145,0
CUS-HCM-00011147,0
CUS-HCM-00011148,1
CUS-HCM-00011149,0
CUS-HCM-00011151,0
CUS-HCM-00011152,1
CUS-HCM-00011153,1
CUS-HCM-00011155,0
CUS-HCM-00011156,0
CUS-HCM-00011159,0
CUS-HCM-00011160,1
CUS-HCM-00011161,0
CUS-HCM-00011163,1
CUS-HCM-00011167,0
CUS-HCM-00011171,0
CUS-HCM-00011181,0
CUS-HCM-00011182,0
CUS-HCM-00011185,0
CUS-HCM-00011189,0
CUS-HCM-00011192,0
CUS-HCM-00011197,1
CUS-HCM-00011198,0
CUS-HCM-00011199,1
CUS-HCM-00011200,0
CUS-HCM-00011202,1
CUS-HCM-00011204,0
CUS-HCM-00011205,1
CUS-HCM-00011206,0
CUS-HCM-00011210,0
CUS-HCM-00011214,0
CUS-HCM-00011215,1
CUS-HCM-00011216,0
CUS-HCM-00011223,0
CUS-HCM-00011225,1
CUS-HCM-00011226,1
CUS-HCM-00011231,0
CUS-HCM-00011233,0
CUS-HCM-00011240,0
CUS-HCM-00011242,0
CUS-HCM-00011247,0
CUS-HCM-00011249,1
CUS-HCM-00011253,1
CUS-HCM-00011254,0
CUS-HCM-00011256,0
CUS-HCM-00011257,1
CUS-HCM-00011260,0
CUS-HCM-00011265,0
CUS-HCM-00011266,1
CUS-HCM-00011269,1
CUS-HCM-00011270,1
CUS-HCM-00011274,0
CUS-HCM-00011275,0
CUS-HCM-00011277,1
CUS-HCM-00011278,1
CUS-HCM-00011281,0
CUS-HCM-00011284,0
CUS-HCM-00011290,0
CUS-HCM-00011293,0
CUS-HCM-00011307,1
CUS-HCM-00011309,0
CUS-HCM-00011310,0
CUS-HCM-00011314,0
CUS-HCM-00011315,0
CUS-HCM-00011316,1
CUS-HCM-00011318,0
CUS-HCM-00011320,1
CUS-HCM-00011325,1
CUS-HCM-00011328,0
CUS-HCM-00011335,0
CUS-HCM-00011336,1
CUS-HCM-00011337,0
CUS-HCM-00011340,0
CUS-HCM-00011342,1
CUS-HCM-00011344,0
CUS-HCM-00011348,0
CUS-HCM-00011351,0
CUS-HCM-00011353,1
CUS-HCM-00011354,1
CUS-HCM-00011356,0
CUS-HCM-00011359,0
CUS-HCM-00011360,1
CUS-HCM-00011367,1
CUS-HCM-00011371,0
CUS-HCM-00011373,0
CUS-HCM-00011375,0
CUS-HCM-00011376,1
CUS-HCM-00011382,0
CUS-HCM-00011386,0
CUS-HCM-00011387,0
CUS-HCM-00011389,1
CUS-HCM-00011399,0
CUS-HCM-00011403,0
CUS-HCM-00011404,0
CUS-HCM-00011410,1
CUS-HCM-00011411,1
CUS-HCM-00011412,1
CUS-HCM-00011422,0
CUS-HCM-00011424,1
CUS-HCM-00011425,0
CUS-HCM-00011428,0
CUS-HCM-00011429,1
CUS-HCM-00011431,0
CUS-HCM-00011432,1
CUS-HCM-00011438,1
CUS-HCM-00011443,0
CUS-HCM-00011444,0
CUS-HCM-00011446,0
CUS-HCM-00011448,0
CUS-HCM-00011454,0
CUS-HCM-00011456,1
CUS-HCM-00011457,0
CUS-HCM-00011458,0
CUS-HCM-00011460,0
CUS-HCM-00011473,1
CUS-HCM-00011474,0
CUS-HCM-00011475,0
CUS-HCM-00011476,0
CUS-HCM-00011477,1
CUS-HCM-00011483,0
CUS-HCM-00011489,1
CUS-HCM-00011491,1
CUS-HCM-00011492,1
CUS-HCM-00011493,0
CUS-HCM-00011494,0
CUS-HCM-00011497,0
CUS-HCM-00011508,0
CUS-HCM-00011514,0
CUS-HCM-00011515,0
CUS-HCM-00011519,1
CUS-HCM-00011522,0
CUS-HCM-00011524,1
CUS-HCM-00011527,0
CUS-HCM-00011532,1
CUS-HCM-00011533,1
CUS-HCM-00011535,1
CUS-HCM-00011536,1
CUS-HCM-00011538,1
CUS-HCM-00011542,0
CUS-HCM-00011551,0
CUS-HCM-00011554,1
CUS-HCM-00011557,1
CUS-HCM-00011564,1
CUS-HCM-00011565,0
CUS-HCM-00011576,1
CUS-HCM-00011578,0
CUS-HCM-00011588,0
CUS-HCM-00011589,0
CUS-HCM-00011590,1
CUS-HCM-00011592,0
CUS-HCM-00011600,0
CUS-HCM-00011602,0
CUS-HCM-00011603,0
CUS-HCM-00011605,0
CUS-HCM-00011606,1
CUS-HCM-00011609,0
CUS-HCM-00011610,1
CUS-HCM-00011611,0
CUS-HCM-00011613,0
CUS-HCM-00011616,0
CUS-HCM-00011618,0
CUS-HCM-00011620,0
CUS-HCM-00011627,0
CUS-HCM-00011633,0
CUS-HCM-00011634,0
CUS-HCM-00011642,0
CUS-HCM-00011646,1
CUS-HCM-00011655,1
CUS-HCM-00011659,0
CUS-HCM-00011675,0
CUS-HCM-00011676,0
CUS-HCM-00011687,0
CUS-HCM-00011688,0
CUS-HCM-00011691,1
CUS-HCM-00011693,1
CUS-HCM-00011694,0
CUS-HCM-00011703,0
CUS-HCM-00011705,0
CUS-HCM-00011708,0
CUS-HCM-00011712,1
CUS-HCM-00011713,0
CUS-HCM-00011721,1
CUS-HCM-00011725,0
CUS-HCM-00011726,0
CUS-HCM-00011730,0
CUS-HCM-00011734,1
CUS-HCM-00011748,1
CUS-HCM-00011752,0
CUS-HCM-00011763,0
CUS-HCM-00011764,1
CUS-HCM-00011766,1
CUS-HCM-00011769,1
CUS-HCM-00011770,0
CUS-HCM-00011775,1
CUS-HCM-00011776,0
CUS-HCM-00011777,0
CUS-HCM-00011781,0
CUS-HCM-00011786,0
CUS-HCM-00011790,0
CUS-HCM-00011794,1
CUS-HCM-00011799,0
CUS-HCM-00011809,0
CUS-HCM-00011818,0
CUS-HCM-00011819,0
CUS-HCM-00011828,1
CUS-HCM-00011829,1
CUS-HCM-00011830,1
CUS-HCM-00011831,1
CUS-HCM-00011832,1
CUS-HCM-00011835,0
CUS-HCM-00011840,0
CUS-HCM-00011849,1
CUS-HCM-00011850,0
CUS-HCM-00011851,0
CUS-HCM-00011852,0
CUS-HCM-00011855,0
CUS-HCM-00011857,1
CUS-HCM-00011869,0
CUS-HCM-00011870,1
CUS-HCM-00011871,0
CUS-HCM-00011874,0
CUS-HCM-00011878,1
CUS-HCM-00011879,0
CUS-HCM-00011888,1
CUS-HCM-00011890,0
CUS-HCM-00011892,1
CUS-HCM-00011895,0
CUS-HCM-00011896,1
CUS-HCM-00011898,1
CUS-HCM-00011901,0
CUS-HCM-00011914,1
CUS-HCM-00011925,1
CUS-HCM-00011933,0
CUS-HCM-00011943,0
CUS-HCM-00011944,1
CUS-HCM-00011945,0
CUS-HCM-00011947,1
CUS-HCM-00011953,1
CUS-HCM-00011958,1
CUS-HCM-00011960,1
CUS-HCM-00011962,0
CUS-HCM-00011964,0
CUS-HCM-00011965,0
CUS-HCM-00011966,0
CUS-HCM-00011972,1
CUS-HCM-00011975,0
CUS-HCM-00011976,0
CUS-HCM-00011977,1
CUS-HCM-00011979,1
CUS-HCM-00011982,0
CUS-HCM-00011984,0
CUS-HCM-00011985,1
CUS-HCM-00011987,0
CUS-HCM-00011988,1
CUS-HCM-00011992,0
CUS-HCM-00011995,0
CUS-HCM-00011997,0
CUS-HPH-00000017,0
CUS-HPH-00000058,1
CUS-HPH-00000063,1
CUS-HPH-00000066,1
CUS-HPH-00000067,0
CUS-HPH-00000079,1
CUS-HPH-00000114,0
CUS-HPH-00000121,0
CUS-HPH-00000130,0
CUS-HPH-00000133,1
CUS-HPH-00000135,0
CUS-HPH-00000144,0
CUS-HPH-00000154,0
CUS-HPH-00000165,1
CUS-HPH-00000197,0
CUS-HPH-00000212,0
CUS-HPH-00000228,1
CUS-HPH-00000234,0
CUS-HPH-00000245,0
CUS-HPH-00000247,1
CUS-HPH-00000260,0
CUS-HPH-00000274,0
CUS-HPH-00000285,0
CUS-HPH-00000344,0
CUS-HPH-00000349,0
CUS-HPH-00000353,1
CUS-HPH-00000354,0
CUS-HPH-00000360,1
CUS-HPH-00000381,1
CUS-HPH-00000393,0
CUS-HPH-00000425,0
CUS-HPH-00000461,1
CUS-HPH-00000465,0
CUS-HPH-00000483,0
CUS-HPH-00000489,1
CUS-HPH-00000490,0
CUS-HPH-00000496,0
CUS-HPH-00000524,0
CUS-HPH-00000542,1
CUS-HPH-00000559,0
CUS-HPH-00000578,0
CUS-HPH-00000594,1
CUS-HPH-00000611,0
CUS-HPH-00000629,1
CUS-HPH-00000659,0
CUS-HPH-00000672,1
CUS-HPH-00000675,1
CUS-HPH-00000690,0
CUS-HPH-00000698,0
CUS-HPH-00000706,0
CUS-HPH-00000717,0
CUS-HPH-00000772,0
CUS-HPH-00000773,0
CUS-HPH-00000784,1
CUS-HPH-00000790,0
CUS-HPH-00000804,0
CUS-HPH-00000814,0
CUS-HPH-00000822,1
CUS-HPH-00000827,0
CUS-HPH-00000832,0
CUS-HPH-00000836,0
CUS-HPH-00000864,0
CUS-HPH-00000879,0
CUS-HPH-00000880,1
CUS-HPH-00000882,0
CUS-HPH-00000920,0
CUS-HPH-00000924,0
CUS-HPH-00000929,1
CUS-HPH-00000969,0
CUS-HPH-00000976,0
CUS-HPH-00001012,0
CUS-HPH-00001031,0
CUS-HPH-00001059,0
CUS-HPH-00001077,0
CUS-HPH-00001095,1
CUS-HPH-00001126,1
CUS-HPH-00001201,0
CUS-HPH-00001202,1
CUS-HPH-00001207,0
CUS-HPH-00001213,1
CUS-HPH-00001218,0
CUS-HPH-00001232,1
CUS-HPH-00001265,0
CUS-HPH-00001274,0
CUS-HPH-00001280,1
CUS-HPH-00001290,0
CUS-HPH-00001293,1
CUS-HPH-00001302,1
CUS-HPH-00001307,0
CUS-HPH-00001313,1
CUS-HPH-00001317,0
CUS-HPH-00001328,0
CUS-HPH-00001338,0
CUS-HPH-00001344,1
CUS-HPH-00001346,0
CUS-HPH-00001399,0
CUS-HPH-00001417,1
CUS-HPH-00001418,1
CUS-HPH-00001446,0
CUS-HPH-00001462,1
CUS-HPH-00001483,1
CUS-HPH-00001533,1
CUS-HPH-00001572,1
CUS-HPH-00001573,0
CUS-HPH-00001585,0
CUS-HPH-00001588,1
CUS-HPH-00001618,0
CUS-HPH-00001689,0
CUS-HPH-00001718,0
CUS-HPH-00001724,0
CUS-HPH-00001756,0
CUS-HPH-00001771,0
CUS-HPH-00001797,0
CUS-HPH-00001799,1
CUS-HPH-00001816,1
CUS-HPH-00001824,1
CUS-HPH-00001842,0
CUS-HPH-00001861,0
CUS-HPH-00001879,1
CUS-HPH-00001880,0
CUS-HPH-00001893,0
CUS-HPH-00001901,0
CUS-HPH-00001905,0
CUS-HPH-00001914,0
CUS-HPH-00001919,0
CUS-HPH-00001938,1
CUS-HPH-00001957,0
CUS-HPH-00001963,1
CUS-HPH-00002030,0
CUS-HPH-00002039,0
CUS-HPH-00002048,0
CUS-HPH-00002093,0
CUS-HPH-00002105,1
CUS-HPH-00002155,1
CUS-HPH-00002176,1
CUS-HPH-00002188,1
CUS-HPH-00002192,1
CUS-HPH-00002195,1
CUS-HPH-00002206,1
CUS-HPH-00002254,1
CUS-HPH-00002265,0
CUS-HPH-00002277,0
CUS-HPH-00002309,0
CUS-HPH-00002329,0
CUS-HPH-00002331,0
CUS-HPH-00002339,1
CUS-HPH-00002354,1
CUS-HPH-00002378,0
CUS-HPH-00002391,0
CUS-HPH-00002395,0
CUS-HPH-00002400,0
CUS-HPH-00002401,0
CUS-HPH-00002407,1
CUS-HPH-00002433,0
CUS-HPH-00002437,1
CUS-HPH-00002446,1
CUS-HPH-00002449,0
CUS-HPH-00002450,0
CUS-HPH-00002457,0
CUS-HPH-00002464,0
CUS-HPH-00002468,0
CUS-HPH-00002469,0
CUS-HPH-00002490,1
CUS-HPH-00002497,0
CUS-HPH-00002519,0
CUS-HPH-00002522,1
CUS-HPH-00002536,0
CUS-HPH-00002551,1
CUS-HPH-00002565,0
CUS-HPH-00002572,1
CUS-HPH-00002575,0
CUS-HPH-00002625,0
CUS-HPH-00002627,0
CUS-HPH-00002643,0
CUS-HPH-00002658,1
CUS-HPH-00002669,0
CUS-HPH-00002675,1
CUS-HPH-00002684,0
CUS-HPH-00002720,1
CUS-HPH-00002733,0
CUS-HPH-00002740,1
CUS-HPH-00002796,0
CUS-HPH-00002804,0
CUS-HPH-00002816,0
CUS-HPH-00002818,0
CUS-HPH-00002846,1
CUS-HPH-00002868,0
CUS-HPH-00002883,0
CUS-HPH-00002885,0
CUS-HPH-00002910,0
CUS-HPH-00002926,0
CUS-HPH-00002928,0
CUS-HPH-00002931,1
CUS-HPH-00002933,0
CUS-HPH-00002964,1
CUS-HPH-00002966,0
CUS-HPH-00002969,0
CUS-HPH-00002984,0
CUS-HPH-00002988,1
CUS-HPH-00002994,0
CUS-HPH-00002995,0
CUS-HPH-00003002,0
CUS-HPH-00003007,1
CUS-HPH-00003024,0
CUS-HPH-00003029,1
CUS-HPH-00003061,0
CUS-HPH-00003079,0
CUS-HPH-00003089,0
CUS-HPH-00003127,0
CUS-HPH-00003152,0
CUS-HPH-00003165,1
CUS-HPH-00003170,0
CUS-HPH-00003193,1
CUS-HPH-00003197,1
CUS-HPH-00003214,0
CUS-HPH-00003242,1
CUS-HPH-00003246,0
CUS-HPH-00003252,1
CUS-HPH-00003259,0
CUS-HPH-00003272,1
CUS-HPH-00003293,1
CUS-HPH-00003309,0
CUS-HPH-00003313,0
CUS-HPH-00003325,0
CUS-HPH-00003348,1
CUS-HPH-00003357,0
CUS-HPH-00003363,1
CUS-HPH-00003364,1
CUS-HPH-00003384,1
CUS-HPH-00003387,0
CUS-HPH-00003431,0
CUS-HPH-00003432,0
CUS-HPH-00003436,1
CUS-HPH-00003440,0
CUS-HPH-00003452,0
CUS-HPH-00003473,0
CUS-HPH-00003475,1
CUS-HPH-00003480,0
CUS-HPH-00003484,1
CUS-HPH-00003491,0
CUS-HPH-00003502,0
CUS-HPH-00003506,0
CUS-HPH-00003517,0
CUS-HPH-00003519,1
CUS-HPH-00003538,1
CUS-HPH-00003542,0
CUS-HPH-00003552,1
CUS-HPH-00003615,1
CUS-HPH-00003626,1
CUS-HPH-00003633,1
CUS-HPH-00003635,0
CUS-HPH-00003670,1
CUS-HPH-00003678,1
CUS-HPH-00003692,0
CUS-HPH-00003694,0
CUS-HPH-00003703,1
CUS-HPH-00003733,1
CUS-HPH-00003734,0
CUS-HPH-00003795,0
CUS-HPH-00003811,0
CUS-HPH-00003813,1
CUS-HPH-00003826,0
CUS-HPH-00003844,1
CUS-HPH-00003855,0
CUS-HPH-00003867,0
CUS-HPH-00003909,0
CUS-HPH-00003918,0
CUS-HPH-00003926,0
CUS-HPH-00003932,0
CUS-HPH-00003944,0
CUS-HPH-00003956,1
CUS-HPH-00003983,0
CUS-HPH-00004015,1
CUS-HPH-00004016,0
CUS-HPH-00004034,0
CUS-HPH-00004053,1
CUS-HPH-00004064,0
CUS-HPH-00004078,1
CUS-HPH-00004085,0
CUS-HPH-00004097,0
CUS-HPH-00004103,1
CUS-HPH-00004117,0
CUS-HPH-00004155,0
CUS-HPH-00004176,0
CUS-HPH-00004193,0
CUS-HPH-00004215,0
CUS-HPH-00004227,1
CUS-HPH-00004229,0
CUS-HPH-00004290,0
CUS-HPH-00004294,0
CUS-HPH-00004298,0
CUS-HPH-00004307,0
CUS-HPH-00004322,1
CUS-HPH-00004326,1
CUS-HPH-00004343,1
CUS-HPH-00004362,1
CUS-HPH-00004368,0
CUS-HPH-00004375,0
CUS-HPH-00004390,1
CUS-HPH-00004406,0
CUS-HPH-00004425,0
CUS-HPH-00004435,0
CUS-HPH-00004436,0
CUS-HPH-00004449,0
CUS-HPH-00004458,0
CUS-HPH-00004511,0
CUS-HPH-00004526,1
CUS-HPH-00004530,0
CUS-HPH-00004569,0
CUS-HPH-00004570,1
CUS-HPH-00004618,0
CUS-HPH-00004659,0
CUS-HPH-00004665,0
CUS-HPH-00004715,0
CUS-HPH-00004718,0
CUS-HPH-00004722,1
CUS-HPH-00004729,0
CUS-HPH-00004756,0
CUS-HPH-00004768,0
CUS-HPH-00004784,0
CUS-HPH-00004808,1
CUS-HPH-00004810,1
CUS-HPH-00004819,0
CUS-HPH-00004820,0
CUS-HPH-00004831,0
CUS-HPH-00004874,0
CUS-HPH-00004876,1
CUS-HPH-00004882,0
CUS-HPH-00004883,0
CUS-HPH-00004906,0
CUS-HPH-00004943,0
CUS-HPH-00004947,1
CUS-HPH-00004975,0
CUS-HPH-00004995,0
CUS-HPH-00005019,0
CUS-HPH-00005026,0
CUS-HPH-00005029,0
CUS-HPH-00005053,0
CUS-HPH-00005057,0
CUS-HPH-00005058,0
CUS-HPH-00005059,1
CUS-HPH-00005082,1
CUS-HPH-00005096,0
CUS-HPH-00005101,0
CUS-HPH-00005117,1
CUS-HPH-00005124,0
CUS-HPH-00005125,0
CUS-HPH-00005142,0
CUS-HPH-00005158,0
CUS-HPH-00005190,0
CUS-HPH-00005191,0
CUS-HPH-00005200,1
CUS-HPH-00005222,1
CUS-HPH-00005240,0
CUS-HPH-00005257,1
CUS-HPH-00005262,1
CUS-HPH-00005277,0
CUS-HPH-00005288,1
CUS-HPH-00005290,0
CUS-HPH-00005296,0
CUS-HPH-00005301,1
CUS-HPH-00005327,0
CUS-HPH-00005344,0
CUS-HPH-00005357,0
CUS-HPH-00005374,1
CUS-HPH-00005391,1
CUS-HPH-00005405,0
CUS-HPH-00005430,0
CUS-HPH-00005452,1
CUS-HPH-00005479,0
CUS-HPH-00005510,1
CUS-HPH-00005520,0
CUS-HPH-00005538,0
CUS-HPH-00005542,0
CUS-HPH-00005543,0
CUS-HPH-00005544,0
CUS-HPH-00005545,0
CUS-HPH-00005587,0
CUS-HPH-00005593,1
CUS-HPH-00005595,0
CUS-HPH-00005599,1
CUS-HPH-00005605,1
CUS-HPH-00005606,0
CUS-HPH-00005608,0
CUS-HPH-00005619,0
CUS-HPH-00005626,1
CUS-HPH-00005640,0
CUS-HPH-00005647,1
CUS-HPH-00005653,0
CUS-HPH-00005674,0
CUS-HPH-00005678,0
CUS-HPH-00005684,0
CUS-HPH-00005691,0
CUS-HPH-00005712,1
CUS-HPH-00005756,0
CUS-HPH-00005778,0
CUS-HPH-00005802,1
CUS-HPH-00005804,1
CUS-HPH-00005835,0
CUS-HPH-00005844,1
CUS-HPH-00005857,0
CUS-HPH-00005859,0
CUS-HPH-00005861,0
CUS-HPH-00005877,0
CUS-HPH-00005892,0
CUS-HPH-00005916,0
CUS-HPH-00005925,0
CUS-HPH-00005936,1
CUS-HPH-00005942,1
CUS-HPH-00005957,0
CUS-HPH-00005995,1
CUS-HPH-00005997,1
CUS-HPH-00006003,0
CUS-HPH-00006052,1
CUS-HPH-00006058,1
CUS-HPH-00006083,0
CUS-HPH-00006094,1
CUS-HPH-00006101,1
CUS-HPH-00006110,0
CUS-HPH-00006162,1
CUS-HPH-00006164,0
CUS-HPH-00006167,0
CUS-HPH-00006203,1
CUS-HPH-00006214,0
CUS-HPH-00006223,0
CUS-HPH-00006240,0
CUS-HPH-00006273,0
CUS-HPH-00006286,1
CUS-HPH-00006320,1
CUS-HPH-00006325,0
CUS-HPH-00006328,1
CUS-HPH-00006369,1
CUS-HPH-00006395,1
CUS-HPH-00006399,0
CUS-HPH-00006435,0
CUS-HPH-00006440,0
CUS-HPH-00006465,0
CUS-HPH-00006472,1
CUS-HPH-00006474,1
CUS-HPH-00006500,0
CUS-HPH-00006503,0
CUS-HPH-00006509,0
CUS-HPH-00006510,0
CUS-HPH-00006538,1
CUS-HPH-00006548,0
CUS-HPH-00006567,1
CUS-HPH-00006574,0
CUS-HPH-00006582,0
CUS-HPH-00006628,1
CUS-HPH-00006634,0
CUS-HPH-00006657,1
CUS-HPH-00006683,1
CUS-HPH-00006689,0
CUS-HPH-00006700,1
CUS-HPH-00006709,1
CUS-HPH-00006730,1
CUS-HPH-00006732,1
CUS-HPH-00006738,0
CUS-HPH-00006741,0
CUS-HPH-00006762,0
CUS-HPH-00006772,1
CUS-HPH-00006778,0
CUS-HPH-00006794,1
CUS-HPH-00006796,0
CUS-HPH-00006799,0
CUS-HPH-00006825,0
CUS-HPH-00006826,1
CUS-HPH-00006845,0
CUS-HPH-00006870,1
CUS-HPH-00006872,1
CUS-HPH-00006889,0
CUS-HPH-00006899,0
CUS-HPH-00006912,0
CUS-HPH-00006920,1
CUS-HPH-00006933,0
CUS-HPH-00006938,0
CUS-HPH-00006943,1
CUS-HPH-00006944,0
CUS-HPH-00006951,0
CUS-HPH-00006958,0
CUS-HPH-00006963,0
CUS-HPH-00006966,0
CUS-HPH-00006969,1
CUS-HPH-00006970,1
CUS-HPH-00006975,0
CUS-HPH-00006987,0
CUS-HPH-00007003,0
CUS-HPH-00007020,1
CUS-HPH-00007027,0
CUS-HPH-00007059,1
CUS-HPH-00007092,0
CUS-HPH-00007103,0
CUS-HPH-00007108,0
CUS-HPH-00007112,1
CUS-HPH-00007150,1
CUS-HPH-00007151,1
CUS-HPH-00007154,0
CUS-HPH-00007161,1
CUS-HPH-00007163,0
CUS-HPH-00007172,1
CUS-HPH-00007193,0
CUS-HPH-00007205,1
CUS-HPH-00007207,0
CUS-HPH-00007214,0
CUS-HPH-00007235,0
CUS-HPH-00007241,1
CUS-HPH-00007250,1
CUS-HPH-00007263,0
CUS-HPH-00007265,1
CUS-HPH-00007289,1
CUS-HPH-00007341,0
CUS-HPH-00007354,0
CUS-HPH-00007375,1
CUS-HPH-00007387,0
CUS-HPH-00007405,0
CUS-HPH-00007408,0
CUS-HPH-00007409,0
CUS-HPH-00007414,1
CUS-HPH-00007429,0
CUS-HPH-00007454,1
CUS-HPH-00007462,0
CUS-HPH-00007470,0
CUS-HPH-00007483,0
CUS-HPH-00007510,0
CUS-HPH-00007511,1
CUS-HPH-00007512,0
CUS-HPH-00007545,0
CUS-HPH-00007585,0
CUS-HPH-00007600,1
CUS-HPH-00007604,1
CUS-HPH-00007634,0
CUS-HPH-00007639,1
CUS-HPH-00007660,0
CUS-HPH-00007696,1
CUS-HPH-00007700,0
CUS-HPH-00007703,0
CUS-HPH-00007729,0
CUS-HPH-00007746,0
CUS-HPH-00007747,0
CUS-HPH-00007760,0
CUS-HPH-00007789,0
CUS-HPH-00007812,1
CUS-HPH-00007815,0
CUS-HPH-00007817,0
CUS-HPH-00007822,1
CUS-HPH-00007835,0
CUS-HPH-00007844,1
CUS-HPH-00007851,1
CUS-HPH-00007853,0
CUS-HPH-00007869,0
CUS-HPH-00007875,0
CUS-HPH-00007897,1
CUS-HPH-00007924,0
CUS-HPH-00007932,1
CUS-HPH-00007945,0
CUS-HPH-00007991,1
CUS-HPH-00008001,1
CUS-HPH-00008007,0
CUS-HPH-00008010,0
CUS-HPH-00008030,0
CUS-HPH-00008031,0
CUS-HPH-00008033,0
CUS-HPH-00008049,0
CUS-HPH-00008056,0
CUS-HPH-00008057,0
CUS-HPH-00008063,0
CUS-HPH-00008084,1
CUS-HPH-00008109,0
CUS-HPH-00008110,1
CUS-HPH-00008117,1
CUS-HPH-00008122,1
CUS-HPH-00008129,0
CUS-HPH-00008137,0
CUS-HPH-00008145,1
CUS-HPH-00008146,1
CUS-HPH-00008153,0
CUS-HPH-00008162,1
CUS-HPH-00008173,0
CUS-HPH-00008178,0
CUS-HPH-00008204,1
CUS-HPH-00008214,0
CUS-HPH-00008218,0
CUS-HPH-00008234,0
CUS-HPH-00008260,0
CUS-HPH-00008282,1
CUS-HPH-00008316,0
CUS-HPH-00008322,0
CUS-HPH-00008328,1
CUS-HPH-00008334,0
CUS-HPH-00008342,0
CUS-HPH-00008365,0
CUS-HPH-00008372,0
CUS-HPH-00008376,0
CUS-HPH-00008382,0
CUS-HPH-00008388,1
CUS-HPH-00008390,0
CUS-HPH-00008396,0
CUS-HPH-00008397,1
CUS-HPH-00008403,0
CUS-HPH-00008426,0
CUS-HPH-00008430,0
CUS-HPH-00008460,0
CUS-HPH-00008484,0
CUS-HPH-00008495,0
CUS-HPH-00008499,0
CUS-HPH-00008504,1
CUS-HPH-00008507,1
CUS-HPH-00008516,0
CUS-HPH-00008519,0
CUS-HPH-00008548,0
CUS-HPH-00008551,0
CUS-HPH-00008581,1
CUS-HPH-00008617,0
CUS-HPH-00008622,1
CUS-HPH-00008659,1
CUS-HPH-00008669,0
CUS-HPH-00008682,0
CUS-HPH-00008702,0
CUS-HPH-00008745,0
CUS-HPH-00008750,0
CUS-HPH-00008761,0
CUS-HPH-00008769,0
CUS-HPH-00008781,0
CUS-HPH-00008795,1
CUS-HPH-00008796,0
CUS-HPH-00008798,1
CUS-HPH-00008806,0
CUS-HPH-00008813,0
CUS-HPH-00008832,1
CUS-HPH-00008834,0
CUS-HPH-00008844,0
CUS-HPH-00008846,0
CUS-HPH-00008848,0
CUS-HPH-00008854,0
CUS-HPH-00008855,0
CUS-HPH-00008864,0
CUS-HPH-00008871,0
CUS-HPH-00008888,0
CUS-HPH-00008964,0
CUS-HPH-00008982,0
CUS-HPH-00008985,1
CUS-HPH-00009008,0
CUS-HPH-00009038,0
CUS-HPH-00009044,0
CUS-HPH-00009052,0
CUS-HPH-00009066,0
CUS-HPH-00009068,1
CUS-HPH-00009092,0
CUS-HPH-00009096,1
CUS-HPH-00009099,0
CUS-HPH-00009118,1
CUS-HPH-00009121,0
CUS-HPH-00009134,0
CUS-HPH-00009164,1
CUS-HPH-00009188,0
CUS-HPH-00009197,0
CUS-HPH-00009233,0
CUS-HPH-00009246,1
CUS-HPH-00009275,1
CUS-HPH-00009288,1
CUS-HPH-00009304,0
CUS-HPH-00009312,0
CUS-HPH-00009314,0
CUS-HPH-00009330,0
CUS-HPH-00009338,0
CUS-HPH-00009339,0
CUS-HPH-00009346,1
CUS-HPH-00009359,0
CUS-HPH-00009375,0
CUS-HPH-00009393,0
CUS-HPH-00009397,0
CUS-HPH-00009416,0
CUS-HPH-00009423,1
CUS-HPH-00009425,1
CUS-HPH-00009433,1
CUS-HPH-00009436,1
CUS-HPH-00009441,0
CUS-HPH-00009447,1
CUS-HPH-00009459,0
CUS-HPH-00009469,0
CUS-HPH-00009477,0
CUS-HPH-00009494,0
CUS-HPH-00009505,1
CUS-HPH-00009507,0
CUS-HPH-00009511,0
CUS-HPH-00009526,0
CUS-HPH-00009531,0
CUS-HPH-00009545,0
CUS-HPH-00009566,0
CUS-HPH-00009576,0
CUS-HPH-00009600,0
CUS-HPH-00009619,1
CUS-HPH-00009637,0
CUS-HPH-00009677,0
CUS-HPH-00009681,0
CUS-HPH-00009695,0
CUS-HPH-00009725,1
CUS-HPH-00009729,0
CUS-HPH-00009736,0
CUS-HPH-00009743,0
CUS-HPH-00009755,0
CUS-HPH-00009774,1
CUS-HPH-00009796,0
CUS-HPH-00009802,0
CUS-HPH-00009841,0
CUS-HPH-00009846,1
CUS-HPH-00009891,1
CUS-HPH-00009895,0
CUS-HPH-00009905,0
CUS-HPH-00009907,0
CUS-HPH-00009917,0
CUS-HPH-00009923,0
CUS-HPH-00009944,0
CUS-HPH-00009950,0
CUS-HPH-00009984,0
CUS-HPH-00009985,1
CUS-HPH-00010031,1
CUS-HPH-00010065,1
CUS-HPH-00010077,0
CUS-HPH-00010118,0
CUS-HPH-00010135,0
CUS-HPH-00010162,0
CUS-HPH-00010182,0
CUS-HPH-00010187,0
CUS-HPH-00010206,1
CUS-HPH-00010214,0
CUS-HPH-00010216,0
CUS-HPH-00010273,0
CUS-HPH-00010299,0
CUS-HPH-00010302,0
CUS-HPH-00010304,1
CUS-HPH-00010306,0
CUS-HPH-00010313,0
CUS-HPH-00010324,0
CUS-HPH-00010333,1
CUS-HPH-00010337,1
CUS-HPH-00010347,0
CUS-HPH-00010348,0
CUS-HPH-00010353,1
CUS-HPH-00010362,0
CUS-HPH-00010377,1
CUS-HPH-00010388,0
CUS-HPH-00010393,1
CUS-HPH-00010394,0
CUS-HPH-00010404,0
CUS-HPH-00010445,1
CUS-HPH-00010472,1
CUS-HPH-00010507,0
CUS-HPH-00010511,0
CUS-HPH-00010519,0
CUS-HPH-00010547,0
CUS-HPH-00010549,0
CUS-HPH-00010571,1
CUS-HPH-00010587,0
CUS-HPH-00010590,1
CUS-HPH-00010615,0
CUS-HPH-00010624,0
CUS-HPH-00010630,0
CUS-HPH-00010639,1
CUS-HPH-00010676,1
CUS-HPH-00010698,1
CUS-HPH-00010706,0
CUS-HPH-00010708,0
CUS-HPH-00010720,1
CUS-HPH-00010774,0
CUS-HPH-00010796,0
CUS-HPH-00010803,1
CUS-HPH-00010805,0
CUS-HPH-00010806,1
CUS-HPH-00010812,0
CUS-HPH-00010853,1
CUS-HPH-00010865,1
CUS-HPH-00010876,0
CUS-HPH-00010912,1
CUS-HPH-00010927,0
CUS-HPH-00010958,0
CUS-HPH-00010969,0
CUS-HPH-00010971,1
CUS-HPH-00010975,0
CUS-HPH-00010980,1
CUS-HPH-00010991,1
CUS-HPH-00010993,0
CUS-HPH-00010999,0
CUS-HPH-00011011,1
CUS-HPH-00011016,0
CUS-HPH-00011039,0
CUS-HPH-00011062,0
CUS-HPH-00011088,0
CUS-HPH-00011090,0
CUS-HPH-00011091,0
CUS-HPH-00011122,0
CUS-HPH-00011166,0
CUS-HPH-00011175,0
CUS-HPH-00011180,0
CUS-HPH-00011194,1
CUS-HPH-00011236,0
CUS-HPH-00011261,0
CUS-HPH-00011263,0
CUS-HPH-00011267,0
CUS-HPH-00011282,0
CUS-HPH-00011294,0
CUS-HPH-00011306,0
CUS-HPH-00011312,1
CUS-HPH-00011313,0
CUS-HPH-00011331,1
CUS-HPH-00011379,1
CUS-HPH-00011402,0
CUS-HPH-00011414,1
CUS-HPH-00011450,0
CUS-HPH-00011513,1
CUS-HPH-00011520,0
CUS-HPH-00011530,1
CUS-HPH-00011531,0
CUS-HPH-00011547,1
CUS-HPH-00011553,0
CUS-HPH-00011560,1
CUS-HPH-00011562,0
CUS-HPH-00011570,1
CUS-HPH-00011580,1
CUS-HPH-00011644,0
CUS-HPH-00011645,1
CUS-HPH-00011647,0
CUS-HPH-00011653,0
CUS-HPH-00011654,0
CUS-HPH-00011656,0
CUS-HPH-00011689,0
CUS-HPH-00011719,0
CUS-HPH-00011722,0
CUS-HPH-00011723,1
CUS-HPH-00011741,0
CUS-HPH-00011754,0
CUS-HPH-00011760,1
CUS-HPH-00011767,1
CUS-HPH-00011783,1
CUS-HPH-00011833,0
CUS-HPH-00011858,0
CUS-HPH-00011866,0
CUS-HPH-00011872,0
CUS-HPH-00011881,1
CUS-HPH-00011883,0
CUS-HPH-00011893,1
CUS-HPH-00011910,0
CUS-HPH-00011932,0
CUS-HUI-00000003,0
CUS-HUI-00000014,0
CUS-HUI-00000019,0
CUS-HUI-00000042,0
CUS-HUI-00000045,0
CUS-HUI-00000073,0
CUS-HUI-00000083,0
CUS-HUI-00000116,1
CUS-HUI-00000151,1
CUS-HUI-00000167,1
CUS-HUI-00000194,0
CUS-HUI-00000241,0
CUS-HUI-00000257,0
CUS-HUI-00000262,0
CUS-HUI-00000280,0
CUS-HUI-00000291,1
CUS-HUI-00000295,0
CUS-HUI-00000305,0
CUS-HUI-00000325,0
CUS-HUI-00000390,0
CUS-HUI-00000397,1
CUS-HUI-00000408,1
CUS-HUI-00000428,0
CUS-HUI-00000434,0
CUS-HUI-00000441,0
CUS-HUI-00000508,0
CUS-HUI-00000512,0
CUS-HUI-00000520,0
CUS-HUI-00000521,1
CUS-HUI-00000540,0
CUS-HUI-00000543,1
CUS-HUI-00000563,0
CUS-HUI-00000572,1
CUS-HUI-00000575,0
CUS-HUI-00000579,0
CUS-HUI-00000632,1
CUS-HUI-00000646,0
CUS-HUI-00000655,1
CUS-HUI-00000657,0
CUS-HUI-00000713,0
CUS-HUI-00000750,1
CUS-HUI-00000774,0
CUS-HUI-00000776,0
CUS-HUI-00000780,0
CUS-HUI-00000787,0
CUS-HUI-00000825,0
CUS-HUI-00000853,0
CUS-HUI-00000922,0
CUS-HUI-00000928,0
CUS-HUI-00000942,1
CUS-HUI-00000948,0
CUS-HUI-00000982,0
CUS-HUI-00001018,1
CUS-HUI-00001075,1
CUS-HUI-00001084,0
CUS-HUI-00001098,1
CUS-HUI-00001104,0
CUS-HUI-00001123,0
CUS-HUI-00001143,0
CUS-HUI-00001144,0
CUS-HUI-00001163,0
CUS-HUI-00001167,1
CUS-HUI-00001169,1
CUS-HUI-00001186,1
CUS-HUI-00001203,0
CUS-HUI-00001212,0
CUS-HUI-00001256,0
CUS-HUI-00001258,0
CUS-HUI-00001305,1
CUS-HUI-00001320,1
CUS-HUI-00001336,1
CUS-HUI-00001342,1
CUS-HUI-00001352,0
CUS-HUI-00001392,0
CUS-HUI-00001395,0
CUS-HUI-00001411,0
CUS-HUI-00001413,0
CUS-HUI-00001492,1
CUS-HUI-00001497,0
CUS-HUI-00001505,0
CUS-HUI-00001539,0
CUS-HUI-00001541,1
CUS-HUI-00001574,0
CUS-HUI-00001578,0
CUS-HUI-00001595,1
CUS-HUI-00001599,1
CUS-HUI-00001604,0
CUS-HUI-00001615,0
CUS-HUI-00001658,1
CUS-HUI-00001666,1
CUS-HUI-00001667,0
CUS-HUI-00001682,0
CUS-HUI-00001720,1
CUS-HUI-00001754,0
CUS-HUI-00001770,1
CUS-HUI-00001786,1
CUS-HUI-00001789,0
CUS-HUI-00001815,1
CUS-HUI-00001855,0
CUS-HUI-00001866,0
CUS-HUI-00001870,0
CUS-HUI-00001889,0
CUS-HUI-00001903,0
CUS-HUI-00001934,1
CUS-HUI-00001945,0
CUS-HUI-00001959,1
CUS-HUI-00001968,0
CUS-HUI-00001981,0
CUS-HUI-00001983,1
CUS-HUI-00001999,0
CUS-HUI-00002001,0
CUS-HUI-00002027,0
CUS-HUI-00002054,0
CUS-HUI-00002071,0
CUS-HUI-00002074,0
CUS-HUI-00002092,1
CUS-HUI-00002140,1
CUS-HUI-00002156,0
CUS-HUI-00002178,1
CUS-HUI-00002183,0
CUS-HUI-00002187,1
CUS-HUI-00002196,0
CUS-HUI-00002274,0
CUS-HUI-00002333,1
CUS-HUI-00002348,0
CUS-HUI-00002352,0
CUS-HUI-00002361,0
CUS-HUI-00002381,1
CUS-HUI-00002431,1
CUS-HUI-00002467,0
CUS-HUI-00002485,1
CUS-HUI-00002499,1
CUS-HUI-00002504,0
CUS-HUI-00002516,0
CUS-HUI-00002529,0
CUS-HUI-00002574,0
CUS-HUI-00002578,0
CUS-HUI-00002582,0
CUS-HUI-00002612,1
CUS-HUI-00002619,1
CUS-HUI-00002639,1
CUS-HUI-00002650,0
CUS-HUI-00002653,1
CUS-HUI-00002661,0
CUS-HUI-00002678,0
CUS-HUI-00002682,1
CUS-HUI-00002697,0
CUS-HUI-00002704,0
CUS-HUI-00002742,0
CUS-HUI-00002753,0
CUS-HUI-00002769,0
CUS-HUI-00002791,0
CUS-HUI-00002795,0
CUS-HUI-00002829,0
CUS-HUI-00002834,1
CUS-HUI-00002853,0
CUS-HUI-00002918,0
CUS-HUI-00002943,0
CUS-HUI-00002976,0
CUS-HUI-00002992,0
CUS-HUI-00003001,1
CUS-HUI-00003028,1
CUS-HUI-00003073,1
CUS-HUI-00003093,0
CUS-HUI-00003137,0
CUS-HUI-00003145,1
CUS-HUI-00003149,1
CUS-HUI-00003222,0
CUS-HUI-00003276,1
CUS-HUI-00003326,1
CUS-HUI-00003328,0
CUS-HUI-00003342,0
CUS-HUI-00003373,0
CUS-HUI-00003402,1
CUS-HUI-00003406,0
CUS-HUI-00003420,1
CUS-HUI-00003430,0
CUS-HUI-00003450,0
CUS-HUI-00003477,1
CUS-HUI-00003483,0
CUS-HUI-00003493,1
CUS-HUI-00003496,0
CUS-HUI-00003500,0
CUS-HUI-00003529,0
CUS-HUI-00003550,0
CUS-HUI-00003566,0
CUS-HUI-00003569,1
CUS-HUI-00003577,0
CUS-HUI-00003624,1
CUS-HUI-00003637,0
CUS-HUI-00003643,1
CUS-HUI-00003650,0
CUS-HUI-00003715,1
CUS-HUI-00003716,0
CUS-HUI-00003723,0
CUS-HUI-00003725,0
CUS-HUI-00003743,0
CUS-HUI-00003774,1
CUS-HUI-00003782,0
CUS-HUI-00003820,0
CUS-HUI-00003888,0
CUS-HUI-00003902,1
CUS-HUI-00003907,0
CUS-HUI-00003910,1
CUS-HUI-00003928,0
CUS-HUI-00004003,1
CUS-HUI-00004038,0
CUS-HUI-00004040,0
CUS-HUI-00004055,0
CUS-HUI-00004056,0
CUS-HUI-00004093,0
CUS-HUI-00004112,0
CUS-HUI-00004138,0
CUS-HUI-00004194,0
CUS-HUI-00004242,1
CUS-HUI-00004247,0
CUS-HUI-00004255,0
CUS-HUI-00004264,1
CUS-HUI-00004268,0
CUS-HUI-00004278,0
CUS-HUI-00004314,1
CUS-HUI-00004319,1
CUS-HUI-00004321,0
CUS-HUI-00004329,0
CUS-HUI-00004335,0
CUS-HUI-00004340,0
CUS-HUI-00004350,0
CUS-HUI-00004385,1
CUS-HUI-00004433,1
CUS-HUI-00004437,1
CUS-HUI-00004451,0
CUS-HUI-00004460,0
CUS-HUI-00004479,0
CUS-HUI-00004492,0
CUS-HUI-00004499,0
CUS-HUI-00004524,0
CUS-HUI-00004564,0
CUS-HUI-00004575,0
CUS-HUI-00004577,1
CUS-HUI-00004583,1
CUS-HUI-00004607,0
CUS-HUI-00004627,0
CUS-HUI-00004651,0
CUS-HUI-00004667,0
CUS-HUI-00004689,1
CUS-HUI-00004694,0
CUS-HUI-00004799,0
CUS-HUI-00004805,0
CUS-HUI-00004836,0
CUS-HUI-00004885,1
CUS-HUI-00004886,0
CUS-HUI-00004916,1
CUS-HUI-00004941,0
CUS-HUI-00004957,1
CUS-HUI-00004979,0
CUS-HUI-00004992,1
CUS-HUI-00005022,0
CUS-HUI-00005032,1
CUS-HUI-00005048,0
CUS-HUI-00005055,1
CUS-HUI-00005099,0
CUS-HUI-00005105,0
CUS-HUI-00005110,1
CUS-HUI-00005140,0
CUS-HUI-00005146,0
CUS-HUI-00005173,1
CUS-HUI-00005250,0
CUS-HUI-00005273,1
CUS-HUI-00005274,1
CUS-HUI-00005339,1
CUS-HUI-00005360,0
CUS-HUI-00005369,1
CUS-HUI-00005380,1
CUS-HUI-00005410,0
CUS-HUI-00005428,0
CUS-HUI-00005437,1
CUS-HUI-00005442,0
CUS-HUI-00005443,0
CUS-HUI-00005447,1
CUS-HUI-00005530,0
CUS-HUI-00005532,0
CUS-HUI-00005535,0
CUS-HUI-00005579,0
CUS-HUI-00005618,0
CUS-HUI-00005670,0
CUS-HUI-00005694,0
CUS-HUI-00005699,0
CUS-HUI-00005701,0
CUS-HUI-00005708,0
CUS-HUI-00005717,0
CUS-HUI-00005788,1
CUS-HUI-00005789,1
CUS-HUI-00005791,1
CUS-HUI-00005808,0
CUS-HUI-00005822,1
CUS-HUI-00005856,0
CUS-HUI-00005867,0
CUS-HUI-00005889,0
CUS-HUI-00005894,0
CUS-HUI-00005898,1
CUS-HUI-00005901,1
CUS-HUI-00005927,1
CUS-HUI-00005928,0
CUS-HUI-00005940,0
CUS-HUI-00005944,1
CUS-HUI-00005983,1
CUS-HUI-00005998,0
CUS-HUI-00006000,1
CUS-HUI-00006008,1
CUS-HUI-00006010,0
CUS-HUI-00006018,1
CUS-HUI-00006025,0
CUS-HUI-00006053,0
CUS-HUI-00006075,1
CUS-HUI-00006080,0
CUS-HUI-00006103,0
CUS-HUI-00006104,1
CUS-HUI-00006183,1
CUS-HUI-00006191,1
CUS-HUI-00006210,0
CUS-HUI-00006233,0
CUS-HUI-00006239,1
CUS-HUI-00006251,0
CUS-HUI-00006266,0
CUS-HUI-00006285,0
CUS-HUI-00006308,0
CUS-HUI-00006312,0
CUS-HUI-00006327,1
CUS-HUI-00006400,1
CUS-HUI-00006439,0
CUS-HUI-00006443,0
CUS-HUI-00006444,0
CUS-HUI-00006466,1
CUS-HUI-00006493,0
CUS-HUI-00006495,0
CUS-HUI-00006546,0
CUS-HUI-00006553,0
CUS-HUI-00006557,1
CUS-HUI-00006581,0
CUS-HUI-00006618,0
CUS-HUI-00006642,0
CUS-HUI-00006664,0
CUS-HUI-00006670,1
CUS-HUI-00006684,1
CUS-HUI-00006694,0
CUS-HUI-00006712,1
CUS-HUI-00006718,0
CUS-HUI-00006733,0
CUS-HUI-00006767,0
CUS-HUI-00006769,1
CUS-HUI-00006790,0
CUS-HUI-00006906,0
CUS-HUI-00006977,0
CUS-HUI-00006996,1
CUS-HUI-00007007,1
CUS-HUI-00007057,0
CUS-HUI-00007066,0
CUS-HUI-00007082,0
CUS-HUI-00007093,0
CUS-HUI-00007129,0
CUS-HUI-00007145,0
CUS-HUI-00007157,1
CUS-HUI-00007215,1
CUS-HUI-00007240,0
CUS-HUI-00007244,0
CUS-HUI-00007253,0
CUS-HUI-00007262,0
CUS-HUI-00007293,0
CUS-HUI-00007364,0
CUS-HUI-00007372,1
CUS-HUI-00007374,0
CUS-HUI-00007395,1
CUS-HUI-00007416,0
CUS-HUI-00007431,1
CUS-HUI-00007442,0
CUS-HUI-00007472,1
CUS-HUI-00007508,1
CUS-HUI-00007538,0
CUS-HUI-00007559,0
CUS-HUI-00007582,0
CUS-HUI-00007593,0
CUS-HUI-00007594,0
CUS-HUI-00007620,0
CUS-HUI-00007630,0
CUS-HUI-00007651,1
CUS-HUI-00007684,1
CUS-HUI-00007686,0
CUS-HUI-00007698,1
CUS-HUI-00007718,0
CUS-HUI-00007725,0
CUS-HUI-00007735,0
CUS-HUI-00007743,0
CUS-HUI-00007750,0
CUS-HUI-00007751,0
CUS-HUI-00007754,0
CUS-HUI-00007788,0
CUS-HUI-00007852,0
CUS-HUI-00007859,0
CUS-HUI-00007908,0
CUS-HUI-00007923,0
CUS-HUI-00007925,1
CUS-HUI-00007955,1
CUS-HUI-00007966,0
CUS-HUI-00007968,1
CUS-HUI-00007977,0
CUS-HUI-00007990,1
CUS-HUI-00008008,0
CUS-HUI-00008009,0
CUS-HUI-00008040,1
CUS-HUI-00008043,0
CUS-HUI-00008086,1
CUS-HUI-00008096,0
CUS-HUI-00008108,0
CUS-HUI-00008134,1
CUS-HUI-00008149,0
CUS-HUI-00008192,0
CUS-HUI-00008217,1
CUS-HUI-00008220,1
CUS-HUI-00008254,1
CUS-HUI-00008263,1
CUS-HUI-00008337,1
CUS-HUI-00008345,1
CUS-HUI-00008378,0
CUS-HUI-00008404,0
CUS-HUI-00008406,1
CUS-HUI-00008416,1
CUS-HUI-00008418,0
CUS-HUI-00008422,1
CUS-HUI-00008464,0
CUS-HUI-00008480,0
CUS-HUI-00008483,0
CUS-HUI-00008486,0
CUS-HUI-00008526,0
CUS-HUI-00008527,0
CUS-HUI-00008585,0
CUS-HUI-00008690,1
CUS-HUI-00008748,0
CUS-HUI-00008754,0
CUS-HUI-00008790,0
CUS-HUI-00008792,0
CUS-HUI-00008811,0
CUS-HUI-00008863,0
CUS-HUI-00008908,0
CUS-HUI-00008973,1
CUS-HUI-00008984,1
CUS-HUI-00008997,0
CUS-HUI-00009016,1
CUS-HUI-00009020,1
CUS-HUI-00009028,0
CUS-HUI-00009055,1
CUS-HUI-00009060,1
CUS-HUI-00009061,0
CUS-HUI-00009077,1
CUS-HUI-00009088,0
CUS-HUI-00009109,1
CUS-HUI-00009116,0
CUS-HUI-00009120,0
CUS-HUI-00009125,0
CUS-HUI-00009206,0
CUS-HUI-00009226,1
CUS-HUI-00009250,1
CUS-HUI-00009255,0
CUS-HUI-00009264,0
CUS-HUI-00009268,0
CUS-HUI-00009277,0
CUS-HUI-00009307,1
CUS-HUI-00009336,1
CUS-HUI-00009343,0
CUS-HUI-00009348,1
CUS-HUI-00009368,0
CUS-HUI-00009388,0
CUS-HUI-00009392,0
CUS-HUI-00009430,0
CUS-HUI-00009529,0
CUS-HUI-00009537,1
CUS-HUI-00009568,0
CUS-HUI-00009584,1
CUS-HUI-00009586,1
CUS-HUI-00009651,0
CUS-HUI-00009655,1
CUS-HUI-00009656,1
CUS-HUI-00009664,1
CUS-HUI-00009687,0
CUS-HUI-00009711,0
CUS-HUI-00009713,1
CUS-HUI-00009719,1
CUS-HUI-00009749,0
CUS-HUI-00009780,0
CUS-HUI-00009821,0
CUS-HUI-00009835,1
CUS-HUI-00009839,0
CUS-HUI-00009847,0
CUS-HUI-00009872,0
CUS-HUI-00009877,0
CUS-HUI-00009896,1
CUS-HUI-00009910,0
CUS-HUI-00009947,1
CUS-HUI-00009953,0
CUS-HUI-00009978,1
CUS-HUI-00009987,0
CUS-HUI-00009988,0
CUS-HUI-00010055,0
CUS-HUI-00010063,0
CUS-HUI-00010088,0
CUS-HUI-00010134,1
CUS-HUI-00010142,0
CUS-HUI-00010168,0
CUS-HUI-00010237,0
CUS-HUI-00010261,1
CUS-HUI-00010272,0
CUS-HUI-00010282,0
CUS-HUI-00010293,0
CUS-HUI-00010316,1
CUS-HUI-00010332,1
CUS-HUI-00010346,1
CUS-HUI-00010350,1
CUS-HUI-00010361,0
CUS-HUI-00010384,1
CUS-HUI-00010447,0
CUS-HUI-00010474,1
CUS-HUI-00010546,1
CUS-HUI-00010560,0
CUS-HUI-00010568,1
CUS-HUI-00010575,1
CUS-HUI-00010629,1
CUS-HUI-00010642,0
CUS-HUI-00010648,1
CUS-HUI-00010653,0
CUS-HUI-00010682,0
CUS-HUI-00010683,1
CUS-HUI-00010684,0
CUS-HUI-00010687,1
CUS-HUI-00010700,0
CUS-HUI-00010711,0
CUS-HUI-00010744,0
CUS-HUI-00010748,0
CUS-HUI-00010757,1
CUS-HUI-00010764,0
CUS-HUI-00010792,1
CUS-HUI-00010873,0
CUS-HUI-00010882,1
CUS-HUI-00010888,1
CUS-HUI-00010948,1
CUS-HUI-00010995,0
CUS-HUI-00010996,1
CUS-HUI-00011012,0
CUS-HUI-00011028,0
CUS-HUI-00011040,1
CUS-HUI-00011096,0
CUS-HUI-00011101,0
CUS-HUI-00011165,0
CUS-HUI-00011209,0
CUS-HUI-00011234,0
CUS-HUI-00011245,0
CUS-HUI-00011291,0
CUS-HUI-00011296,0
CUS-HUI-00011304,0
CUS-HUI-00011324,1
CUS-HUI-00011329,0
CUS-HUI-00011361,0
CUS-HUI-00011370,0
CUS-HUI-00011397,1
CUS-HUI-00011413,0
CUS-HUI-00011419,0
CUS-HUI-00011427,1
CUS-HUI-00011434,0
CUS-HUI-00011440,1
CUS-HUI-00011451,0
CUS-HUI-00011469,0
CUS-HUI-00011478,1
CUS-HUI-00011480,1
CUS-HUI-00011509,1
CUS-HUI-00011541,0
CUS-HUI-00011544,0
CUS-HUI-00011561,0
CUS-HUI-00011571,0
CUS-HUI-00011601,0
CUS-HUI-00011615,0
CUS-HUI-00011625,0
CUS-HUI-00011650,0
CUS-HUI-00011685,0
CUS-HUI-00011686,1
CUS-HUI-00011696,0
CUS-HUI-00011699,0
CUS-HUI-00011700,0
CUS-HUI-00011715,0
CUS-HUI-00011731,1
CUS-HUI-00011735,1
CUS-HUI-00011737,0
CUS-HUI-00011751,1
CUS-HUI-00011810,0
CUS-HUI-00011842,0
CUS-HUI-00011863,1
CUS-HUI-00011882,0
CUS-HUI-00011908,1
CUS-HUI-00011912,1
CUS-HUI-00011916,0
CUS-HUI-00011930,1
CUS-HUI-00011951,0
CUS-HUI-00011955,1
CUS-HUI-00011993,0
CUS-HUI-00011999,1
CUS-NTR-00000024,0
CUS-NTR-00000101,0
CUS-NTR-00000110,1
CUS-NTR-00000152,0
CUS-NTR-00000179,1
CUS-NTR-00000181,0
CUS-NTR-00000182,0
CUS-NTR-00000198,0
CUS-NTR-00000246,0
CUS-NTR-00000252,0
CUS-NTR-00000279,1
CUS-NTR-00000296,0
CUS-NTR-00000334,0
CUS-NTR-00000370,1
CUS-NTR-00000406,0
CUS-NTR-00000414,0
CUS-NTR-00000452,0
CUS-NTR-00000502,1
CUS-NTR-00000554,1
CUS-NTR-00000577,1
CUS-NTR-00000603,0
CUS-NTR-00000607,1
CUS-NTR-00000640,1
CUS-NTR-00000652,0
CUS-NTR-00000662,1
CUS-NTR-00000692,0
CUS-NTR-00000695,1
CUS-NTR-00000704,0
CUS-NTR-00000714,0
CUS-NTR-00000743,0
CUS-NTR-00000803,0
CUS-NTR-00000816,1
CUS-NTR-00000817,0
CUS-NTR-00000829,0
CUS-NTR-00000846,1
CUS-NTR-00000858,1
CUS-NTR-00000866,0
CUS-NTR-00000867,0
CUS-NTR-00000876,1
CUS-NTR-00000896,0
CUS-NTR-00000912,0
CUS-NTR-00000913,0
CUS-NTR-00000939,0
CUS-NTR-00000949,1
CUS-NTR-00000956,1
CUS-NTR-00001021,0
CUS-NTR-00001034,1
CUS-NTR-00001049,0
CUS-NTR-00001071,0
CUS-NTR-00001099,1
CUS-NTR-00001120,0
CUS-NTR-00001150,0
CUS-NTR-00001152,1
CUS-NTR-00001166,0
CUS-NTR-00001193,0
CUS-NTR-00001195,1
CUS-NTR-00001223,0
CUS-NTR-00001226,1
CUS-NTR-00001241,0
CUS-NTR-00001249,1
CUS-NTR-00001279,1
CUS-NTR-00001326,0
CUS-NTR-00001339,0
CUS-NTR-00001355,0
CUS-NTR-00001378,1
CUS-NTR-00001389,1
CUS-NTR-00001409,0
CUS-NTR-00001419,1
CUS-NTR-00001453,0
CUS-NTR-00001489,1
CUS-NTR-00001515,0
CUS-NTR-00001523,1
CUS-NTR-00001560,0
CUS-NTR-00001563,1
CUS-NTR-00001564,1
CUS-NTR-00001580,0
CUS-NTR-00001581,0
CUS-NTR-00001632,0
CUS-NTR-00001649,0
CUS-NTR-00001670,1
CUS-NTR-00001679,0
CUS-NTR-00001709,1
CUS-NTR-00001714,0
CUS-NTR-00001728,0
CUS-NTR-00001735,0
CUS-NTR-00001737,1
CUS-NTR-00001753,0
CUS-NTR-00001759,1
CUS-NTR-00001774,1
CUS-NTR-00001795,0
CUS-NTR-00001852,0
CUS-NTR-00001875,0
CUS-NTR-00001910,0
CUS-NTR-00001913,0
CUS-NTR-00001955,0
CUS-NTR-00002006,1
CUS-NTR-00002095,0
CUS-NTR-00002141,0
CUS-NTR-00002165,0
CUS-NTR-00002167,1
CUS-NTR-00002203,1
CUS-NTR-00002213,0
CUS-NTR-00002225,0
CUS-NTR-00002236,0
CUS-NTR-00002257,0
CUS-NTR-00002270,0
CUS-NTR-00002275,1
CUS-NTR-00002279,0
CUS-NTR-00002287,0
CUS-NTR-00002310,0
CUS-NTR-00002337,1
CUS-NTR-00002347,0
CUS-NTR-00002364,0
CUS-NTR-00002377,0
CUS-NTR-00002404,0
CUS-NTR-00002425,0
CUS-NTR-00002461,0
CUS-NTR-00002472,1
CUS-NTR-00002495,0
CUS-NTR-00002528,1
CUS-NTR-00002592,0
CUS-NTR-00002611,1
CUS-NTR-00002618,0
CUS-NTR-00002620,0
CUS-NTR-00002621,0
CUS-NTR-00002633,0
CUS-NTR-00002644,0
CUS-NTR-00002646,1
CUS-NTR-00002667,1
CUS-NTR-00002693,0
CUS-NTR-00002695,1
CUS-NTR-00002700,1
CUS-NTR-00002707,0
CUS-NTR-00002715,1
CUS-NTR-00002730,1
CUS-NTR-00002755,0
CUS-NTR-00002757,1
CUS-NTR-00002773,0
CUS-NTR-00002812,0
CUS-NTR-00002934,1
CUS-NTR-00002950,0
CUS-NTR-00002980,0
CUS-NTR-00003012,1
CUS-NTR-00003051,0
CUS-NTR-00003064,0
CUS-NTR-00003075,0
CUS-NTR-00003076,1
CUS-NTR-00003091,1
CUS-NTR-00003132,0
CUS-NTR-00003177,1
CUS-NTR-00003188,1
CUS-NTR-00003241,0
CUS-NTR-00003249,0
CUS-NTR-00003338,0
CUS-NTR-00003371,0
CUS-NTR-00003382,1
CUS-NTR-00003404,1
CUS-NTR-00003405,0
CUS-NTR-00003421,0
CUS-NTR-00003428,1
CUS-NTR-00003445,1
CUS-NTR-00003458,0
CUS-NTR-00003478,0
CUS-NTR-00003522,0
CUS-NTR-00003541,0
CUS-NTR-00003543,1
CUS-NTR-00003551,1
CUS-NTR-00003563,0
CUS-NTR-00003567,1
CUS-NTR-00003597,0
CUS-NTR-00003598,0
CUS-NTR-00003614,0
CUS-NTR-00003627,1
CUS-NTR-00003659,0
CUS-NTR-00003662,0
CUS-NTR-00003663,0
CUS-NTR-00003676,1
CUS-NTR-00003701,0
CUS-NTR-00003711,0
CUS-NTR-00003732,0
CUS-NTR-00003748,0
CUS-NTR-00003908,0
CUS-NTR-00003913,1
CUS-NTR-00003922,1
CUS-NTR-00003930,0
CUS-NTR-00003946,1
CUS-NTR-00003949,1
CUS-NTR-00004024,0
CUS-NTR-00004030,1
CUS-NTR-00004100,0
CUS-NTR-00004105,0
CUS-NTR-00004118,0
CUS-NTR-00004123,0
CUS-NTR-00004130,0
CUS-NTR-00004157,0
CUS-NTR-00004163,1
CUS-NTR-00004180,1
CUS-NTR-00004198,1
CUS-NTR-00004226,0
CUS-NTR-00004238,1
CUS-NTR-00004262,1
CUS-NTR-00004274,0
CUS-NTR-00004285,0
CUS-NTR-00004287,0
CUS-NTR-00004348,1
CUS-NTR-00004355,0
CUS-NTR-00004379,0
CUS-NTR-00004409,0
CUS-NTR-00004432,0
CUS-NTR-00004443,1
CUS-NTR-00004471,1
CUS-NTR-00004485,0
CUS-NTR-00004513,1
CUS-NTR-00004538,0
CUS-NTR-00004572,0
CUS-NTR-00004590,0
CUS-NTR-00004611,1
CUS-NTR-00004624,0
CUS-NTR-00004656,0
CUS-NTR-00004657,0
CUS-NTR-00004669,0
CUS-NTR-00004680,1
CUS-NTR-00004714,0
CUS-NTR-00004735,1
CUS-NTR-00004749,0
CUS-NTR-00004786,0
CUS-NTR-00004830,0
CUS-NTR-00004841,1
CUS-NTR-00004862,0
CUS-NTR-00004899,0
CUS-NTR-00004904,1
CUS-NTR-00004907,1
CUS-NTR-00004924,0
CUS-NTR-00004974,1
CUS-NTR-00005023,0
CUS-NTR-00005037,1
CUS-NTR-00005039,1
CUS-NTR-00005100,1
CUS-NTR-00005135,0
CUS-NTR-00005147,1
CUS-NTR-00005149,0
CUS-NTR-00005186,1
CUS-NTR-00005189,0
CUS-NTR-00005195,0
CUS-NTR-00005256,1
CUS-NTR-00005264,1
CUS-NTR-00005268,0
CUS-NTR-00005272,0
CUS-NTR-00005293,0
CUS-NTR-00005323,1
CUS-NTR-00005343,0
CUS-NTR-00005355,0
CUS-NTR-00005364,0
CUS-NTR-00005365,1
CUS-NTR-00005485,0
CUS-NTR-00005487,0
CUS-NTR-00005495,1
CUS-NTR-00005505,0
CUS-NTR-00005556,1
CUS-NTR-00005570,0
CUS-NTR-00005574,0
CUS-NTR-00005603,1
CUS-NTR-00005651,1
CUS-NTR-00005668,0
CUS-NTR-00005672,1
CUS-NTR-00005676,0
CUS-NTR-00005681,1
CUS-NTR-00005690,1
CUS-NTR-00005698,0
CUS-NTR-00005707,0
CUS-NTR-00005724,1
CUS-NTR-00005726,0
CUS-NTR-00005729,0
CUS-NTR-00005732,0
CUS-NTR-00005734,1
CUS-NTR-00005744,0
CUS-NTR-00005772,1
CUS-NTR-00005784,0
CUS-NTR-00005787,1
CUS-NTR-00005798,1
CUS-NTR-00005837,1
CUS-NTR-00005846,1
CUS-NTR-00005852,0
CUS-NTR-00005906,1
CUS-NTR-00005919,0
CUS-NTR-00005929,0
CUS-NTR-00005994,0
CUS-NTR-00005999,0
CUS-NTR-00006022,0
CUS-NTR-00006024,0
CUS-NTR-00006026,0
CUS-NTR-00006036,0
CUS-NTR-00006060,0
CUS-NTR-00006066,0
CUS-NTR-00006119,1
CUS-NTR-00006165,0
CUS-NTR-00006231,1
CUS-NTR-00006261,1
CUS-NTR-00006290,0
CUS-NTR-00006293,0
CUS-NTR-00006323,0
CUS-NTR-00006341,1
CUS-NTR-00006342,0
CUS-NTR-00006343,0
CUS-NTR-00006365,0
CUS-NTR-00006371,0
CUS-NTR-00006378,0
CUS-NTR-00006382,0
CUS-NTR-00006386,0
CUS-NTR-00006419,1
CUS-NTR-00006470,1
CUS-NTR-00006483,1
CUS-NTR-00006486,1
CUS-NTR-00006504,0
CUS-NTR-00006541,0
CUS-NTR-00006551,1
CUS-NTR-00006559,1
CUS-NTR-00006570,1
CUS-NTR-00006589,0
CUS-NTR-00006607,0
CUS-NTR-00006626,1
CUS-NTR-00006633,0
CUS-NTR-00006662,1
CUS-NTR-00006678,0
CUS-NTR-00006682,1
CUS-NTR-00006688,0
CUS-NTR-00006693,0
CUS-NTR-00006754,1
CUS-NTR-00006758,0
CUS-NTR-00006763,0
CUS-NTR-00006805,1
CUS-NTR-00006828,1
CUS-NTR-00006840,0
CUS-NTR-00006862,1
CUS-NTR-00006916,0
CUS-NTR-00006937,0
CUS-NTR-00006950,0
CUS-NTR-00006960,0
CUS-NTR-00006993,0
CUS-NTR-00006999,1
CUS-NTR-00007002,0
CUS-NTR-00007005,0
CUS-NTR-00007030,0
CUS-NTR-00007039,0
CUS-NTR-00007116,0
CUS-NTR-00007124,1
CUS-NTR-00007198,0
CUS-NTR-00007247,0
CUS-NTR-00007258,1
CUS-NTR-00007261,0
CUS-NTR-00007271,0
CUS-NTR-00007299,1
CUS-NTR-00007303,1
CUS-NTR-00007317,1
CUS-NTR-00007332,0
CUS-NTR-00007336,1
CUS-NTR-00007340,0
CUS-NTR-00007343,0
CUS-NTR-00007363,0
CUS-NTR-00007396,0
CUS-NTR-00007418,0
CUS-NTR-00007441,1
CUS-NTR-00007464,0
CUS-NTR-00007480,1
CUS-NTR-00007495,0
CUS-NTR-00007517,1
CUS-NTR-00007551,0
CUS-NTR-00007560,0
CUS-NTR-00007566,0
CUS-NTR-00007569,0
CUS-NTR-00007577,0
CUS-NTR-00007592,0
CUS-NTR-00007596,0
CUS-NTR-00007605,1
CUS-NTR-00007610,0
CUS-NTR-00007628,1
CUS-NTR-00007633,1
CUS-NTR-00007722,1
CUS-NTR-00007753,0
CUS-NTR-00007756,0
CUS-NTR-00007778,0
CUS-NTR-00007798,0
CUS-NTR-00007841,0
CUS-NTR-00007914,0
CUS-NTR-00007915,1
CUS-NTR-00007917,1
CUS-NTR-00007950,0
CUS-NTR-00007953,0
CUS-NTR-00007976,1
CUS-NTR-00007979,0
CUS-NTR-00007982,0
CUS-NTR-00007994,0
CUS-NTR-00008002,0
CUS-NTR-00008036,1
CUS-NTR-00008053,1
CUS-NTR-00008060,0
CUS-NTR-00008132,1
CUS-NTR-00008154,0
CUS-NTR-00008157,0
CUS-NTR-00008176,0
CUS-NTR-00008195,1
CUS-NTR-00008235,0
CUS-NTR-00008311,1
CUS-NTR-00008318,0
CUS-NTR-00008325,1
CUS-NTR-00008351,0
CUS-NTR-00008352,0
CUS-NTR-00008359,0
CUS-NTR-00008362,0
CUS-NTR-00008409,0
CUS-NTR-00008433,1
CUS-NTR-00008445,0
CUS-NTR-00008458,0
CUS-NTR-00008494,0
CUS-NTR-00008510,0
CUS-NTR-00008560,1
CUS-NTR-00008563,0
CUS-NTR-00008567,0
CUS-NTR-00008593,0
CUS-NTR-00008628,0
CUS-NTR-00008630,1
CUS-NTR-00008670,0
CUS-NTR-00008684,0
CUS-NTR-00008779,1
CUS-NTR-00008791,0
CUS-NTR-00008809,0
CUS-NTR-00008810,0
CUS-NTR-00008817,1
CUS-NTR-00008820,1
CUS-NTR-00008825,1
CUS-NTR-00008826,0
CUS-NTR-00008857,0
CUS-NTR-00008872,1
CUS-NTR-00008877,1
CUS-NTR-00008902,1
CUS-NTR-00008919,0
CUS-NTR-00008971,0
CUS-NTR-00008991,1
CUS-NTR-00009001,1
CUS-NTR-00009013,0
CUS-NTR-00009023,0
CUS-NTR-00009034,0
CUS-NTR-00009037,0
CUS-NTR-00009123,1
CUS-NTR-00009162,1
CUS-NTR-00009175,0
CUS-NTR-00009234,0
CUS-NTR-00009258,0
CUS-NTR-00009269,0
CUS-NTR-00009270,0
CUS-NTR-00009287,0
CUS-NTR-00009292,1
CUS-NTR-00009317,1
CUS-NTR-00009371,1
CUS-NTR-00009387,0
CUS-NTR-00009398,1
CUS-NTR-00009415,0
CUS-NTR-00009461,1
CUS-NTR-00009490,1
CUS-NTR-00009493,0
CUS-NTR-00009517,0
CUS-NTR-00009643,1
CUS-NTR-00009645,1
CUS-NTR-00009670,1
CUS-NTR-00009688,1
CUS-NTR-00009748,0
CUS-NTR-00009752,1
CUS-NTR-00009761,0
CUS-NTR-00009790,0
CUS-NTR-00009806,1
CUS-NTR-00009820,0
CUS-NTR-00009827,1
CUS-NTR-00009878,1
CUS-NTR-00009886,0
CUS-NTR-00009894,0
CUS-NTR-00009913,1
CUS-NTR-00009920,0
CUS-NTR-00009935,1
CUS-NTR-00009941,0
CUS-NTR-00010029,1
CUS-NTR-00010037,0
CUS-NTR-00010061,1
CUS-NTR-00010072,1
CUS-NTR-00010095,0
CUS-NTR-00010109,0
CUS-NTR-00010114,1
CUS-NTR-00010131,0
CUS-NTR-00010152,0
CUS-NTR-00010167,0
CUS-NTR-00010169,0
CUS-NTR-00010173,0
CUS-NTR-00010181,1
CUS-NTR-00010257,0
CUS-NTR-00010287,0
CUS-NTR-00010288,0
CUS-NTR-00010305,1
CUS-NTR-00010330,1
CUS-NTR-00010399,0
CUS-NTR-00010452,0
CUS-NTR-00010466,1
CUS-NTR-00010480,0
CUS-NTR-00010495,0
CUS-NTR-00010496,1
CUS-NTR-00010521,0
CUS-NTR-00010525,0
CUS-NTR-00010600,1
CUS-NTR-00010603,0
CUS-NTR-00010613,0
CUS-NTR-00010623,0
CUS-NTR-00010638,0
CUS-NTR-00010688,0
CUS-NTR-00010691,0
CUS-NTR-00010699,1
CUS-NTR-00010730,0
CUS-NTR-00010760,1
CUS-NTR-00010777,0
CUS-NTR-00010786,0
CUS-NTR-00010800,1
CUS-NTR-00010846,0
CUS-NTR-00010855,1
CUS-NTR-00010884,0
CUS-NTR-00010885,0
CUS-NTR-00010893,1
CUS-NTR-00010929,0
CUS-NTR-00010972,0
CUS-NTR-00010990,1
CUS-NTR-00011000,1
CUS-NTR-00011003,1
CUS-NTR-00011010,0
CUS-NTR-00011035,0
CUS-NTR-00011047,1
CUS-NTR-00011053,0
CUS-NTR-00011067,0
CUS-NTR-00011073,0
CUS-NTR-00011089,0
CUS-NTR-00011105,1
CUS-NTR-00011121,0
CUS-NTR-00011137,0
CUS-NTR-00011138,1
CUS-NTR-00011157,1
CUS-NTR-00011158,0
CUS-NTR-00011168,1
CUS-NTR-00011184,1
CUS-NTR-00011217,1
CUS-NTR-00011262,0
CUS-NTR-00011285,1
CUS-NTR-00011298,0
CUS-NTR-00011308,0
CUS-NTR-00011363,0
CUS-NTR-00011377,1
CUS-NTR-00011395,0
CUS-NTR-00011430,0
CUS-NTR-00011459,0
CUS-NTR-00011465,1
CUS-NTR-00011488,0
CUS-NTR-00011505,0
CUS-NTR-00011523,1
CUS-NTR-00011525,0
CUS-NTR-00011552,0
CUS-NTR-00011574,0
CUS-NTR-00011585,0
CUS-NTR-00011593,0
CUS-NTR-00011668,0
CUS-NTR-00011683,0
CUS-NTR-00011716,0
CUS-NTR-00011736,0
CUS-NTR-00011746,1
CUS-NTR-00011836,1
CUS-NTR-00011854,1
CUS-NTR-00011911,0
CUS-NTR-00011935,1
CUS-NTR-00011937,1
CUS-NTR-00011980,0
CUS-OVN-00000006,0
CUS-OVN-00000012,1
CUS-OVN-00000023,1
CUS-OVN-00000032,0
CUS-OVN-00000100,0
CUS-OVN-00000104,0
CUS-OVN-00000132,0
CUS-OVN-00000137,0
CUS-OVN-00000143,0
CUS-OVN-00000162,1
CUS-OVN-00000170,0
CUS-OVN-00000174,1
CUS-OVN-00000178,0
CUS-OVN-00000191,0
CUS-OVN-00000202,1
CUS-OVN-00000219,0
CUS-OVN-00000224,1
CUS-OVN-00000226,0
CUS-OVN-00000233,0
CUS-OVN-00000235,0
CUS-OVN-00000265,0
CUS-OVN-00000293,1
CUS-OVN-00000297,0
CUS-OVN-00000320,1
CUS-OVN-00000321,1
CUS-OVN-00000340,0
CUS-OVN-00000342,1
CUS-OVN-00000347,1
CUS-OVN-00000361,1
CUS-OVN-00000377,0
CUS-OVN-00000382,0
CUS-OVN-00000386,1
CUS-OVN-00000388,0
CUS-OVN-00000402,0
CUS-OVN-00000405,1
CUS-OVN-00000410,0
CUS-OVN-00000420,1
CUS-OVN-00000431,1
CUS-OVN-00000447,0
CUS-OVN-00000457,0
CUS-OVN-00000463,0
CUS-OVN-00000468,0
CUS-OVN-00000503,1
CUS-OVN-00000527,0
CUS-OVN-00000528,0
CUS-OVN-00000541,1
CUS-OVN-00000544,1
CUS-OVN-00000585,0
CUS-OVN-00000591,0
CUS-OVN-00000599,0
CUS-OVN-00000605,0
CUS-OVN-00000613,1
CUS-OVN-00000614,0
CUS-OVN-00000623,0
CUS-OVN-00000625,0
CUS-OVN-00000631,0
CUS-OVN-00000668,0
CUS-OVN-00000673,0
CUS-OVN-00000677,0
CUS-OVN-00000688,0
CUS-OVN-00000711,0
CUS-OVN-00000720,1
CUS-OVN-00000724,1
CUS-OVN-00000758,0
CUS-OVN-00000765,0
CUS-OVN-00000782,1
CUS-OVN-00000785,0
CUS-OVN-00000810,1
CUS-OVN-00000813,1
CUS-OVN-00000838,1
CUS-OVN-00000850,0
CUS-OVN-00000854,1
CUS-OVN-00000873,0
CUS-OVN-00000883,0
CUS-OVN-00000892,1
CUS-OVN-00000905,1
CUS-OVN-00000914,0
CUS-OVN-00000915,1
CUS-OVN-00000916,1
CUS-OVN-00000937,1
CUS-OVN-00000955,1
CUS-OVN-00000965,0
CUS-OVN-00000967,0
CUS-OVN-00000974,0
CUS-OVN-00000981,1
CUS-OVN-00000986,1
CUS-OVN-00000995,0
CUS-OVN-00000999,0
CUS-OVN-00001007,0
CUS-OVN-00001014,0
CUS-OVN-00001023,0
CUS-OVN-00001027,1
CUS-OVN-00001057,0
CUS-OVN-00001061,0
CUS-OVN-00001066,0
CUS-OVN-00001074,0
CUS-OVN-00001082,1
CUS-OVN-00001083,0
CUS-OVN-00001085,1
CUS-OVN-00001109,1
CUS-OVN-00001114,1
CUS-OVN-00001115,1
CUS-OVN-00001130,0
CUS-OVN-00001131,0
CUS-OVN-00001135,0
CUS-OVN-00001188,0
CUS-OVN-00001194,0
CUS-OVN-00001229,0
CUS-OVN-00001250,0
CUS-OVN-00001260,0
CUS-OVN-00001264,1
CUS-OVN-00001268,1
CUS-OVN-00001271,0
CUS-OVN-00001285,0
CUS-OVN-00001286,1
CUS-OVN-00001306,1
CUS-OVN-00001310,1
CUS-OVN-00001312,0
CUS-OVN-00001334,0
CUS-OVN-00001335,0
CUS-OVN-00001345,1
CUS-OVN-00001372,1
CUS-OVN-00001375,0
CUS-OVN-00001384,0
CUS-OVN-00001385,0
CUS-OVN-00001391,0
CUS-OVN-00001398,1
CUS-OVN-00001403,0
CUS-OVN-00001407,1
CUS-OVN-00001412,0
CUS-OVN-00001414,1
CUS-OVN-00001420,0
CUS-OVN-00001431,0
CUS-OVN-00001436,1
CUS-OVN-00001439,1
CUS-OVN-00001440,1
CUS-OVN-00001447,1
CUS-OVN-00001454,1
CUS-OVN-00001459,0
CUS-OVN-00001471,0
CUS-OVN-00001478,0
CUS-OVN-00001487,1
CUS-OVN-00001502,1
CUS-OVN-00001518,0
CUS-OVN-00001557,1
CUS-OVN-00001561,0
CUS-OVN-00001579,1
CUS-OVN-00001586,0
CUS-OVN-00001593,1
CUS-OVN-00001601,1
CUS-OVN-00001607,0
CUS-OVN-00001619,1
CUS-OVN-00001635,0
CUS-OVN-00001638,0
CUS-OVN-00001655,1
CUS-OVN-00001665,1
CUS-OVN-00001676,0
CUS-OVN-00001692,0
CUS-OVN-00001699,0
CUS-OVN-00001701,0
CUS-OVN-00001702,1
CUS-OVN-00001706,0
CUS-OVN-00001713,1
CUS-OVN-00001731,0
CUS-OVN-00001744,0
CUS-OVN-00001758,0
CUS-OVN-00001760,0
CUS-OVN-00001767,1
CUS-OVN-00001821,0
CUS-OVN-00001829,0
CUS-OVN-00001832,0
CUS-OVN-00001844,0
CUS-OVN-00001856,0
CUS-OVN-00001862,0
CUS-OVN-00001863,1
CUS-OVN-00001867,0
CUS-OVN-00001873,0
CUS-OVN-00001874,0
CUS-OVN-00001920,0
CUS-OVN-00001946,0
CUS-OVN-00001948,1
CUS-OVN-00001950,0
CUS-OVN-00001951,1
CUS-OVN-00001954,1
CUS-OVN-00001956,0
CUS-OVN-00001972,1
CUS-OVN-00001978,0
CUS-OVN-00001986,1
CUS-OVN-00001989,1
CUS-OVN-00002003,0
CUS-OVN-00002037,0
CUS-OVN-00002044,0
CUS-OVN-00002045,0
CUS-OVN-00002051,0
CUS-OVN-00002057,1
CUS-OVN-00002061,1
CUS-OVN-00002066,0
CUS-OVN-00002068,1
CUS-OVN-00002077,1
CUS-OVN-00002104,1
CUS-OVN-00002108,1
CUS-OVN-00002116,0
CUS-OVN-00002133,1
CUS-OVN-00002134,0
CUS-OVN-00002146,0
CUS-OVN-00002148,1
CUS-OVN-00002180,0
CUS-OVN-00002182,1
CUS-OVN-00002190,0
CUS-OVN-00002202,0
CUS-OVN-00002211,0
CUS-OVN-00002215,1
CUS-OVN-00002218,0
CUS-OVN-00002219,0
CUS-OVN-00002234,0
CUS-OVN-00002255,0
CUS-OVN-00002262,1
CUS-OVN-00002291,1
CUS-OVN-00002301,0
CUS-OVN-00002311,0
CUS-OVN-00002320,1
CUS-OVN-00002326,0
CUS-OVN-00002359,0
CUS-OVN-00002387,0
CUS-OVN-00002396,0
CUS-OVN-00002410,0
CUS-OVN-00002412,0
CUS-OVN-00002420,0
CUS-OVN-00002436,0
CUS-OVN-00002441,1
CUS-OVN-00002480,1
CUS-OVN-00002491,0
CUS-OVN-00002494,1
CUS-OVN-00002503,0
CUS-OVN-00002507,0
CUS-OVN-00002508,1
CUS-OVN-00002525,1
CUS-OVN-00002527,1
CUS-OVN-00002535,0
CUS-OVN-00002547,1
CUS-OVN-00002554,0
CUS-OVN-00002570,0
CUS-OVN-00002580,0
CUS-OVN-00002596,0
CUS-OVN-00002599,0
CUS-OVN-00002600,1
CUS-OVN-00002622,0
CUS-OVN-00002624,0
CUS-OVN-00002651,0
CUS-OVN-00002656,0
CUS-OVN-00002691,0
CUS-OVN-00002694,0
CUS-OVN-00002711,0
CUS-OVN-00002718,0
CUS-OVN-00002762,1
CUS-OVN-00002766,1
CUS-OVN-00002770,1
CUS-OVN-00002789,1
CUS-OVN-00002794,0
CUS-OVN-00002801,0
CUS-OVN-00002820,1
CUS-OVN-00002824,0
CUS-OVN-00002825,1
CUS-OVN-00002856,0
CUS-OVN-00002869,0
CUS-OVN-00002888,0
CUS-OVN-00002892,1
CUS-OVN-00002895,1
CUS-OVN-00002897,1
CUS-OVN-00002902,1
CUS-OVN-00002904,1
CUS-OVN-00002907,0
CUS-OVN-00002909,1
CUS-OVN-00002921,1
CUS-OVN-00002941,0
CUS-OVN-00002949,1
CUS-OVN-00002954,1
CUS-OVN-00002960,0
CUS-OVN-00002962,0
CUS-OVN-00002974,1
CUS-OVN-00002999,0
CUS-OVN-00003017,0
CUS-OVN-00003035,0
CUS-OVN-00003042,1
CUS-OVN-00003046,1
CUS-OVN-00003049,0
CUS-OVN-00003072,0
CUS-OVN-00003090,0
CUS-OVN-00003092,0
CUS-OVN-00003094,0
CUS-OVN-00003101,0
CUS-OVN-00003103,0
CUS-OVN-00003110,0
CUS-OVN-00003130,1
CUS-OVN-00003143,0
CUS-OVN-00003159,0
CUS-OVN-00003161,0
CUS-OVN-00003162,0
CUS-OVN-00003171,1
CUS-OVN-00003174,0
CUS-OVN-00003181,1
CUS-OVN-00003200,0
CUS-OVN-00003202,1
CUS-OVN-00003203,0
CUS-OVN-00003205,0
CUS-OVN-00003237,1
CUS-OVN-00003243,1
CUS-OVN-00003251,0
CUS-OVN-00003269,1
CUS-OVN-00003271,1
CUS-OVN-00003296,0
CUS-OVN-00003301,0
CUS-OVN-00003304,0
CUS-OVN-00003311,0
CUS-OVN-00003312,0
CUS-OVN-00003331,0
CUS-OVN-00003378,0
CUS-OVN-00003380,0
CUS-OVN-00003383,0
CUS-OVN-00003388,0
CUS-OVN-00003393,1
CUS-OVN-00003396,1
CUS-OVN-00003429,0
CUS-OVN-00003433,0
CUS-OVN-00003455,0
CUS-OVN-00003457,0
CUS-OVN-00003470,0
CUS-OVN-00003479,1
CUS-OVN-00003511,0
CUS-OVN-00003513,1
CUS-OVN-00003514,1
CUS-OVN-00003515,0
CUS-OVN-00003548,1
CUS-OVN-00003558,1
CUS-OVN-00003565,0
CUS-OVN-00003585,0
CUS-OVN-00003596,0
CUS-OVN-00003599,0
CUS-OVN-00003605,1
CUS-OVN-00003620,1
CUS-OVN-00003632,1
CUS-OVN-00003688,1
CUS-OVN-00003713,0
CUS-OVN-00003719,1
CUS-OVN-00003727,1
CUS-OVN-00003731,1
CUS-OVN-00003736,1
CUS-OVN-00003759,1
CUS-OVN-00003761,1
CUS-OVN-00003771,0
CUS-OVN-00003772,0
CUS-OVN-00003780,0
CUS-OVN-00003783,1
CUS-OVN-00003786,0
CUS-OVN-00003787,0
CUS-OVN-00003809,1
CUS-OVN-00003829,0
CUS-OVN-00003845,0
CUS-OVN-00003865,0
CUS-OVN-00003875,1
CUS-OVN-00003878,1
CUS-OVN-00003882,1
CUS-OVN-00003885,0
CUS-OVN-00003887,0
CUS-OVN-00003889,0
CUS-OVN-00003895,0
CUS-OVN-00003924,0
CUS-OVN-00003952,1
CUS-OVN-00003953,1
CUS-OVN-00003957,1
CUS-OVN-00003958,0
CUS-OVN-00003971,1
CUS-OVN-00003989,0
CUS-OVN-00003990,1
CUS-OVN-00003991,0
CUS-OVN-00004013,0
CUS-OVN-00004026,0
CUS-OVN-00004044,1
CUS-OVN-00004051,1
CUS-OVN-00004058,1
CUS-OVN-00004061,1
CUS-OVN-00004069,1
CUS-OVN-00004086,1
CUS-OVN-00004109,1
CUS-OVN-00004121,0
CUS-OVN-00004125,1
CUS-OVN-00004171,1
CUS-OVN-00004173,0
CUS-OVN-00004178,0
CUS-OVN-00004185,0
CUS-OVN-00004219,0
CUS-OVN-00004231,1
CUS-OVN-00004259,0
CUS-OVN-00004261,1
CUS-OVN-00004271,1
CUS-OVN-00004289,0
CUS-OVN-00004303,0
CUS-OVN-00004309,0
CUS-OVN-00004317,1
CUS-OVN-00004330,0
CUS-OVN-00004332,0
CUS-OVN-00004346,1
CUS-OVN-00004357,1
CUS-OVN-00004364,0
CUS-OVN-00004386,1
CUS-OVN-00004407,1
CUS-OVN-00004444,0
CUS-OVN-00004452,0
CUS-OVN-00004464,0
CUS-OVN-00004469,1
CUS-OVN-00004480,1
CUS-OVN-00004493,0
CUS-OVN-00004543,1
CUS-OVN-00004547,1
CUS-OVN-00004561,0
CUS-OVN-00004584,0
CUS-OVN-00004588,0
CUS-OVN-00004596,1
CUS-OVN-00004602,0
CUS-OVN-00004603,0
CUS-OVN-00004610,0
CUS-OVN-00004622,1
CUS-OVN-00004646,1
CUS-OVN-00004647,0
CUS-OVN-00004662,0
CUS-OVN-00004681,1
CUS-OVN-00004685,1
CUS-OVN-00004701,0
CUS-OVN-00004732,1
CUS-OVN-00004755,0
CUS-OVN-00004758,1
CUS-OVN-00004760,0
CUS-OVN-00004763,0
CUS-OVN-00004782,0
CUS-OVN-00004783,0
CUS-OVN-00004785,1
CUS-OVN-00004794,0
CUS-OVN-00004814,0
CUS-OVN-00004856,1
CUS-OVN-00004890,0
CUS-OVN-00004914,0
CUS-OVN-00004919,1
CUS-OVN-00004944,0
CUS-OVN-00004954,0
CUS-OVN-00004980,1
CUS-OVN-00004981,0
CUS-OVN-00004989,0
CUS-OVN-00005021,1
CUS-OVN-00005046,1
CUS-OVN-00005050,0
CUS-OVN-00005065,0
CUS-OVN-00005075,1
CUS-OVN-00005085,0
CUS-OVN-00005089,1
CUS-OVN-00005095,0
CUS-OVN-00005114,0
CUS-OVN-00005116,0
CUS-OVN-00005129,1
CUS-OVN-00005130,0
CUS-OVN-00005144,0
CUS-OVN-00005161,0
CUS-OVN-00005162,0
CUS-OVN-00005196,0
CUS-OVN-00005208,0
CUS-OVN-00005213,1
CUS-OVN-00005214,0
CUS-OVN-00005232,0
CUS-OVN-00005269,1
CUS-OVN-00005271,1
CUS-OVN-00005281,1
CUS-OVN-00005283,0
CUS-OVN-00005297,1
CUS-OVN-00005307,1
CUS-OVN-00005318,0
CUS-OVN-00005328,0
CUS-OVN-00005351,0
CUS-OVN-00005356,0
CUS-OVN-00005366,0
CUS-OVN-00005372,1
CUS-OVN-00005390,0
CUS-OVN-00005393,1
CUS-OVN-00005418,0
CUS-OVN-00005425,0
CUS-OVN-00005427,1
CUS-OVN-00005429,0
CUS-OVN-00005439,1
CUS-OVN-00005445,0
CUS-OVN-00005455,0
CUS-OVN-00005473,0
CUS-OVN-00005480,1
CUS-OVN-00005486,0
CUS-OVN-00005497,0
CUS-OVN-00005516,1
CUS-OVN-00005526,0
CUS-OVN-00005529,1
CUS-OVN-00005541,0
CUS-OVN-00005547,1
CUS-OVN-00005561,0
CUS-OVN-00005565,0
CUS-OVN-00005577,1
CUS-OVN-00005586,1
CUS-OVN-00005597,0
CUS-OVN-00005604,0
CUS-OVN-00005657,1
CUS-OVN-00005713,1
CUS-OVN-00005718,0
CUS-OVN-00005736,0
CUS-OVN-00005739,0
CUS-OVN-00005748,0
CUS-OVN-00005749,1
CUS-OVN-00005750,1
CUS-OVN-00005762,1
CUS-OVN-00005764,1
CUS-OVN-00005781,0
CUS-OVN-00005782,0
CUS-OVN-00005847,1
CUS-OVN-00005851,1
CUS-OVN-00005884,0
CUS-OVN-00005891,1
CUS-OVN-00005911,1
CUS-OVN-00005931,1
CUS-OVN-00005974,0
CUS-OVN-00005975,0
CUS-OVN-00005989,0
CUS-OVN-00005993,1
CUS-OVN-00006020,1
CUS-OVN-00006021,1
CUS-OVN-00006029,1
CUS-OVN-00006035,1
CUS-OVN-00006037,0
CUS-OVN-00006044,0
CUS-OVN-00006071,0
CUS-OVN-00006095,1
CUS-OVN-00006106,0
CUS-OVN-00006107,1
CUS-OVN-00006114,1
CUS-OVN-00006137,1
CUS-OVN-00006149,1
CUS-OVN-00006160,0
CUS-OVN-00006171,0
CUS-OVN-00006176,0
CUS-OVN-00006200,0
CUS-OVN-00006247,0
CUS-OVN-00006248,1
CUS-OVN-00006255,1
CUS-OVN-00006256,1
CUS-OVN-00006288,0
CUS-OVN-00006292,1
CUS-OVN-00006294,1
CUS-OVN-00006300,0
CUS-OVN-00006313,0
CUS-OVN-00006332,0
CUS-OVN-00006347,0
CUS-OVN-00006352,0
CUS-OVN-00006358,0
CUS-OVN-00006373,0
CUS-OVN-00006389,1
CUS-OVN-00006407,1
CUS-OVN-00006414,0
CUS-OVN-00006434,0
CUS-OVN-00006442,0
CUS-OVN-00006469,1
CUS-OVN-00006473,0
CUS-OVN-00006485,0
CUS-OVN-00006490,0
CUS-OVN-00006501,0
CUS-OVN-00006507,1
CUS-OVN-00006521,1
CUS-OVN-00006526,1
CUS-OVN-00006532,0
CUS-OVN-00006543,0
CUS-OVN-00006564,0
CUS-OVN-00006579,0
CUS-OVN-00006580,1
CUS-OVN-00006588,1
CUS-OVN-00006595,1
CUS-OVN-00006615,1
CUS-OVN-00006649,0
CUS-OVN-00006652,1
CUS-OVN-00006658,1
CUS-OVN-00006687,0
CUS-OVN-00006703,1
CUS-OVN-00006736,0
CUS-OVN-00006774,1
CUS-OVN-00006808,0
CUS-OVN-00006820,1
CUS-OVN-00006822,0
CUS-OVN-00006834,0
CUS-OVN-00006839,0
CUS-OVN-00006842,1
CUS-OVN-00006850,0
CUS-OVN-00006851,0
CUS-OVN-00006885,1
CUS-OVN-00006886,0
CUS-OVN-00006897,0
CUS-OVN-00006900,0
CUS-OVN-00006909,1
CUS-OVN-00006928,0
CUS-OVN-00006930,1
CUS-OVN-00006952,1
CUS-OVN-00006974,0
CUS-OVN-00006981,1
CUS-OVN-00006982,1
CUS-OVN-00007012,0
CUS-OVN-00007016,1
CUS-OVN-00007021,0
CUS-OVN-00007022,0
CUS-OVN-00007040,1
CUS-OVN-00007045,1
CUS-OVN-00007046,0
CUS-OVN-00007051,0
CUS-OVN-00007068,0
CUS-OVN-00007078,1
CUS-OVN-00007080,0
CUS-OVN-00007111,0
CUS-OVN-00007123,0
CUS-OVN-00007126,1
CUS-OVN-00007153,0
CUS-OVN-00007158,0
CUS-OVN-00007165,0
CUS-OVN-00007178,0
CUS-OVN-00007179,0
CUS-OVN-00007196,1
CUS-OVN-00007204,0
CUS-OVN-00007230,1
CUS-OVN-00007246,1
CUS-OVN-00007269,1
CUS-OVN-00007272,1
CUS-OVN-00007285,1
CUS-OVN-00007286,1
CUS-OVN-00007296,0
CUS-OVN-00007318,0
CUS-OVN-00007324,1
CUS-OVN-00007327,0
CUS-OVN-00007353,1
CUS-OVN-00007369,0
CUS-OVN-00007370,0
CUS-OVN-00007378,1
CUS-OVN-00007383,0
CUS-OVN-00007399,0
CUS-OVN-00007407,0
CUS-OVN-00007427,1
CUS-OVN-00007430,0
CUS-OVN-00007440,1
CUS-OVN-00007455,0
CUS-OVN-00007465,0
CUS-OVN-00007482,0
CUS-OVN-00007491,0
CUS-OVN-00007492,1
CUS-OVN-00007507,0
CUS-OVN-00007536,0
CUS-OVN-00007541,1
CUS-OVN-00007544,0
CUS-OVN-00007556,0
CUS-OVN-00007561,0
CUS-OVN-00007570,0
CUS-OVN-00007572,0
CUS-OVN-00007576,0
CUS-OVN-00007588,0
CUS-OVN-00007601,1
CUS-OVN-00007602,0
CUS-OVN-00007606,0
CUS-OVN-00007627,0
CUS-OVN-00007638,0
CUS-OVN-00007642,1
CUS-OVN-00007662,0
CUS-OVN-00007664,1
CUS-OVN-00007671,1
CUS-OVN-00007673,0
CUS-OVN-00007678,0
CUS-OVN-00007679,0
CUS-OVN-00007680,0
CUS-OVN-00007681,0
CUS-OVN-00007744,1
CUS-OVN-00007762,1
CUS-OVN-00007769,0
CUS-OVN-00007774,1
CUS-OVN-00007786,1
CUS-OVN-00007809,1
CUS-OVN-00007819,0
CUS-OVN-00007825,0
CUS-OVN-00007831,0
CUS-OVN-00007879,1
CUS-OVN-00007880,0
CUS-OVN-00007892,0
CUS-OVN-00007899,0
CUS-OVN-00007903,0
CUS-OVN-00007905,1
CUS-OVN-00007911,1
CUS-OVN-00007916,0
CUS-OVN-00007919,0
CUS-OVN-00007947,0
CUS-OVN-00007960,0
CUS-OVN-00007978,0
CUS-OVN-00007983,0
CUS-OVN-00007984,0
CUS-OVN-00007987,0
CUS-OVN-00007988,0
CUS-OVN-00007992,0
CUS-OVN-00008000,0
CUS-OVN-00008011,0
CUS-OVN-00008023,1
CUS-OVN-00008029,0
CUS-OVN-00008045,1
CUS-OVN-00008048,0
CUS-OVN-00008055,0
CUS-OVN-00008065,0
CUS-OVN-00008070,0
CUS-OVN-00008075,0
CUS-OVN-00008079,0
CUS-OVN-00008080,0
CUS-OVN-00008087,0
CUS-OVN-00008094,0
CUS-OVN-00008100,1
CUS-OVN-00008113,0
CUS-OVN-00008116,1
CUS-OVN-00008125,1
CUS-OVN-00008156,0
CUS-OVN-00008168,0
CUS-OVN-00008171,1
CUS-OVN-00008186,0
CUS-OVN-00008194,0
CUS-OVN-00008202,0
CUS-OVN-00008210,0
CUS-OVN-00008212,0
CUS-OVN-00008224,0
CUS-OVN-00008229,1
CUS-OVN-00008233,0
CUS-OVN-00008237,0
CUS-OVN-00008242,0
CUS-OVN-00008243,0
CUS-OVN-00008245,0
CUS-OVN-00008264,1
CUS-OVN-00008266,0
CUS-OVN-00008267,1
CUS-OVN-00008273,1
CUS-OVN-00008279,1
CUS-OVN-00008288,1
CUS-OVN-00008292,0
CUS-OVN-00008310,0
CUS-OVN-00008317,1
CUS-OVN-00008324,1
CUS-OVN-00008366,0
CUS-OVN-00008387,0
CUS-OVN-00008399,0
CUS-OVN-00008405,0
CUS-OVN-00008417,0
CUS-OVN-00008424,0
CUS-OVN-00008429,0
CUS-OVN-00008439,0
CUS-OVN-00008451,1
CUS-OVN-00008454,1
CUS-OVN-00008457,1
CUS-OVN-00008461,0
CUS-OVN-00008487,0
CUS-OVN-00008492,0
CUS-OVN-00008498,0
CUS-OVN-00008509,1
CUS-OVN-00008514,0
CUS-OVN-00008517,1
CUS-OVN-00008523,1
CUS-OVN-00008534,1
CUS-OVN-00008538,1
CUS-OVN-00008544,1
CUS-OVN-00008572,0
CUS-OVN-00008575,1
CUS-OVN-00008604,0
CUS-OVN-00008621,0
CUS-OVN-00008642,1
CUS-OVN-00008652,1
CUS-OVN-00008653,0
CUS-OVN-00008663,0
CUS-OVN-00008664,0
CUS-OVN-00008673,0
CUS-OVN-00008726,0
CUS-OVN-00008727,0
CUS-OVN-00008768,0
CUS-OVN-00008772,1
CUS-OVN-00008783,0
CUS-OVN-00008812,0
CUS-OVN-00008814,0
CUS-OVN-00008815,1
CUS-OVN-00008828,1
CUS-OVN-00008830,1
CUS-OVN-00008850,1
CUS-OVN-00008858,0
CUS-OVN-00008882,1
CUS-OVN-00008905,1
CUS-OVN-00008928,1
CUS-OVN-00008934,0
CUS-OVN-00008936,0
CUS-OVN-00008940,1
CUS-OVN-00008954,0
CUS-OVN-00008969,0
CUS-OVN-00008978,1
CUS-OVN-00008988,1
CUS-OVN-00008996,0
CUS-OVN-00008999,0
CUS-OVN-00009015,0
CUS-OVN-00009022,1
CUS-OVN-00009032,0
CUS-OVN-00009049,1
CUS-OVN-00009053,0
CUS-OVN-00009056,1
CUS-OVN-00009058,0
CUS-OVN-00009062,1
CUS-OVN-00009100,0
CUS-OVN-00009111,0
CUS-OVN-00009122,1
CUS-OVN-00009126,1
CUS-OVN-00009142,0
CUS-OVN-00009154,1
CUS-OVN-00009156,1
CUS-OVN-00009176,0
CUS-OVN-00009184,1
CUS-OVN-00009186,1
CUS-OVN-00009202,1
CUS-OVN-00009211,0
CUS-OVN-00009217,0
CUS-OVN-00009218,0
CUS-OVN-00009221,0
CUS-OVN-00009227,0
CUS-OVN-00009240,0
CUS-OVN-00009261,0
CUS-OVN-00009273,0
CUS-OVN-00009280,0
CUS-OVN-00009281,0
CUS-OVN-00009282,1
CUS-OVN-00009298,0
CUS-OVN-00009308,1
CUS-OVN-00009316,1
CUS-OVN-00009357,0
CUS-OVN-00009374,0
CUS-OVN-00009377,0
CUS-OVN-00009384,0
CUS-OVN-00009414,1
CUS-OVN-00009420,0
CUS-OVN-00009442,0
CUS-OVN-00009451,0
CUS-OVN-00009460,1
CUS-OVN-00009465,0
CUS-OVN-00009476,1
CUS-OVN-00009481,1
CUS-OVN-00009483,1
CUS-OVN-00009489,0
CUS-OVN-00009492,1
CUS-OVN-00009499,0
CUS-OVN-00009516,0
CUS-OVN-00009521,1
CUS-OVN-00009533,0
CUS-OVN-00009535,1
CUS-OVN-00009541,1
CUS-OVN-00009542,1
CUS-OVN-00009551,0
CUS-OVN-00009593,0
CUS-OVN-00009606,0
CUS-OVN-00009609,1
CUS-OVN-00009611,0
CUS-OVN-00009623,0
CUS-OVN-00009629,1
CUS-OVN-00009632,0
CUS-OVN-00009659,0
CUS-OVN-00009667,1
CUS-OVN-00009668,0
CUS-OVN-00009669,0
CUS-OVN-00009672,1
CUS-OVN-00009673,0
CUS-OVN-00009683,0
CUS-OVN-00009703,1
CUS-OVN-00009708,0
CUS-OVN-00009722,0
CUS-OVN-00009730,1
CUS-OVN-00009733,0
CUS-OVN-00009751,0
CUS-OVN-00009815,0
CUS-OVN-00009822,1
CUS-OVN-00009840,0
CUS-OVN-00009864,0
CUS-OVN-00009870,1
CUS-OVN-00009890,0
CUS-OVN-00009900,0
CUS-OVN-00009926,0
CUS-OVN-00009952,1
CUS-OVN-00009964,1
CUS-OVN-00009973,1
CUS-OVN-00009983,0
CUS-OVN-00009986,1
CUS-OVN-00010008,0
CUS-OVN-00010015,0
CUS-OVN-00010024,0
CUS-OVN-00010027,0
CUS-OVN-00010035,1
CUS-OVN-00010036,1
CUS-OVN-00010049,0
CUS-OVN-00010060,0
CUS-OVN-00010066,0
CUS-OVN-00010068,0
CUS-OVN-00010084,1
CUS-OVN-00010098,0
CUS-OVN-00010101,0
CUS-OVN-00010103,0
CUS-OVN-00010108,1
CUS-OVN-00010117,1
CUS-OVN-00010128,0
CUS-OVN-00010146,1
CUS-OVN-00010166,1
CUS-OVN-00010191,0
CUS-OVN-00010196,1
CUS-OVN-00010250,0
CUS-OVN-00010252,0
CUS-OVN-00010253,0
CUS-OVN-00010260,1
CUS-OVN-00010262,0
CUS-OVN-00010280,0
CUS-OVN-00010284,0
CUS-OVN-00010300,0
CUS-OVN-00010314,1
CUS-OVN-00010319,0
CUS-OVN-00010336,0
CUS-OVN-00010338,1
CUS-OVN-00010342,1
CUS-OVN-00010344,1
CUS-OVN-00010370,0
CUS-OVN-00010392,0
CUS-OVN-00010401,1
CUS-OVN-00010416,1
CUS-OVN-00010436,0
CUS-OVN-00010438,1
CUS-OVN-00010439,0
CUS-OVN-00010443,1
CUS-OVN-00010461,0
CUS-OVN-00010481,0
CUS-OVN-00010489,1
CUS-OVN-00010493,1
CUS-OVN-00010515,1
CUS-OVN-00010520,1
CUS-OVN-00010527,0
CUS-OVN-00010540,0
CUS-OVN-00010541,0
CUS-OVN-00010551,0
CUS-OVN-00010553,1
CUS-OVN-00010556,1
CUS-OVN-00010570,1
CUS-OVN-00010588,0
CUS-OVN-00010608,1
CUS-OVN-00010609,1
CUS-OVN-00010619,1
CUS-OVN-00010633,0
CUS-OVN-00010637,1
CUS-OVN-00010644,0
CUS-OVN-00010663,0
CUS-OVN-00010675,0
CUS-OVN-00010690,1
CUS-OVN-00010707,0
CUS-OVN-00010725,0
CUS-OVN-00010726,1
CUS-OVN-00010734,0
CUS-OVN-00010741,1
CUS-OVN-00010759,1
CUS-OVN-00010785,0
CUS-OVN-00010791,1
CUS-OVN-00010794,0
CUS-OVN-00010799,1
CUS-OVN-00010810,1
CUS-OVN-00010821,1
CUS-OVN-00010870,0
CUS-OVN-00010875,1
CUS-OVN-00010896,1
CUS-OVN-00010910,0
CUS-OVN-00010915,0
CUS-OVN-00010916,0
CUS-OVN-00010928,0
CUS-OVN-00010940,0
CUS-OVN-00010942,0
CUS-OVN-00010945,0
CUS-OVN-00010946,1
CUS-OVN-00010947,1
CUS-OVN-00010952,0
CUS-OVN-00010955,1
CUS-OVN-00010956,0
CUS-OVN-00010957,0
CUS-OVN-00010960,1
CUS-OVN-00010963,0
CUS-OVN-00010968,1
CUS-OVN-00010973,0
CUS-OVN-00010988,1
CUS-OVN-00011004,0
CUS-OVN-00011015,0
CUS-OVN-00011022,1
CUS-OVN-00011023,0
CUS-OVN-00011030,0
CUS-OVN-00011033,0
CUS-OVN-00011036,0
CUS-OVN-00011041,1
CUS-OVN-00011059,0
CUS-OVN-00011071,1
CUS-OVN-00011075,1
CUS-OVN-00011086,0
CUS-OVN-00011125,0
CUS-OVN-00011134,0
CUS-OVN-00011136,1
CUS-OVN-00011164,1
CUS-OVN-00011174,1
CUS-OVN-00011179,0
CUS-OVN-00011187,0
CUS-OVN-00011232,0
CUS-OVN-00011273,0
CUS-OVN-00011287,1
CUS-OVN-00011288,0
CUS-OVN-00011302,0
CUS-OVN-00011303,0
CUS-OVN-00011330,1
CUS-OVN-00011332,1
CUS-OVN-00011350,1
CUS-OVN-00011358,0
CUS-OVN-00011366,0
CUS-OVN-00011374,0
CUS-OVN-00011400,0
CUS-OVN-00011415,0
CUS-OVN-00011420,1
CUS-OVN-00011452,1
CUS-OVN-00011487,0
CUS-OVN-00011498,1
CUS-OVN-00011512,0
CUS-OVN-00011517,0
CUS-OVN-00011558,0
CUS-OVN-00011572,0
CUS-OVN-00011586,0
CUS-OVN-00011604,1
CUS-OVN-00011628,0
CUS-OVN-00011639,0
CUS-OVN-00011640,0
CUS-OVN-00011660,0
CUS-OVN-00011678,0
CUS-OVN-00011684,0
CUS-OVN-00011720,1
CUS-OVN-00011733,1
CUS-OVN-00011743,0
CUS-OVN-00011757,1
CUS-OVN-00011765,0
CUS-OVN-00011780,1
CUS-OVN-00011811,0
CUS-OVN-00011813,0
CUS-OVN-00011814,0
CUS-OVN-00011838,1
CUS-OVN-00011841,1
CUS-OVN-00011861,1
CUS-OVN-00011862,1
CUS-OVN-00011884,1
CUS-OVN-00011887,1
CUS-OVN-00011900,0
CUS-OVN-00011913,0
CUS-OVN-00011915,1
CUS-OVN-00011919,0
CUS-OVN-00011938,0
CUS-OVN-00011954,0
CUS-OVN-00011973,0
CUS-OVN-00011989,0
CUS-OVN-00011991,0
