id,label
CUS-BDG-00000004,0
CUS-BDG-00000030,1
CUS-BDG-00000031,1
CUS-BDG-00000043,0
CUS-BDG-00000049,0
CUS-BDG-00000055,1
CUS-BDG-00000087,0
CUS-BDG-00000092,1
CUS-BDG-00000102,0
CUS-BDG-00000106,0
CUS-BDG-00000118,0
CUS-BDG-00000159,0
CUS-BDG-00000180,1
CUS-BDG-00000189,1
CUS-BDG-00000211,0
CUS-BDG-00000215,1
CUS-BDG-00000216,0
CUS-BDG-00000256,0
CUS-BDG-00000275,0
CUS-BDG-00000318,1
CUS-BDG-00000331,1
CUS-BDG-00000333,0
CUS-BDG-00000338,0
CUS-BDG-00000380,1
CUS-BDG-00000387,0
CUS-BDG-00000394,0
CUS-BDG-00000433,1
CUS-BDG-00000439,1
CUS-BDG-00000443,1
CUS-BDG-00000446,1
CUS-BDG-00000453,1
CUS-BDG-00000466,1
CUS-BDG-00000491,0
CUS-BDG-00000501,1
CUS-BDG-00000518,1
CUS-BDG-00000531,0
CUS-BDG-00000532,0
CUS-BDG-00000597,1
CUS-BDG-00000604,0
CUS-BDG-00000609,1
CUS-BDG-00000616,0
CUS-BDG-00000617,1
CUS-BDG-00000638,0
CUS-BDG-00000641,0
CUS-BDG-00000666,1
CUS-BDG-00000674,0
CUS-BDG-00000697,1
CUS-BDG-00000736,0
CUS-BDG-00000755,1
CUS-BDG-00000761,1
CUS-BDG-00000799,1
CUS-BDG-00000800,0
CUS-BDG-00000801,1
CUS-BDG-00000807,0
CUS-BDG-00000835,0
CUS-BDG-00000848,0
CUS-BDG-00000857,1
CUS-BDG-00000861,0
CUS-BDG-00000862,0
CUS-BDG-00000871,0
CUS-BDG-00000875,1
CUS-BDG-00000890,1
CUS-BDG-00000930,0
CUS-BDG-00000947,1
CUS-BDG-00000983,0
CUS-BDG-00001009,0
CUS-BDG-00001022,1
CUS-BDG-00001029,1
CUS-BDG-00001032,0
CUS-BDG-00001060,1
CUS-BDG-00001068,0
CUS-BDG-00001086,0
CUS-BDG-00001128,1
CUS-BDG-00001134,0
CUS-BDG-00001147,0
CUS-BDG-00001172,1
CUS-BDG-00001200,0
CUS-BDG-00001204,0
CUS-BDG-00001299,1
CUS-BDG-00001316,0
CUS-BDG-00001319,0
CUS-BDG-00001359,0
CUS-BDG-00001387,0
CUS-BDG-00001410,0
CUS-BDG-00001421,1
CUS-BDG-00001469,1
CUS-BDG-00001507,0
CUS-BDG-00001510,0
CUS-BDG-00001514,1
CUS-BDG-00001525,1
CUS-BDG-00001534,0
CUS-BDG-00001538,0
CUS-BDG-00001596,1
CUS-BDG-00001626,0
CUS-BDG-00001634,1
CUS-BDG-00001640,0
CUS-BDG-00001677,0
CUS-BDG-00001681,1
CUS-BDG-00001683,1
CUS-BDG-00001694,0
CUS-BDG-00001700,0
CUS-BDG-00001723,0
CUS-BDG-00001733,1
CUS-BDG-00001736,0
CUS-BDG-00001745,1
CUS-BDG-00001747,1
CUS-BDG-00001777,1
CUS-BDG-00001788,0
CUS-BDG-00001794,0
CUS-BDG-00001804,0
CUS-BDG-00001806,1
CUS-BDG-00001813,1
CUS-BDG-00001825,0
CUS-BDG-00001840,1
CUS-BDG-00001884,0
CUS-BDG-00001918,0
CUS-BDG-00001928,0
CUS-BDG-00001935,1
CUS-BDG-00001965,1
CUS-BDG-00001967,1
CUS-BDG-00001973,1
CUS-BDG-00001979,0
CUS-BDG-00001988,0
CUS-BDG-00002010,0
CUS-BDG-00002083,1
CUS-BDG-00002089,1
CUS-BDG-00002101,1
CUS-BDG-00002106,0
CUS-BDG-00002107,0
CUS-BDG-00002193,1
CUS-BDG-00002207,0
CUS-BDG-00002227,1
CUS-BDG-00002235,1
CUS-BDG-00002261,0
CUS-BDG-00002269,0
CUS-BDG-00002284,0
CUS-BDG-00002292,1
CUS-BDG-00002297,0
CUS-BDG-00002300,0
CUS-BDG-00002336,1
CUS-BDG-00002343,1
CUS-BDG-00002345,0
CUS-BDG-00002366,0
CUS-BDG-00002380,0
CUS-BDG-00002389,0
CUS-BDG-00002411,1
CUS-BDG-00002426,0
CUS-BDG-00002428,0
CUS-BDG-00002432,0
CUS-BDG-00002435,0
CUS-BDG-00002452,1
CUS-BDG-00002466,0
CUS-BDG-00002473,0
CUS-BDG-00002502,1
CUS-BDG-00002533,0
CUS-BDG-00002556,1
CUS-BDG-00002563,1
CUS-BDG-00002577,0
CUS-BDG-00002641,0
CUS-BDG-00002647,1
CUS-BDG-00002654,0
CUS-BDG-00002679,0
CUS-BDG-00002686,0
CUS-BDG-00002701,0
CUS-BDG-00002705,1
CUS-BDG-00002726,1
CUS-BDG-00002739,0
CUS-BDG-00002752,0
CUS-BDG-00002758,1
CUS-BDG-00002786,0
CUS-BDG-00002787,0
CUS-BDG-00002793,0
CUS-BDG-00002808,0
CUS-BDG-00002813,0
CUS-BDG-00002826,0
CUS-BDG-00002830,1
CUS-BDG-00002835,1
CUS-BDG-00002859,1
CUS-BDG-00002911,0
CUS-BDG-00002920,1
CUS-BDG-00002927,1
CUS-BDG-00002930,1
CUS-BDG-00002978,0
CUS-BDG-00002979,0
CUS-BDG-00003004,0
CUS-BDG-00003014,1
CUS-BDG-00003016,0
CUS-BDG-00003022,0
CUS-BDG-00003036,0
CUS-BDG-00003045,0
CUS-BDG-00003069,0
CUS-BDG-00003074,0
CUS-BDG-00003113,0
CUS-BDG-00003129,0
CUS-BDG-00003135,1
CUS-BDG-00003147,1
CUS-BDG-00003148,0
CUS-BDG-00003164,0
CUS-BDG-00003166,1
CUS-BDG-00003173,0
CUS-BDG-00003187,0
CUS-BDG-00003194,1
CUS-BDG-00003212,1
CUS-BDG-00003216,0
CUS-BDG-00003224,1
CUS-BDG-00003262,0
CUS-BDG-00003274,0
CUS-BDG-00003275,0
CUS-BDG-00003292,0
CUS-BDG-00003305,0
CUS-BDG-00003317,0
CUS-BDG-00003323,0
CUS-BDG-00003367,0
CUS-BDG-00003386,0
CUS-BDG-00003392,1
CUS-BDG-00003395,0
CUS-BDG-00003399,0
CUS-BDG-00003451,1
CUS-BDG-00003482,1
CUS-BDG-00003485,1
CUS-BDG-00003486,0
CUS-BDG-00003488,0
CUS-BDG-00003497,0
CUS-BDG-00003505,1
CUS-BDG-00003509,0
CUS-BDG-00003512,0
CUS-BDG-00003535,0
CUS-BDG-00003561,0
CUS-BDG-00003579,1
CUS-BDG-00003584,1
CUS-BDG-00003616,0
CUS-BDG-00003681,0
CUS-BDG-00003704,1
CUS-BDG-00003710,0
CUS-BDG-00003717,1
CUS-BDG-00003729,0
CUS-BDG-00003738,0
CUS-BDG-00003746,0
CUS-BDG-00003773,0
CUS-BDG-00003777,0
CUS-BDG-00003790,1
CUS-BDG-00003819,1
CUS-BDG-00003825,1
CUS-BDG-00003837,0
CUS-BDG-00003841,1
CUS-BDG-00003847,1
CUS-BDG-00003848,0
CUS-BDG-00003859,0
CUS-BDG-00003881,1
CUS-BDG-00003883,0
CUS-BDG-00003903,0
CUS-BDG-00003954,1
CUS-BDG-00003963,1
CUS-BDG-00004001,1
CUS-BDG-00004020,1
CUS-BDG-00004050,0
CUS-BDG-00004062,1
CUS-BDG-00004068,0
CUS-BDG-00004083,1
CUS-BDG-00004099,0
CUS-BDG-00004107,0
CUS-BDG-00004108,0
CUS-BDG-00004131,1
CUS-BDG-00004139,0
CUS-BDG-00004148,0
CUS-BDG-00004172,0
CUS-BDG-00004181,0
CUS-BDG-00004183,0
CUS-BDG-00004192,0
CUS-BDG-00004205,0
CUS-BDG-00004211,0
CUS-BDG-00004220,0
CUS-BDG-00004233,0
CUS-BDG-00004245,1
CUS-BDG-00004265,1
CUS-BDG-00004280,0
CUS-BDG-00004300,0
CUS-BDG-00004302,0
CUS-BDG-00004328,1
CUS-BDG-00004345,0
CUS-BDG-00004356,1
CUS-BDG-00004360,0
CUS-BDG-00004365,1
CUS-BDG-00004377,0
CUS-BDG-00004389,0
CUS-BDG-00004402,0
CUS-BDG-00004413,0
CUS-BDG-00004525,1
CUS-BDG-00004527,1
CUS-BDG-00004528,0
CUS-BDG-00004549,1
CUS-BDG-00004552,0
CUS-BDG-00004556,0
CUS-BDG-00004558,1
CUS-BDG-00004560,1
CUS-BDG-00004593,0
CUS-BDG-00004605,0
CUS-BDG-00004638,1
CUS-BDG-00004661,0
CUS-BDG-00004684,0
CUS-BDG-00004690,0
CUS-BDG-00004693,0
CUS-BDG-00004736,0
CUS-BDG-00004737,0
CUS-BDG-00004770,0
CUS-BDG-00004788,0
CUS-BDG-00004790,0
CUS-BDG-00004806,1
CUS-BDG-00004812,0
CUS-BDG-00004821,0
CUS-BDG-00004824,0
CUS-BDG-00004833,0
CUS-BDG-00004834,0
CUS-BDG-00004852,0
CUS-BDG-00004873,1
CUS-BDG-00004878,1
CUS-BDG-00004888,0
CUS-BDG-00004895,1
CUS-BDG-00004905,0
CUS-BDG-00004909,1
CUS-BDG-00004917,1
CUS-BDG-00004929,0
CUS-BDG-00004938,1
CUS-BDG-00004950,0
CUS-BDG-00004952,0
CUS-BDG-00004960,0
CUS-BDG-00004993,1
CUS-BDG-00005009,0
CUS-BDG-00005014,0
CUS-BDG-00005080,1
CUS-BDG-00005097,1
CUS-BDG-00005166,1
CUS-BDG-00005168,0
CUS-BDG-00005171,1
CUS-BDG-00005192,1
CUS-BDG-00005235,0
CUS-BDG-00005278,0
CUS-BDG-00005280,0
CUS-BDG-00005303,1
CUS-BDG-00005332,1
CUS-BDG-00005337,0
CUS-BDG-00005347,1
CUS-BDG-00005348,1
CUS-BDG-00005376,0
CUS-BDG-00005378,0
CUS-BDG-00005382,0
CUS-BDG-00005399,0
CUS-BDG-00005401,0
CUS-BDG-00005406,1
CUS-BDG-00005415,0
CUS-BDG-00005435,0
CUS-BDG-00005444,0
CUS-BDG-00005453,1
CUS-BDG-00005461,0
CUS-BDG-00005464,0
CUS-BDG-00005475,1
CUS-BDG-00005490,1
CUS-BDG-00005581,1
CUS-BDG-00005584,0
CUS-BDG-00005585,0
CUS-BDG-00005610,1
CUS-BDG-00005612,1
CUS-BDG-00005627,1
CUS-BDG-00005638,0
CUS-BDG-00005660,0
CUS-BDG-00005666,0
CUS-BDG-00005695,0
CUS-BDG-00005714,0
CUS-BDG-00005733,1
CUS-BDG-00005741,0
CUS-BDG-00005745,1
CUS-BDG-00005763,0
CUS-BDG-00005770,1
CUS-BDG-00005777,1
CUS-BDG-00005779,1
CUS-BDG-00005786,0
CUS-BDG-00005792,1
CUS-BDG-00005806,1
CUS-BDG-00005807,1
CUS-BDG-00005814,0
CUS-BDG-00005821,0
CUS-BDG-00005823,0
CUS-BDG-00005827,0
CUS-BDG-00005864,1
CUS-BDG-00005868,1
CUS-BDG-00005879,0
CUS-BDG-00005923,0
CUS-BDG-00005941,0
CUS-BDG-00005965,0
CUS-BDG-00005992,1
CUS-BDG-00006012,0
CUS-BDG-00006019,1
CUS-BDG-00006090,1
CUS-BDG-00006123,0
CUS-BDG-00006133,1
CUS-BDG-00006150,0
CUS-BDG-00006152,0
CUS-BDG-00006161,0
CUS-BDG-00006170,1
CUS-BDG-00006177,0
CUS-BDG-00006186,1
CUS-BDG-00006187,0
CUS-BDG-00006212,1
CUS-BDG-00006218,0
CUS-BDG-00006264,1
CUS-BDG-00006276,0
CUS-BDG-00006279,1
CUS-BDG-00006291,1
CUS-BDG-00006305,1
CUS-BDG-00006307,1
CUS-BDG-00006310,0
CUS-BDG-00006315,0
CUS-BDG-00006318,1
CUS-BDG-00006335,0
CUS-BDG-00006340,1
CUS-BDG-00006348,0
CUS-BDG-00006350,1
CUS-BDG-00006370,0
CUS-BDG-00006374,1
CUS-BDG-00006381,0
CUS-BDG-00006406,0
CUS-BDG-00006420,1
CUS-BDG-00006447,1
CUS-BDG-00006449,1
CUS-BDG-00006456,0
CUS-BDG-00006458,1
CUS-BDG-00006460,1
CUS-BDG-00006462,1
CUS-BDG-00006463,0
CUS-BDG-00006468,1
CUS-BDG-00006484,1
CUS-BDG-00006517,0
CUS-BDG-00006533,0
CUS-BDG-00006540,0
CUS-BDG-00006549,0
CUS-BDG-00006566,0
CUS-BDG-00006571,1
CUS-BDG-00006583,1
CUS-BDG-00006592,1
CUS-BDG-00006605,1
CUS-BDG-00006611,1
CUS-BDG-00006630,0
CUS-BDG-00006638,0
CUS-BDG-00006666,0
CUS-BDG-00006675,1
CUS-BDG-00006699,1
CUS-BDG-00006717,1
CUS-BDG-00006750,0
CUS-BDG-00006780,1
CUS-BDG-00006788,1
CUS-BDG-00006793,0
CUS-BDG-00006830,0
CUS-BDG-00006841,0
CUS-BDG-00006843,0
CUS-BDG-00006853,0
CUS-BDG-00006871,1
CUS-BDG-00006903,1
CUS-BDG-00006907,0
CUS-BDG-00006911,0
CUS-BDG-00006914,0
CUS-BDG-00006915,0
CUS-BDG-00006932,0
CUS-BDG-00006934,1
CUS-BDG-00006936,0
CUS-BDG-00006941,1
CUS-BDG-00006947,0
CUS-BDG-00006948,0
CUS-BDG-00006949,0
CUS-BDG-00006955,0
CUS-BDG-00006980,1
CUS-BDG-00006997,1
CUS-BDG-00007000,1
CUS-BDG-00007001,1
CUS-BDG-00007014,0
CUS-BDG-00007038,0
CUS-BDG-00007067,0
CUS-BDG-00007070,0
CUS-BDG-00007087,1
CUS-BDG-00007118,1
CUS-BDG-00007139,0
CUS-BDG-00007142,0
CUS-BDG-00007146,0
CUS-BDG-00007149,1
CUS-BDG-00007152,0
CUS-BDG-00007156,0
CUS-BDG-00007167,0
CUS-BDG-00007173,1
CUS-BDG-00007183,0
CUS-BDG-00007199,0
CUS-BDG-00007200,0
CUS-BDG-00007217,0
CUS-BDG-00007218,0
CUS-BDG-00007243,0
CUS-BDG-00007259,1
CUS-BDG-00007275,0
CUS-BDG-00007280,0
CUS-BDG-00007281,1
CUS-BDG-00007297,0
CUS-BDG-00007325,1
CUS-BDG-00007357,1
CUS-BDG-00007394,1
CUS-BDG-00007412,0
CUS-BDG-00007425,1
CUS-BDG-00007433,0
CUS-BDG-00007443,1
CUS-BDG-00007457,1
CUS-BDG-00007496,1
CUS-BDG-00007502,0
CUS-BDG-00007506,1
CUS-BDG-00007514,0
CUS-BDG-00007515,0
CUS-BDG-00007555,0
CUS-BDG-00007598,1
CUS-BDG-00007612,1
CUS-BDG-00007618,0
CUS-BDG-00007619,0
CUS-BDG-00007622,1
CUS-BDG-00007632,0
CUS-BDG-00007644,1
CUS-BDG-00007645,0
CUS-BDG-00007650,0
CUS-BDG-00007737,0
CUS-BDG-00007767,0
CUS-BDG-00007770,1
CUS-BDG-00007775,0
CUS-BDG-00007780,0
CUS-BDG-00007787,0
CUS-BDG-00007791,1
CUS-BDG-00007796,1
CUS-BDG-00007806,0
CUS-BDG-00007813,1
CUS-BDG-00007832,1
CUS-BDG-00007834,0
CUS-BDG-00007838,0
CUS-BDG-00007839,0
CUS-BDG-00007850,1
CUS-BDG-00007860,1
CUS-BDG-00007865,0
CUS-BDG-00007870,1
CUS-BDG-00007884,0
CUS-BDG-00007889,0
CUS-BDG-00007930,0
CUS-BDG-00007943,1
CUS-BDG-00007963,0
CUS-BDG-00007964,0
CUS-BDG-00008006,0
CUS-BDG-00008012,1
CUS-BDG-00008018,1
CUS-BDG-00008028,0
CUS-BDG-00008047,1
CUS-BDG-00008050,1
CUS-BDG-00008054,1
CUS-BDG-00008059,0
CUS-BDG-00008103,1
CUS-BDG-00008104,0
CUS-BDG-00008105,0
CUS-BDG-00008114,1
CUS-BDG-00008120,0
CUS-BDG-00008123,0
CUS-BDG-00008128,0
CUS-BDG-00008167,0
CUS-BDG-00008172,0
CUS-BDG-00008227,1
CUS-BDG-00008253,0
CUS-BDG-00008255,0
CUS-BDG-00008269,0
CUS-BDG-00008274,1
CUS-BDG-00008278,1
CUS-BDG-00008291,0
CUS-BDG-00008295,1
CUS-BDG-00008301,0
CUS-BDG-00008307,0
CUS-BDG-00008327,0
CUS-BDG-00008336,0
CUS-BDG-00008340,0
CUS-BDG-00008377,0
CUS-BDG-00008394,0
CUS-BDG-00008408,1
CUS-BDG-00008410,1
CUS-BDG-00008411,1
CUS-BDG-00008448,0
CUS-BDG-00008490,0
CUS-BDG-00008505,0
CUS-BDG-00008528,0
CUS-BDG-00008529,0
CUS-BDG-00008535,0
CUS-BDG-00008547,0
CUS-BDG-00008549,1
CUS-BDG-00008554,0
CUS-BDG-00008558,1
CUS-BDG-00008569,0
CUS-BDG-00008608,0
CUS-BDG-00008612,0
CUS-BDG-00008618,1
CUS-BDG-00008620,1
CUS-BDG-00008647,0
CUS-BDG-00008668,0
CUS-BDG-00008676,1
CUS-BDG-00008680,1
CUS-BDG-00008711,0
CUS-BDG-00008714,1
CUS-BDG-00008723,0
CUS-BDG-00008744,1
CUS-BDG-00008747,0
CUS-BDG-00008751,1
CUS-BDG-00008785,0
CUS-BDG-00008794,1
CUS-BDG-00008824,0
CUS-BDG-00008827,0
CUS-BDG-00008838,1
CUS-BDG-00008840,0
CUS-BDG-00008878,0
CUS-BDG-00008881,1
CUS-BDG-00008892,0
CUS-BDG-00008920,1
CUS-BDG-00008922,0
CUS-BDG-00008927,1
CUS-BDG-00008946,1
CUS-BDG-00008948,1
CUS-BDG-00008963,1
CUS-BDG-00008979,1
CUS-BDG-00008986,0
CUS-BDG-00009006,0
CUS-BDG-00009009,0
CUS-BDG-00009012,1
CUS-BDG-00009019,0
CUS-BDG-00009025,1
CUS-BDG-00009075,0
CUS-BDG-00009078,1
CUS-BDG-00009104,0
CUS-BDG-00009105,0
CUS-BDG-00009106,1
CUS-BDG-00009132,1
CUS-BDG-00009136,1
CUS-BDG-00009146,1
CUS-BDG-00009187,0
CUS-BDG-00009210,1
CUS-BDG-00009216,1
CUS-BDG-00009224,1
CUS-BDG-00009238,1
CUS-BDG-00009253,0
CUS-BDG-00009263,0
CUS-BDG-00009266,0
CUS-BDG-00009293,1
CUS-BDG-00009321,1
CUS-BDG-00009349,1
CUS-BDG-00009354,1
CUS-BDG-00009355,1
CUS-BDG-00009367,1
CUS-BDG-00009373,1
CUS-BDG-00009395,1
CUS-BDG-00009405,0
CUS-BDG-00009409,0
CUS-BDG-00009418,1
CUS-BDG-00009429,0
CUS-BDG-00009443,0
CUS-BDG-00009445,0
CUS-BDG-00009480,0
CUS-BDG-00009485,0
CUS-BDG-00009501,0
CUS-BDG-00009509,1
CUS-BDG-00009539,0
CUS-BDG-00009548,0
CUS-BDG-00009574,1
CUS-BDG-00009578,0
CUS-BDG-00009581,0
CUS-BDG-00009591,1
CUS-BDG-00009599,1
CUS-BDG-00009603,0
CUS-BDG-00009612,0
CUS-BDG-00009620,1
CUS-BDG-00009622,0
CUS-BDG-00009624,1
CUS-BDG-00009626,1
CUS-BDG-00009641,1
CUS-BDG-00009666,1
CUS-BDG-00009678,1
CUS-BDG-00009693,1
CUS-BDG-00009721,0
CUS-BDG-00009757,0
CUS-BDG-00009763,0
CUS-BDG-00009769,1
CUS-BDG-00009772,1
CUS-BDG-00009773,1
CUS-BDG-00009779,1
CUS-BDG-00009803,1
CUS-BDG-00009804,1
CUS-BDG-00009807,1
CUS-BDG-00009833,0
CUS-BDG-00009834,0
CUS-BDG-00009852,0
CUS-BDG-00009887,0
CUS-BDG-00009899,0
CUS-BDG-00009903,0
CUS-BDG-00009906,1
CUS-BDG-00009932,0
CUS-BDG-00009940,0
CUS-BDG-00009955,1
CUS-BDG-00009957,0
CUS-BDG-00009971,0
CUS-BDG-00009977,1
CUS-BDG-00010001,1
CUS-BDG-00010002,1
CUS-BDG-00010011,1
CUS-BDG-00010020,0
CUS-BDG-00010033,0
CUS-BDG-00010050,0
CUS-BDG-00010053,0
CUS-BDG-00010059,1
CUS-BDG-00010076,1
CUS-BDG-00010079,1
CUS-BDG-00010080,1
CUS-BDG-00010087,1
CUS-BDG-00010137,0
CUS-BDG-00010138,0
CUS-BDG-00010160,1
CUS-BDG-00010176,0
CUS-BDG-00010178,0
CUS-BDG-00010198,1
CUS-BDG-00010205,0
CUS-BDG-00010215,0
CUS-BDG-00010217,0
CUS-BDG-00010220,0
CUS-BDG-00010222,0
CUS-BDG-00010224,1
CUS-BDG-00010225,0
CUS-BDG-00010226,0
CUS-BDG-00010227,0
CUS-BDG-00010255,1
CUS-BDG-00010271,1
CUS-BDG-00010277,0
CUS-BDG-00010297,1
CUS-BDG-00010309,0
CUS-BDG-00010315,1
CUS-BDG-00010340,0
CUS-BDG-00010354,0
CUS-BDG-00010356,1
CUS-BDG-00010360,0
CUS-BDG-00010375,0
CUS-BDG-00010381,1
CUS-BDG-00010391,1
CUS-BDG-00010420,0
CUS-BDG-00010464,1
CUS-BDG-00010498,0
CUS-BDG-00010522,1
CUS-BDG-00010531,0
CUS-BDG-00010534,0
CUS-BDG-00010537,0
CUS-BDG-00010586,1
CUS-BDG-00010601,1
CUS-BDG-00010626,0
CUS-BDG-00010641,1
CUS-BDG-00010651,0
CUS-BDG-00010657,1
CUS-BDG-00010662,0
CUS-BDG-00010685,1
CUS-BDG-00010727,0
CUS-BDG-00010733,0
CUS-BDG-00010739,0
CUS-BDG-00010753,1
CUS-BDG-00010762,1
CUS-BDG-00010779,1
CUS-BDG-00010787,1
CUS-BDG-00010814,0
CUS-BDG-00010817,1
CUS-BDG-00010818,0
CUS-BDG-00010827,0
CUS-BDG-00010834,0
CUS-BDG-00010838,0
CUS-BDG-00010840,1
CUS-BDG-00010847,0
CUS-BDG-00010854,0
CUS-BDG-00010858,1
CUS-BDG-00010869,0
CUS-BDG-00010895,1
CUS-BDG-00010911,0
CUS-BDG-00010923,0
CUS-BDG-00010933,0
CUS-BDG-00010964,0
CUS-BDG-00010985,0
CUS-BDG-00010992,0
CUS-BDG-00011005,0
CUS-BDG-00011020,0
CUS-BDG-00011026,1
CUS-BDG-00011043,0
CUS-BDG-00011056,0
CUS-BDG-00011082,0
CUS-BDG-00011084,0
CUS-BDG-00011087,1
CUS-BDG-00011143,0
CUS-BDG-00011146,1
CUS-BDG-00011150,1
CUS-BDG-00011162,0
CUS-BDG-00011169,0
CUS-BDG-00011172,0
CUS-BDG-00011178,1
CUS-BDG-00011201,0
CUS-BDG-00011228,1
CUS-BDG-00011230,0
CUS-BDG-00011235,0
CUS-BDG-00011239,0
CUS-BDG-00011268,1
CUS-BDG-00011297,0
CUS-BDG-00011299,1
CUS-BDG-00011319,1
CUS-BDG-00011327,0
CUS-BDG-00011345,0
CUS-BDG-00011347,0
CUS-BDG-00011388,1
CUS-BDG-00011393,0
CUS-BDG-00011398,0
CUS-BDG-00011416,0
CUS-BDG-00011421,0
CUS-BDG-00011426,1
CUS-BDG-00011433,0
CUS-BDG-00011449,1
CUS-BDG-00011455,0
CUS-BDG-00011466,0
CUS-BDG-00011484,1
CUS-BDG-00011490,1
CUS-BDG-00011495,1
CUS-BDG-00011528,0
CUS-BDG-00011534,0
CUS-BDG-00011546,1
CUS-BDG-00011555,0
CUS-BDG-00011559,0
CUS-BDG-00011568,1
CUS-BDG-00011599,0
CUS-BDG-00011638,0
CUS-BDG-00011641,1
CUS-BDG-00011665,0
CUS-BDG-00011667,0
CUS-BDG-00011692,1
CUS-BDG-00011697,0
CUS-BDG-00011718,0
CUS-BDG-00011728,1
CUS-BDG-00011729,1
CUS-BDG-00011740,1
CUS-BDG-00011784,1
CUS-BDG-00011791,0
CUS-BDG-00011796,0
CUS-BDG-00011803,1
CUS-BDG-00011804,0
CUS-BDG-00011816,0
CUS-BDG-00011825,0
CUS-BDG-00011873,1
CUS-BDG-00011906,1
CUS-BDG-00011921,0
CUS-BDG-00011922,0
CUS-BDG-00011923,0
CUS-BDG-00011928,1
CUS-BDG-00011929,0
CUS-BDG-00011940,1
CUS-BDG-00011967,0
CUS-CTO-00000013,0
CUS-CTO-00000020,0
CUS-CTO-00000040,0
CUS-CTO-00000054,0
CUS-CTO-00000061,0
CUS-CTO-00000065,0
CUS-CTO-00000078,0
CUS-CTO-00000081,0
CUS-CTO-00000096,0
CUS-CTO-00000120,0
CUS-CTO-00000122,1
CUS-CTO-00000156,1
CUS-CTO-00000158,0
CUS-CTO-00000186,1
CUS-CTO-00000208,0
CUS-CTO-00000223,1
CUS-CTO-00000229,0
CUS-CTO-00000251,0
CUS-CTO-00000300,0
CUS-CTO-00000308,1
CUS-CTO-00000326,1
CUS-CTO-00000329,0
CUS-CTO-00000336,1
CUS-CTO-00000351,0
CUS-CTO-00000365,1
CUS-CTO-00000368,0
CUS-CTO-00000391,1
CUS-CTO-00000411,1
CUS-CTO-00000412,0
CUS-CTO-00000421,0
CUS-CTO-00000440,0
CUS-CTO-00000448,0
CUS-CTO-00000450,0
CUS-CTO-00000460,0
CUS-CTO-00000467,1
CUS-CTO-00000478,0
CUS-CTO-00000479,0
CUS-CTO-00000492,0
CUS-CTO-00000493,0
CUS-CTO-00000498,0
CUS-CTO-00000534,1
CUS-CTO-00000564,0
CUS-CTO-00000565,1
CUS-CTO-00000566,0
CUS-CTO-00000586,0
CUS-CTO-00000598,1
CUS-CTO-00000600,1
CUS-CTO-00000612,0
CUS-CTO-00000637,0
CUS-CTO-00000645,0
CUS-CTO-00000649,0
CUS-CTO-00000653,0
CUS-CTO-00000685,0
CUS-CTO-00000699,0
CUS-CTO-00000712,0
CUS-CTO-00000719,1
CUS-CTO-00000770,0
CUS-CTO-00000777,1
CUS-CTO-00000819,0
CUS-CTO-00000824,0
CUS-CTO-00000831,0
CUS-CTO-00000834,0
CUS-CTO-00000906,0
CUS-CTO-00000923,1
CUS-CTO-00000991,0
CUS-CTO-00000997,1
CUS-CTO-00001005,1
CUS-CTO-00001011,1
CUS-CTO-00001017,0
CUS-CTO-00001025,1
CUS-CTO-00001036,0
CUS-CTO-00001042,1
CUS-CTO-00001043,1
CUS-CTO-00001044,1
CUS-CTO-00001051,0
CUS-CTO-00001056,0
CUS-CTO-00001062,0
CUS-CTO-00001064,1
CUS-CTO-00001072,0
CUS-CTO-00001079,0
CUS-CTO-00001092,1
CUS-CTO-00001113,0
CUS-CTO-00001121,0
CUS-CTO-00001129,1
CUS-CTO-00001140,1
CUS-CTO-00001162,1
CUS-CTO-00001190,0
CUS-CTO-00001198,0
CUS-CTO-00001219,1
CUS-CTO-00001224,1
CUS-CTO-00001234,0
CUS-CTO-00001247,0
CUS-CTO-00001254,0
CUS-CTO-00001284,1
CUS-CTO-00001292,0
CUS-CTO-00001308,1
CUS-CTO-00001361,0
CUS-CTO-00001363,0
CUS-CTO-00001377,0
CUS-CTO-00001379,0
CUS-CTO-00001432,1
CUS-CTO-00001449,0
CUS-CTO-00001452,0
CUS-CTO-00001465,0
CUS-CTO-00001466,0
CUS-CTO-00001485,1
CUS-CTO-00001493,1
CUS-CTO-00001496,0
CUS-CTO-00001498,1
CUS-CTO-00001500,0
CUS-CTO-00001501,1
CUS-CTO-00001513,0
CUS-CTO-00001559,0
CUS-CTO-00001562,1
CUS-CTO-00001603,1
CUS-CTO-00001633,0
CUS-CTO-00001662,0
CUS-CTO-00001672,0
CUS-CTO-00001695,0
CUS-CTO-00001704,1
CUS-CTO-00001719,0
CUS-CTO-00001746,0
CUS-CTO-00001751,0
CUS-CTO-00001773,0
CUS-CTO-00001775,0
CUS-CTO-00001800,0
CUS-CTO-00001801,1
CUS-CTO-00001802,1
CUS-CTO-00001805,0
CUS-CTO-00001820,0
CUS-CTO-00001846,0
CUS-CTO-00001848,0
CUS-CTO-00001865,0
CUS-CTO-00001882,0
CUS-CTO-00001897,1
CUS-CTO-00001917,0
CUS-CTO-00001931,0
CUS-CTO-00001932,0
CUS-CTO-00001960,1
CUS-CTO-00001961,0
CUS-CTO-00001985,0
CUS-CTO-00001992,1
CUS-CTO-00002004,1
CUS-CTO-00002019,1
CUS-CTO-00002021,1
CUS-CTO-00002043,0
CUS-CTO-00002085,1
CUS-CTO-00002114,1
CUS-CTO-00002151,0
CUS-CTO-00002200,0
CUS-CTO-00002230,1
CUS-CTO-00002232,0
CUS-CTO-00002248,1
CUS-CTO-00002271,0
CUS-CTO-00002272,1
CUS-CTO-00002280,1
CUS-CTO-00002293,0
CUS-CTO-00002365,1
CUS-CTO-00002429,0
CUS-CTO-00002438,1
CUS-CTO-00002451,0
CUS-CTO-00002453,0
CUS-CTO-00002455,1
CUS-CTO-00002462,1
CUS-CTO-00002510,1
CUS-CTO-00002524,0
CUS-CTO-00002530,0
CUS-CTO-00002531,0
CUS-CTO-00002532,1
CUS-CTO-00002553,0
CUS-CTO-00002561,0
CUS-CTO-00002562,0
CUS-CTO-00002569,0
CUS-CTO-00002576,0
CUS-CTO-00002593,0
CUS-CTO-00002602,1
CUS-CTO-00002607,0
CUS-CTO-00002609,1
CUS-CTO-00002634,0
CUS-CTO-00002649,0
CUS-CTO-00002671,1
CUS-CTO-00002688,1
CUS-CTO-00002710,0
CUS-CTO-00002759,1
CUS-CTO-00002761,0
CUS-CTO-00002768,1
CUS-CTO-00002777,1
CUS-CTO-00002783,0
CUS-CTO-00002797,1
CUS-CTO-00002799,0
CUS-CTO-00002822,0
CUS-CTO-00002836,0
CUS-CTO-00002837,1
CUS-CTO-00002857,1
CUS-CTO-00002871,1
CUS-CTO-00002893,1
CUS-CTO-00002894,0
CUS-CTO-00002899,0
CUS-CTO-00002906,0
CUS-CTO-00002914,0
CUS-CTO-00002924,0
CUS-CTO-00002935,1
CUS-CTO-00002972,0
CUS-CTO-00002977,0
CUS-CTO-00002981,0
CUS-CTO-00002990,0
CUS-CTO-00002997,1
CUS-CTO-00003037,0
CUS-CTO-00003040,0
CUS-CTO-00003048,1
CUS-CTO-00003053,1
CUS-CTO-00003055,0
CUS-CTO-00003057,1
CUS-CTO-00003078,0
CUS-CTO-00003083,0
CUS-CTO-00003105,0
CUS-CTO-00003106,1
CUS-CTO-00003108,0
CUS-CTO-00003114,0
CUS-CTO-00003116,1
CUS-CTO-00003118,0
CUS-CTO-00003146,0
CUS-CTO-00003172,0
CUS-CTO-00003175,1
CUS-CTO-00003195,0
CUS-CTO-00003204,0
CUS-CTO-00003227,0
CUS-CTO-00003229,0
CUS-CTO-00003273,1
CUS-CTO-00003281,1
CUS-CTO-00003286,1
CUS-CTO-00003287,0
CUS-CTO-00003314,0
CUS-CTO-00003346,0
CUS-CTO-00003359,0
CUS-CTO-00003360,1
CUS-CTO-00003368,0
CUS-CTO-00003400,1
CUS-CTO-00003411,0
CUS-CTO-00003417,1
CUS-CTO-00003423,0
CUS-CTO-00003447,0
CUS-CTO-00003467,0
CUS-CTO-00003487,1
CUS-CTO-00003494,0
CUS-CTO-00003504,0
CUS-CTO-00003559,1
CUS-CTO-00003611,1
CUS-CTO-00003613,1
CUS-CTO-00003621,0
CUS-CTO-00003625,0
CUS-CTO-00003628,0
CUS-CTO-00003629,0
CUS-CTO-00003664,0
CUS-CTO-00003672,0
CUS-CTO-00003689,1
CUS-CTO-00003708,1
CUS-CTO-00003721,0
CUS-CTO-00003769,1
CUS-CTO-00003770,0
CUS-CTO-00003796,0
CUS-CTO-00003797,0
CUS-CTO-00003807,0
CUS-CTO-00003808,0
CUS-CTO-00003822,1
CUS-CTO-00003830,0
CUS-CTO-00003832,0
CUS-CTO-00003842,0
CUS-CTO-00003843,1
CUS-CTO-00003863,0
CUS-CTO-00003869,0
CUS-CTO-00003892,0
CUS-CTO-00003896,1
CUS-CTO-00003906,0
CUS-CTO-00003919,0
CUS-CTO-00003938,1
CUS-CTO-00003980,0
CUS-CTO-00004010,1
CUS-CTO-00004027,0
CUS-CTO-00004028,0
CUS-CTO-00004033,0
CUS-CTO-00004052,0
CUS-CTO-00004072,1
CUS-CTO-00004077,0
CUS-CTO-00004088,0
CUS-CTO-00004098,1
CUS-CTO-00004102,1
CUS-CTO-00004132,1
CUS-CTO-00004165,0
CUS-CTO-00004177,0
CUS-CTO-00004179,0
CUS-CTO-00004204,0
CUS-CTO-00004217,0
CUS-CTO-00004240,0
CUS-CTO-00004283,1
CUS-CTO-00004310,0
CUS-CTO-00004316,0
CUS-CTO-00004323,1
CUS-CTO-00004353,0
CUS-CTO-00004363,1
CUS-CTO-00004394,0
CUS-CTO-00004423,0
CUS-CTO-00004453,1
CUS-CTO-00004454,1
CUS-CTO-00004468,0
CUS-CTO-00004473,1
CUS-CTO-00004476,1
CUS-CTO-00004482,0
CUS-CTO-00004503,0
CUS-CTO-00004533,0
CUS-CTO-00004537,0
CUS-CTO-00004554,1
CUS-CTO-00004566,1
CUS-CTO-00004581,0
CUS-CTO-00004585,0
CUS-CTO-00004589,0
CUS-CTO-00004601,0
CUS-CTO-00004604,1
CUS-CTO-00004613,1
CUS-CTO-00004623,0
CUS-CTO-00004626,0
CUS-CTO-00004635,0
CUS-CTO-00004675,0
CUS-CTO-00004696,1
CUS-CTO-00004713,1
CUS-CTO-00004724,1
CUS-CTO-00004740,1
CUS-CTO-00004748,0
CUS-CTO-00004767,1
CUS-CTO-00004771,0
CUS-CTO-00004780,0
CUS-CTO-00004823,1
CUS-CTO-00004848,0
CUS-CTO-00004858,0
CUS-CTO-00004865,0
CUS-CTO-00004870,0
CUS-CTO-00004918,0
CUS-CTO-00004932,0
CUS-CTO-00004935,0
CUS-CTO-00004939,0
CUS-CTO-00004949,0
CUS-CTO-00004970,0
CUS-CTO-00004971,0
CUS-CTO-00004987,1
CUS-CTO-00005000,0
CUS-CTO-00005002,0
CUS-CTO-00005008,1
CUS-CTO-00005024,0
CUS-CTO-00005025,0
CUS-CTO-00005035,1
CUS-CTO-00005067,0
CUS-CTO-00005098,1
CUS-CTO-00005104,0
CUS-CTO-00005112,0
CUS-CTO-00005121,1
CUS-CTO-00005141,0
CUS-CTO-00005151,1
CUS-CTO-00005165,1
CUS-CTO-00005172,0
CUS-CTO-00005181,0
CUS-CTO-00005184,1
CUS-CTO-00005194,0
CUS-CTO-00005236,1
CUS-CTO-00005261,0
CUS-CTO-00005294,1
CUS-CTO-00005302,1
CUS-CTO-00005306,0
CUS-CTO-00005314,1
CUS-CTO-00005322,1
CUS-CTO-00005338,1
CUS-CTO-00005349,1
CUS-CTO-00005353,1
CUS-CTO-00005354,0
CUS-CTO-00005361,1
CUS-CTO-00005375,0
CUS-CTO-00005426,0
CUS-CTO-00005433,0
CUS-CTO-00005458,0
CUS-CTO-00005471,0
CUS-CTO-00005492,0
CUS-CTO-00005504,1
CUS-CTO-00005524,0
CUS-CTO-00005548,0
CUS-CTO-00005549,1
CUS-CTO-00005555,0
CUS-CTO-00005559,1
CUS-CTO-00005567,0
CUS-CTO-00005578,0
CUS-CTO-00005590,1
CUS-CTO-00005596,1
CUS-CTO-00005614,0
CUS-CTO-00005615,0
CUS-CTO-00005623,0
CUS-CTO-00005624,1
CUS-CTO-00005636,1
CUS-CTO-00005645,1
CUS-CTO-00005669,1
CUS-CTO-00005671,0
CUS-CTO-00005727,0
CUS-CTO-00005737,0
CUS-CTO-00005738,0
CUS-CTO-00005742,1
CUS-CTO-00005768,0
CUS-CTO-00005796,1
CUS-CTO-00005799,0
CUS-CTO-00005813,0
CUS-CTO-00005831,1
CUS-CTO-00005834,0
CUS-CTO-00005863,1
CUS-CTO-00005865,1
CUS-CTO-00005871,0
CUS-CTO-00005907,0
CUS-CTO-00005908,0
CUS-CTO-00005939,1
CUS-CTO-00005948,1
CUS-CTO-00005950,0
CUS-CTO-00005956,0
CUS-CTO-00005959,1
CUS-CTO-00005969,0
CUS-CTO-00005980,0
CUS-CTO-00005985,1
CUS-CTO-00006007,1
CUS-CTO-00006014,0
CUS-CTO-00006061,0
CUS-CTO-00006077,0
CUS-CTO-00006093,1
CUS-CTO-00006099,1
CUS-CTO-00006132,1
CUS-CTO-00006144,0
CUS-CTO-00006145,0
CUS-CTO-00006146,1
CUS-CTO-00006166,1
CUS-CTO-00006184,0
CUS-CTO-00006189,0
CUS-CTO-00006190,0
CUS-CTO-00006206,1
CUS-CTO-00006238,1
CUS-CTO-00006241,1
CUS-CTO-00006249,0
CUS-CTO-00006257,1
CUS-CTO-00006278,0
CUS-CTO-00006298,0
CUS-CTO-00006346,1
CUS-CTO-00006362,0
CUS-CTO-00006383,0
CUS-CTO-00006392,0
CUS-CTO-00006409,0
CUS-CTO-00006423,0
CUS-CTO-00006455,0
CUS-CTO-00006488,0
CUS-CTO-00006492,0
CUS-CTO-00006518,0
CUS-CTO-00006569,1
CUS-CTO-00006573,0
CUS-CTO-00006576,1
CUS-CTO-00006627,0
CUS-CTO-00006631,1
CUS-CTO-00006645,0
CUS-CTO-00006651,0
CUS-CTO-00006653,1
CUS-CTO-00006681,1
CUS-CTO-00006702,0
CUS-CTO-00006714,0
CUS-CTO-00006715,0
CUS-CTO-00006719,1
CUS-CTO-00006747,0
CUS-CTO-00006764,1
CUS-CTO-00006766,0
CUS-CTO-00006783,0
CUS-CTO-00006785,1
CUS-CTO-00006795,0
CUS-CTO-00006802,0
CUS-CTO-00006817,0
CUS-CTO-00006821,1
CUS-CTO-00006829,0
CUS-CTO-00006832,1
CUS-CTO-00006838,0
CUS-CTO-00006869,1
CUS-CTO-00006879,0
CUS-CTO-00006882,0
CUS-CTO-00006890,0
CUS-CTO-00006891,0
CUS-CTO-00006913,0
CUS-CTO-00006918,0
CUS-CTO-00006935,0
CUS-CTO-00006954,1
CUS-CTO-00006986,1
CUS-CTO-00007029,0
CUS-CTO-00007036,0
CUS-CTO-00007041,0
CUS-CTO-00007071,1
CUS-CTO-00007085,0
CUS-CTO-00007095,0
CUS-CTO-00007107,0
CUS-CTO-00007113,1
CUS-CTO-00007120,0
CUS-CTO-00007132,1
CUS-CTO-00007136,0
CUS-CTO-00007174,1
CUS-CTO-00007190,0
CUS-CTO-00007210,0
CUS-CTO-00007213,0
CUS-CTO-00007225,1
CUS-CTO-00007238,0
CUS-CTO-00007254,1
CUS-CTO-00007268,1
CUS-CTO-00007278,0
CUS-CTO-00007279,1
CUS-CTO-00007295,0
CUS-CTO-00007300,0
CUS-CTO-00007302,0
CUS-CTO-00007314,1
CUS-CTO-00007334,1
CUS-CTO-00007337,0
CUS-CTO-00007360,0
CUS-CTO-00007415,0
CUS-CTO-00007432,0
CUS-CTO-00007446,0
CUS-CTO-00007447,1
CUS-CTO-00007460,0
CUS-CTO-00007499,0
CUS-CTO-00007509,1
CUS-CTO-00007518,0
CUS-CTO-00007543,1
CUS-CTO-00007552,0
CUS-CTO-00007568,0
CUS-CTO-00007571,0
CUS-CTO-00007589,1
CUS-CTO-00007595,0
CUS-CTO-00007613,0
CUS-CTO-00007663,0
CUS-CTO-00007669,0
CUS-CTO-00007682,0
CUS-CTO-00007688,1
CUS-CTO-00007704,1
CUS-CTO-00007710,0
CUS-CTO-00007731,0
CUS-CTO-00007748,0
CUS-CTO-00007765,1
CUS-CTO-00007795,0
CUS-CTO-00007818,1
CUS-CTO-00007821,0
CUS-CTO-00007861,0
CUS-CTO-00007877,0
CUS-CTO-00007890,1
CUS-CTO-00007896,0
CUS-CTO-00007902,0
CUS-CTO-00007904,0
CUS-CTO-00007907,0
CUS-CTO-00007921,1
CUS-CTO-00007935,0
CUS-CTO-00007940,1
CUS-CTO-00007951,1
CUS-CTO-00007952,0
CUS-CTO-00007956,1
CUS-CTO-00007971,1
CUS-CTO-00007989,1
CUS-CTO-00008013,1
CUS-CTO-00008020,0
CUS-CTO-00008061,1
CUS-CTO-00008082,0
CUS-CTO-00008131,0
CUS-CTO-00008155,0
CUS-CTO-00008166,0
CUS-CTO-00008177,1
CUS-CTO-00008189,0
CUS-CTO-00008191,1
CUS-CTO-00008197,1
CUS-CTO-00008209,0
CUS-CTO-00008213,1
CUS-CTO-00008230,0
CUS-CTO-00008239,0
CUS-CTO-00008265,1
CUS-CTO-00008297,0
CUS-CTO-00008308,1
CUS-CTO-00008332,0
CUS-CTO-00008343,0
CUS-CTO-00008347,0
CUS-CTO-00008357,1
CUS-CTO-00008375,0
CUS-CTO-00008391,0
CUS-CTO-00008413,1
CUS-CTO-00008423,0
CUS-CTO-00008434,1
CUS-CTO-00008459,0
CUS-CTO-00008462,0
CUS-CTO-00008463,0
CUS-CTO-00008465,1
CUS-CTO-00008521,1
CUS-CTO-00008531,0
CUS-CTO-00008550,1
CUS-CTO-00008552,0
CUS-CTO-00008557,0
CUS-CTO-00008571,1
CUS-CTO-00008579,0
CUS-CTO-00008590,1
CUS-CTO-00008597,0
CUS-CTO-00008598,1
CUS-CTO-00008605,1
CUS-CTO-00008613,0
CUS-CTO-00008616,1
CUS-CTO-00008624,0
CUS-CTO-00008634,1
CUS-CTO-00008650,0
CUS-CTO-00008666,0
CUS-CTO-00008678,0
CUS-CTO-00008740,0
CUS-CTO-00008742,0
CUS-CTO-00008764,0
CUS-CTO-00008773,1
CUS-CTO-00008775,0
CUS-CTO-00008787,1
CUS-CTO-00008788,1
CUS-CTO-00008823,0
CUS-CTO-00008837,1
CUS-CTO-00008870,1
CUS-CTO-00008883,1
CUS-CTO-00008913,1
CUS-CTO-00008931,1
CUS-CTO-00008957,1
CUS-CTO-00008958,1
CUS-CTO-00008960,1
CUS-CTO-00008980,1
CUS-CTO-00008983,0
CUS-CTO-00009000,1
CUS-CTO-00009017,1
CUS-CTO-00009057,0
CUS-CTO-00009069,0
CUS-CTO-00009073,0
CUS-CTO-00009074,1
CUS-CTO-00009091,1
CUS-CTO-00009119,0
CUS-CTO-00009128,1
CUS-CTO-00009130,1
CUS-CTO-00009138,1
CUS-CTO-00009144,0
CUS-CTO-00009163,0
CUS-CTO-00009167,0
CUS-CTO-00009172,0
CUS-CTO-00009190,0
CUS-CTO-00009207,1
CUS-CTO-00009249,1
CUS-CTO-00009274,1
CUS-CTO-00009299,1
CUS-CTO-00009310,1
CUS-CTO-00009324,0
CUS-CTO-00009331,0
CUS-CTO-00009334,1
CUS-CTO-00009335,0
CUS-CTO-00009345,1
CUS-CTO-00009358,1
CUS-CTO-00009363,0
CUS-CTO-00009391,1
CUS-CTO-00009396,0
CUS-CTO-00009400,0
CUS-CTO-00009401,0
CUS-CTO-00009402,0
CUS-CTO-00009406,0
CUS-CTO-00009410,0
CUS-CTO-00009454,1
CUS-CTO-00009468,0
CUS-CTO-00009471,0
CUS-CTO-00009484,1
CUS-CTO-00009487,0
CUS-CTO-00009502,1
CUS-CTO-00009503,0
CUS-CTO-00009506,0
CUS-CTO-00009522,1
CUS-CTO-00009532,0
CUS-CTO-00009547,0
CUS-CTO-00009553,0
CUS-CTO-00009558,0
CUS-CTO-00009560,0
CUS-CTO-00009561,0
CUS-CTO-00009564,0
CUS-CTO-00009565,1
CUS-CTO-00009570,0
CUS-CTO-00009572,1
CUS-CTO-00009594,1
CUS-CTO-00009613,0
CUS-CTO-00009630,1
CUS-CTO-00009635,1
CUS-CTO-00009639,0
CUS-CTO-00009654,1
CUS-CTO-00009710,0
CUS-CTO-00009739,1
CUS-CTO-00009740,0
CUS-CTO-00009744,0
CUS-CTO-00009747,0
CUS-CTO-00009768,1
CUS-CTO-00009778,0
CUS-CTO-00009783,1
CUS-CTO-00009786,1
CUS-CTO-00009813,1
CUS-CTO-00009844,0
CUS-CTO-00009857,0
CUS-CTO-00009858,0
CUS-CTO-00009873,0
CUS-CTO-00009883,0
CUS-CTO-00009897,0
CUS-CTO-00009912,0
CUS-CTO-00009927,1
CUS-CTO-00009949,1
CUS-CTO-00009968,1
CUS-CTO-00009975,0
CUS-CTO-00010017,0
CUS-CTO-00010030,0
CUS-CTO-00010038,0
CUS-CTO-00010043,1
CUS-CTO-00010044,0
CUS-CTO-00010047,1
CUS-CTO-00010085,1
CUS-CTO-00010091,0
CUS-CTO-00010094,1
CUS-CTO-00010096,1
CUS-CTO-00010105,0
CUS-CTO-00010150,1
CUS-CTO-00010180,0
CUS-CTO-00010199,0
CUS-CTO-00010201,0
CUS-CTO-00010223,0
CUS-CTO-00010281,0
CUS-CTO-00010296,0
CUS-CTO-00010303,0
CUS-CTO-00010358,0
CUS-CTO-00010359,1
CUS-CTO-00010364,0
CUS-CTO-00010382,0
CUS-CTO-00010387,1
CUS-CTO-00010395,0
CUS-CTO-00010408,0
CUS-CTO-00010409,1
CUS-CTO-00010425,0
CUS-CTO-00010430,0
CUS-CTO-00010432,1
CUS-CTO-00010444,1
CUS-CTO-00010460,1
CUS-CTO-00010462,1
CUS-CTO-00010484,1
CUS-CTO-00010486,1
CUS-CTO-00010490,0
CUS-CTO-00010499,0
CUS-CTO-00010504,0
CUS-CTO-00010518,0
CUS-CTO-00010528,1
CUS-CTO-00010565,0
CUS-CTO-00010576,0
CUS-CTO-00010593,0
CUS-CTO-00010618,1
CUS-CTO-00010634,1
CUS-CTO-00010635,1
CUS-CTO-00010645,1
CUS-CTO-00010666,1
CUS-CTO-00010704,0
CUS-CTO-00010709,1
CUS-CTO-00010710,0
CUS-CTO-00010715,0
CUS-CTO-00010728,0
CUS-CTO-00010755,1
CUS-CTO-00010765,1
CUS-CTO-00010782,0
CUS-CTO-00010826,0
CUS-CTO-00010829,0
CUS-CTO-00010842,0
CUS-CTO-00010857,1
CUS-CTO-00010859,1
CUS-CTO-00010907,0
CUS-CTO-00010913,0
CUS-CTO-00010914,0
CUS-CTO-00010918,1
CUS-CTO-00010922,1
CUS-CTO-00010938,1
CUS-CTO-00010941,0
CUS-CTO-00011008,0
CUS-CTO-00011013,0
CUS-CTO-00011045,0
CUS-CTO-00011081,1
CUS-CTO-00011093,0
CUS-CTO-00011098,1
CUS-CTO-00011103,1
CUS-CTO-00011104,0
CUS-CTO-00011115,1
CUS-CTO-00011120,1
CUS-CTO-00011123,0
CUS-CTO-00011183,1
CUS-CTO-00011193,1
CUS-CTO-00011195,0
CUS-CTO-00011196,0
CUS-CTO-00011203,1
CUS-CTO-00011208,0
CUS-CTO-00011211,0
CUS-CTO-00011222,0
CUS-CTO-00011229,0
CUS-CTO-00011244,0
CUS-CTO-00011300,0
CUS-CTO-00011341,1
CUS-CTO-00011365,0
CUS-CTO-00011369,0
CUS-CTO-00011381,0
CUS-CTO-00011396,0
CUS-CTO-00011405,1
CUS-CTO-00011407,0
CUS-CTO-00011423,1
CUS-CTO-00011463,0
CUS-CTO-00011481,0
CUS-CTO-00011482,0
CUS-CTO-00011504,0
CUS-CTO-00011550,1
CUS-CTO-00011579,1
CUS-CTO-00011594,1
CUS-CTO-00011607,0
CUS-CTO-00011624,1
CUS-CTO-00011630,0
CUS-CTO-00011631,0
CUS-CTO-00011658,0
CUS-CTO-00011666,0
CUS-CTO-00011670,1
CUS-CTO-00011672,0
CUS-CTO-00011690,0
CUS-CTO-00011710,0
CUS-CTO-00011711,0
CUS-CTO-00011753,0
CUS-CTO-00011755,1
CUS-CTO-00011756,0
CUS-CTO-00011774,0
CUS-CTO-00011785,1
CUS-CTO-00011787,1
CUS-CTO-00011792,1
CUS-CTO-00011793,0
CUS-CTO-00011795,0
CUS-CTO-00011805,1
CUS-CTO-00011806,1
CUS-CTO-00011807,0
CUS-CTO-00011817,0
CUS-CTO-00011824,0
CUS-CTO-00011839,1
CUS-CTO-00011843,0
CUS-CTO-00011859,0
CUS-CTO-00011880,1
CUS-CTO-00011907,1
CUS-CTO-00011918,1
CUS-CTO-00011934,0
CUS-CTO-00011936,1
CUS-CTO-00011946,1
CUS-CTO-00011956,1
CUS-CTO-00011990,0
CUS-CTO-00012000,0
CUS-DAD-00000010,0
CUS-DAD-00000027,0
CUS-DAD-00000035,0
CUS-DAD-00000038,0
CUS-DAD-00000057,0
CUS-DAD-00000062,0
CUS-DAD-00000088,1
CUS-DAD-00000090,0
CUS-DAD-00000111,1
CUS-DAD-00000126,1
CUS-DAD-00000138,0
CUS-DAD-00000141,0
CUS-DAD-00000142,0
CUS-DAD-00000145,0
CUS-DAD-00000148,1
CUS-DAD-00000172,0
CUS-DAD-00000183,0
CUS-DAD-00000203,0
CUS-DAD-00000210,0
CUS-DAD-00000222,0
CUS-DAD-00000237,0
CUS-DAD-00000244,0
CUS-DAD-00000253,0
CUS-DAD-00000278,0
CUS-DAD-00000289,1
CUS-DAD-00000303,0
CUS-DAD-00000304,0
CUS-DAD-00000306,0
CUS-DAD-00000311,0
CUS-DAD-00000322,1
CUS-DAD-00000324,1
CUS-DAD-00000328,0
CUS-DAD-00000355,0
CUS-DAD-00000356,1
CUS-DAD-00000359,0
CUS-DAD-00000384,1
CUS-DAD-00000396,0
CUS-DAD-00000399,0
CUS-DAD-00000438,1
CUS-DAD-00000458,1
CUS-DAD-00000470,0
CUS-DAD-00000472,0
CUS-DAD-00000487,0
CUS-DAD-00000500,1
CUS-DAD-00000504,1
CUS-DAD-00000505,0
CUS-DAD-00000509,1
CUS-DAD-00000537,0
CUS-DAD-00000551,0
CUS-DAD-00000558,0
CUS-DAD-00000560,0
CUS-DAD-00000570,0
CUS-DAD-00000573,0
CUS-DAD-00000576,1
CUS-DAD-00000581,0
CUS-DAD-00000582,0
CUS-DAD-00000601,1
CUS-DAD-00000622,0
CUS-DAD-00000624,1
CUS-DAD-00000648,1
CUS-DAD-00000678,1
CUS-DAD-00000684,1
CUS-DAD-00000696,1
CUS-DAD-00000710,0
CUS-DAD-00000721,0
CUS-DAD-00000729,1
CUS-DAD-00000730,0
CUS-DAD-00000745,1
CUS-DAD-00000746,1
CUS-DAD-00000754,1
CUS-DAD-00000760,0
CUS-DAD-00000783,1
CUS-DAD-00000809,0
CUS-DAD-00000818,1
CUS-DAD-00000840,0
CUS-DAD-00000843,0
CUS-DAD-00000856,0
CUS-DAD-00000860,0
CUS-DAD-00000884,0
CUS-DAD-00000900,0
CUS-DAD-00000901,0
CUS-DAD-00000904,1
CUS-DAD-00000907,0
CUS-DAD-00000951,1
CUS-DAD-00000958,1
CUS-DAD-00000959,0
CUS-DAD-00000960,0
CUS-DAD-00000961,0
CUS-DAD-00000966,1
CUS-DAD-00000977,1
CUS-DAD-00000979,0
CUS-DAD-00000984,1
CUS-DAD-00001002,0
CUS-DAD-00001010,0
CUS-DAD-00001013,1
CUS-DAD-00001024,0
CUS-DAD-00001033,1
CUS-DAD-00001078,0
CUS-DAD-00001089,1
CUS-DAD-00001090,1
CUS-DAD-00001127,1
CUS-DAD-00001132,0
CUS-DAD-00001137,1
CUS-DAD-00001149,1
CUS-DAD-00001155,0
CUS-DAD-00001168,1
CUS-DAD-00001175,0
CUS-DAD-00001177,1
CUS-DAD-00001208,1
CUS-DAD-00001216,0
CUS-DAD-00001227,0
CUS-DAD-00001228,1
CUS-DAD-00001259,0
CUS-DAD-00001269,1
CUS-DAD-00001270,1
CUS-DAD-00001289,0
CUS-DAD-00001291,0
CUS-DAD-00001321,0
CUS-DAD-00001322,1
CUS-DAD-00001332,1
CUS-DAD-00001333,0
CUS-DAD-00001343,0
CUS-DAD-00001357,0
CUS-DAD-00001358,1
CUS-DAD-00001365,1
CUS-DAD-00001366,0
CUS-DAD-00001383,0
CUS-DAD-00001397,0
CUS-DAD-00001422,0
CUS-DAD-00001423,0
CUS-DAD-00001438,0
CUS-DAD-00001448,0
CUS-DAD-00001474,0
CUS-DAD-00001475,1
CUS-DAD-00001476,0
CUS-DAD-00001479,0
CUS-DAD-00001480,0
CUS-DAD-00001488,0
CUS-DAD-00001490,0
CUS-DAD-00001506,0
CUS-DAD-00001508,0
CUS-DAD-00001522,1
CUS-DAD-00001528,0
CUS-DAD-00001536,1
CUS-DAD-00001545,0
CUS-DAD-00001558,0
CUS-DAD-00001566,1
CUS-DAD-00001569,0
CUS-DAD-00001570,0
CUS-DAD-00001622,1
CUS-DAD-00001631,0
CUS-DAD-00001643,0
CUS-DAD-00001646,0
CUS-DAD-00001680,0
CUS-DAD-00001687,0
CUS-DAD-00001688,1
CUS-DAD-00001696,0
CUS-DAD-00001705,1
CUS-DAD-00001725,0
CUS-DAD-00001739,1
CUS-DAD-00001748,1
CUS-DAD-00001749,0
CUS-DAD-00001776,1
CUS-DAD-00001780,0
CUS-DAD-00001818,0
CUS-DAD-00001819,0
CUS-DAD-00001822,0
CUS-DAD-00001823,1
CUS-DAD-00001827,1
CUS-DAD-00001828,0
CUS-DAD-00001830,0
CUS-DAD-00001831,0
CUS-DAD-00001833,1
CUS-DAD-00001853,0
CUS-DAD-00001864,1
CUS-DAD-00001869,1
CUS-DAD-00001881,0
CUS-DAD-00001921,0
CUS-DAD-00001923,1
CUS-DAD-00001937,1
CUS-DAD-00001942,0
CUS-DAD-00001969,1
CUS-DAD-00001970,0
CUS-DAD-00001977,0
CUS-DAD-00001995,1
CUS-DAD-00002000,1
CUS-DAD-00002007,0
CUS-DAD-00002016,1
CUS-DAD-00002025,1
CUS-DAD-00002029,0
CUS-DAD-00002032,0
CUS-DAD-00002053,0
CUS-DAD-00002056,1
CUS-DAD-00002058,1
CUS-DAD-00002063,0
CUS-DAD-00002067,0
CUS-DAD-00002070,0
CUS-DAD-00002076,1
CUS-DAD-00002090,1
CUS-DAD-00002098,0
CUS-DAD-00002111,1
CUS-DAD-00002112,1
CUS-DAD-00002135,0
CUS-DAD-00002136,0
CUS-DAD-00002170,1
CUS-DAD-00002173,0
CUS-DAD-00002185,0
CUS-DAD-00002198,0
CUS-DAD-00002212,1
CUS-DAD-00002214,0
CUS-DAD-00002222,0
CUS-DAD-00002240,1
CUS-DAD-00002251,0
CUS-DAD-00002256,0
CUS-DAD-00002263,1
CUS-DAD-00002268,1
CUS-DAD-00002303,0
CUS-DAD-00002304,1
CUS-DAD-00002307,1
CUS-DAD-00002319,0
CUS-DAD-00002330,0
CUS-DAD-00002357,1
CUS-DAD-00002358,1
CUS-DAD-00002363,0
CUS-DAD-00002370,0
CUS-DAD-00002371,1
CUS-DAD-00002414,1
CUS-DAD-00002415,0
CUS-DAD-00002418,0
CUS-DAD-00002444,1
CUS-DAD-00002445,0
CUS-DAD-00002456,0
CUS-DAD-00002460,1
CUS-DAD-00002474,0
CUS-DAD-00002481,1
CUS-DAD-00002496,0
CUS-DAD-00002500,0
CUS-DAD-00002509,0
CUS-DAD-00002511,1
CUS-DAD-00002540,1
CUS-DAD-00002541,0
CUS-DAD-00002545,0
CUS-DAD-00002552,1
CUS-DAD-00002559,0
CUS-DAD-00002564,1
CUS-DAD-00002589,0
CUS-DAD-00002603,0
CUS-DAD-00002613,1
CUS-DAD-00002616,1
CUS-DAD-00002632,0
CUS-DAD-00002635,0
CUS-DAD-00002637,0
CUS-DAD-00002655,1
CUS-DAD-00002665,1
CUS-DAD-00002670,0
CUS-DAD-00002674,0
CUS-DAD-00002676,0
CUS-DAD-00002677,0
CUS-DAD-00002690,0
CUS-DAD-00002702,0
CUS-DAD-00002706,0
CUS-DAD-00002717,1
CUS-DAD-00002721,0
CUS-DAD-00002736,0
CUS-DAD-00002738,0
CUS-DAD-00002749,1
CUS-DAD-00002760,0
CUS-DAD-00002778,1
CUS-DAD-00002788,0
CUS-DAD-00002802,1
CUS-DAD-00002827,0
CUS-DAD-00002832,0
CUS-DAD-00002833,1
CUS-DAD-00002860,1
CUS-DAD-00002862,0
CUS-DAD-00002872,0
CUS-DAD-00002879,1
CUS-DAD-00002913,1
CUS-DAD-00002915,0
CUS-DAD-00002936,1
CUS-DAD-00002955,1
CUS-DAD-00002971,1
CUS-DAD-00002975,0
CUS-DAD-00002996,0
CUS-DAD-00003023,0
CUS-DAD-00003047,1
CUS-DAD-00003056,0
CUS-DAD-00003088,0
CUS-DAD-00003095,1
CUS-DAD-00003115,0
CUS-DAD-00003124,0
CUS-DAD-00003180,0
CUS-DAD-00003183,0
CUS-DAD-00003230,0
CUS-DAD-00003233,1
CUS-DAD-00003250,0
CUS-DAD-00003254,0
CUS-DAD-00003264,0
CUS-DAD-00003277,1
CUS-DAD-00003278,0
CUS-DAD-00003294,1
CUS-DAD-00003295,0
CUS-DAD-00003298,0
CUS-DAD-00003299,1
CUS-DAD-00003329,0
CUS-DAD-00003337,0
CUS-DAD-00003340,0
CUS-DAD-00003345,0
CUS-DAD-00003355,1
CUS-DAD-00003358,0
CUS-DAD-00003375,1
CUS-DAD-00003379,0
CUS-DAD-00003403,1
CUS-DAD-00003407,0
CUS-DAD-00003409,0
CUS-DAD-00003413,0
CUS-DAD-00003426,0
CUS-DAD-00003461,1
CUS-DAD-00003490,1
CUS-DAD-00003507,0
CUS-DAD-00003521,1
CUS-DAD-00003525,0
CUS-DAD-00003530,1
CUS-DAD-00003533,0
CUS-DAD-00003546,0
CUS-DAD-00003547,1
CUS-DAD-00003554,0
CUS-DAD-00003557,1
CUS-DAD-00003560,0
CUS-DAD-00003562,0
CUS-DAD-00003568,0
CUS-DAD-00003588,1
CUS-DAD-00003603,0
CUS-DAD-00003623,1
CUS-DAD-00003640,1
CUS-DAD-00003684,1
CUS-DAD-00003720,0
CUS-DAD-00003722,1
CUS-DAD-00003744,0
CUS-DAD-00003752,0
CUS-DAD-00003753,0
CUS-DAD-00003755,1
CUS-DAD-00003767,1
CUS-DAD-00003776,0
CUS-DAD-00003785,0
CUS-DAD-00003823,1
CUS-DAD-00003831,1
CUS-DAD-00003834,0
CUS-DAD-00003846,1
CUS-DAD-00003861,1
CUS-DAD-00003870,0
CUS-DAD-00003884,0
CUS-DAD-00003893,0
CUS-DAD-00003894,0
CUS-DAD-00003904,1
CUS-DAD-00003911,0
CUS-DAD-00003912,0
CUS-DAD-00003917,0
CUS-DAD-00003927,1
CUS-DAD-00003931,1
CUS-DAD-00003933,1
CUS-DAD-00003935,1
CUS-DAD-00003939,1
CUS-DAD-00003967,0
CUS-DAD-00003973,1
CUS-DAD-00003979,1
CUS-DAD-00003988,0
CUS-DAD-00003998,0
CUS-DAD-00004005,0
CUS-DAD-00004007,0
CUS-DAD-00004018,0
CUS-DAD-00004029,1
CUS-DAD-00004031,1
CUS-DAD-00004045,0
CUS-DAD-00004080,0
CUS-DAD-00004087,1
CUS-DAD-00004110,0
CUS-DAD-00004114,1
CUS-DAD-00004120,1
CUS-DAD-00004127,0
CUS-DAD-00004128,0
CUS-DAD-00004134,1
CUS-DAD-00004135,0
CUS-DAD-00004137,1
CUS-DAD-00004142,1
CUS-DAD-00004145,0
CUS-DAD-00004152,0
CUS-DAD-00004154,1
CUS-DAD-00004159,0
CUS-DAD-00004161,0
CUS-DAD-00004169,0
CUS-DAD-00004170,0
CUS-DAD-00004184,1
CUS-DAD-00004190,1
CUS-DAD-00004196,0
CUS-DAD-00004239,1
CUS-DAD-00004243,0
CUS-DAD-00004244,1
CUS-DAD-00004254,0
CUS-DAD-00004258,1
CUS-DAD-00004266,0
CUS-DAD-00004272,1
CUS-DAD-00004299,1
CUS-DAD-00004301,1
CUS-DAD-00004311,1
CUS-DAD-00004334,0
CUS-DAD-00004339,1
CUS-DAD-00004349,0
CUS-DAD-00004359,1
CUS-DAD-00004367,1
CUS-DAD-00004373,0
CUS-DAD-00004381,1
CUS-DAD-00004384,0
CUS-DAD-00004393,1
CUS-DAD-00004405,0
CUS-DAD-00004417,1
CUS-DAD-00004420,0
CUS-DAD-00004446,1
CUS-DAD-00004448,0
CUS-DAD-00004455,1
CUS-DAD-00004475,1
CUS-DAD-00004477,0
CUS-DAD-00004481,1
CUS-DAD-00004490,1
CUS-DAD-00004491,0
CUS-DAD-00004497,0
CUS-DAD-00004498,1
CUS-DAD-00004502,0
CUS-DAD-00004504,1
CUS-DAD-00004512,0
CUS-DAD-00004534,0
CUS-DAD-00004535,0
CUS-DAD-00004544,1
CUS-DAD-00004579,0
CUS-DAD-00004587,1
CUS-DAD-00004592,0
CUS-DAD-00004614,0
CUS-DAD-00004620,0
CUS-DAD-00004643,0
CUS-DAD-00004650,0
CUS-DAD-00004663,0
CUS-DAD-00004688,0
CUS-DAD-00004691,0
CUS-DAD-00004698,0
CUS-DAD-00004699,1
CUS-DAD-00004719,0
CUS-DAD-00004752,0
CUS-DAD-00004754,0
CUS-DAD-00004761,0
CUS-DAD-00004762,1
CUS-DAD-00004764,1
CUS-DAD-00004791,0
CUS-DAD-00004798,0
CUS-DAD-00004804,0
CUS-DAD-00004811,1
CUS-DAD-00004813,1
CUS-DAD-00004818,0
CUS-DAD-00004857,0
CUS-DAD-00004861,0
CUS-DAD-00004875,1
CUS-DAD-00004896,0
CUS-DAD-00004898,1
CUS-DAD-00004901,1
CUS-DAD-00004912,1
CUS-DAD-00004925,0
CUS-DAD-00004928,0
CUS-DAD-00004945,0
CUS-DAD-00004963,1
CUS-DAD-00004977,1
CUS-DAD-00004998,1
CUS-DAD-00005012,0
CUS-DAD-00005017,0
CUS-DAD-00005018,1
CUS-DAD-00005034,1
CUS-DAD-00005066,0
CUS-DAD-00005070,1
CUS-DAD-00005073,0
CUS-DAD-00005074,0
CUS-DAD-00005077,1
CUS-DAD-00005106,0
CUS-DAD-00005109,1
CUS-DAD-00005120,0
CUS-DAD-00005134,1
CUS-DAD-00005136,0
CUS-DAD-00005148,1
CUS-DAD-00005153,0
CUS-DAD-00005159,0
CUS-DAD-00005179,1
CUS-DAD-00005180,1
CUS-DAD-00005188,0
CUS-DAD-00005204,0
CUS-DAD-00005211,0
CUS-DAD-00005225,0
CUS-DAD-00005245,1
CUS-DAD-00005247,0
CUS-DAD-00005251,0
CUS-DAD-00005270,1
CUS-DAD-00005389,0
CUS-DAD-00005394,0
CUS-DAD-00005416,1
CUS-DAD-00005422,0
CUS-DAD-00005449,1
CUS-DAD-00005456,0
CUS-DAD-00005469,0
CUS-DAD-00005478,0
CUS-DAD-00005502,0
CUS-DAD-00005512,0
CUS-DAD-00005513,0
CUS-DAD-00005533,0
CUS-DAD-00005550,0
CUS-DAD-00005573,0
CUS-DAD-00005589,1
CUS-DAD-00005600,1
CUS-DAD-00005601,1
CUS-DAD-00005663,0
CUS-DAD-00005675,0
CUS-DAD-00005693,0
CUS-DAD-00005705,0
CUS-DAD-00005758,0
CUS-DAD-00005765,0
CUS-DAD-00005774,1
CUS-DAD-00005783,0
CUS-DAD-00005790,1
CUS-DAD-00005797,1
CUS-DAD-00005805,0
CUS-DAD-00005811,0
CUS-DAD-00005815,0
CUS-DAD-00005829,1
CUS-DAD-00005838,1
CUS-DAD-00005839,1
CUS-DAD-00005845,1
CUS-DAD-00005858,0
CUS-DAD-00005876,0
CUS-DAD-00005885,0
CUS-DAD-00005893,0
CUS-DAD-00005899,0
CUS-DAD-00005905,1
CUS-DAD-00005913,0
CUS-DAD-00005921,1
CUS-DAD-00005952,0
CUS-DAD-00005953,1
CUS-DAD-00005963,0
CUS-DAD-00005973,1
CUS-DAD-00005981,1
CUS-DAD-00005982,1
CUS-DAD-00005990,1
CUS-DAD-00006001,0
CUS-DAD-00006006,0
CUS-DAD-00006032,0
CUS-DAD-00006041,1
CUS-DAD-00006045,0
CUS-DAD-00006050,1
CUS-DAD-00006067,1
CUS-DAD-00006076,0
CUS-DAD-00006087,1
CUS-DAD-00006098,1
CUS-DAD-00006129,0
CUS-DAD-00006157,0
CUS-DAD-00006168,1
CUS-DAD-00006182,1
CUS-DAD-00006194,0
CUS-DAD-00006199,1
CUS-DAD-00006201,0
CUS-DAD-00006202,1
CUS-DAD-00006217,0
CUS-DAD-00006225,1
CUS-DAD-00006227,0
CUS-DAD-00006229,1
CUS-DAD-00006232,1
CUS-DAD-00006259,0
CUS-DAD-00006265,0
CUS-DAD-00006271,1
CUS-DAD-00006287,0
CUS-DAD-00006302,0
CUS-DAD-00006303,0
CUS-DAD-00006316,1
CUS-DAD-00006317,0
CUS-DAD-00006319,0
CUS-DAD-00006333,1
CUS-DAD-00006334,0
CUS-DAD-00006344,0
CUS-DAD-00006349,1
CUS-DAD-00006356,1
CUS-DAD-00006359,1
CUS-DAD-00006360,0
CUS-DAD-00006363,0
CUS-DAD-00006380,0
CUS-DAD-00006404,1
CUS-DAD-00006415,0
CUS-DAD-00006422,1
CUS-DAD-00006429,0
CUS-DAD-00006437,1
CUS-DAD-00006441,0
CUS-DAD-00006448,0
CUS-DAD-00006453,1
CUS-DAD-00006457,0
CUS-DAD-00006459,1
CUS-DAD-00006482,0
CUS-DAD-00006498,0
CUS-DAD-00006516,0
CUS-DAD-00006529,0
CUS-DAD-00006539,0
CUS-DAD-00006544,1
CUS-DAD-00006561,0
CUS-DAD-00006568,0
CUS-DAD-00006572,0
CUS-DAD-00006585,0
CUS-DAD-00006590,0
CUS-DAD-00006613,1
CUS-DAD-00006654,0
CUS-DAD-00006655,0
CUS-DAD-00006668,0
CUS-DAD-00006673,1
CUS-DAD-00006680,0
CUS-DAD-00006690,1
CUS-DAD-00006691,1
CUS-DAD-00006695,0
CUS-DAD-00006705,1
CUS-DAD-00006706,1
CUS-DAD-00006708,0
CUS-DAD-00006748,1
CUS-DAD-00006749,0
CUS-DAD-00006768,0
CUS-DAD-00006773,1
CUS-DAD-00006775,1
CUS-DAD-00006786,1
CUS-DAD-00006787,1
CUS-DAD-00006803,0
CUS-DAD-00006807,0
CUS-DAD-00006815,0
CUS-DAD-00006823,0
CUS-DAD-00006831,1
CUS-DAD-00006865,0
CUS-DAD-00006867,0
CUS-DAD-00006876,1
CUS-DAD-00006902,0
CUS-DAD-00006905,1
CUS-DAD-00006924,1
CUS-DAD-00006942,0
CUS-DAD-00006956,0
CUS-DAD-00006967,0
CUS-DAD-00006994,0
CUS-DAD-00007004,1
CUS-DAD-00007006,0
CUS-DAD-00007010,1
CUS-DAD-00007024,1
CUS-DAD-00007026,1
CUS-DAD-00007049,1
CUS-DAD-00007074,0
CUS-DAD-00007076,1
CUS-DAD-00007091,0
CUS-DAD-00007097,0
CUS-DAD-00007114,1
CUS-DAD-00007128,0
CUS-DAD-00007131,0
CUS-DAD-00007169,0
CUS-DAD-00007171,0
CUS-DAD-00007191,0
CUS-DAD-00007194,0
CUS-DAD-00007211,0
CUS-DAD-00007223,1
CUS-DAD-00007239,1
CUS-DAD-00007245,0
CUS-DAD-00007251,1
CUS-DAD-00007252,0
CUS-DAD-00007255,1
CUS-DAD-00007301,0
CUS-DAD-00007304,0
CUS-DAD-00007305,1
CUS-DAD-00007306,1
CUS-DAD-00007319,0
CUS-DAD-00007338,0
CUS-DAD-00007346,0
CUS-DAD-00007348,0
CUS-DAD-00007355,0
CUS-DAD-00007361,0
CUS-DAD-00007373,1
CUS-DAD-00007401,0
CUS-DAD-00007404,1
CUS-DAD-00007419,0
CUS-DAD-00007424,0
CUS-DAD-00007449,0
CUS-DAD-00007450,1
CUS-DAD-00007456,1
CUS-DAD-00007461,1
CUS-DAD-00007474,1
CUS-DAD-00007476,0
CUS-DAD-00007477,0
CUS-DAD-00007481,0
CUS-DAD-00007498,0
CUS-DAD-00007501,0
CUS-DAD-00007505,0
CUS-DAD-00007516,0
CUS-DAD-00007523,1
CUS-DAD-00007537,0
CUS-DAD-00007547,0
CUS-DAD-00007603,0
CUS-DAD-00007631,1
CUS-DAD-00007637,1
CUS-DAD-00007653,0
CUS-DAD-00007666,1
CUS-DAD-00007670,0
CUS-DAD-00007675,1
CUS-DAD-00007676,0
CUS-DAD-00007683,0
CUS-DAD-00007687,0
CUS-DAD-00007702,0
CUS-DAD-00007706,0
CUS-DAD-00007708,0
CUS-DAD-00007717,1
CUS-DAD-00007741,1
CUS-DAD-00007742,1
CUS-DAD-00007783,0
CUS-DAD-00007792,0
CUS-DAD-00007804,0
CUS-DAD-00007820,0
CUS-DAD-00007847,0
CUS-DAD-00007854,1
CUS-DAD-00007864,0
CUS-DAD-00007866,1
CUS-DAD-00007891,1
CUS-DAD-00007909,0
CUS-DAD-00007944,0
CUS-DAD-00007967,0
CUS-DAD-00007973,1
CUS-DAD-00007998,0
CUS-DAD-00008026,0
CUS-DAD-00008038,0
CUS-DAD-00008044,0
CUS-DAD-00008072,0
CUS-DAD-00008076,1
CUS-DAD-00008089,1
CUS-DAD-00008098,0
CUS-DAD-00008099,0
CUS-DAD-00008151,1
CUS-DAD-00008152,0
CUS-DAD-00008174,0
CUS-DAD-00008179,0
CUS-DAD-00008183,0
CUS-DAD-00008196,1
CUS-DAD-00008238,0
CUS-DAD-00008271,1
CUS-DAD-00008281,0
CUS-DAD-00008284,1
CUS-DAD-00008293,0
CUS-DAD-00008304,1
CUS-DAD-00008330,1
CUS-DAD-00008346,1
CUS-DAD-00008355,1
CUS-DAD-00008363,0
CUS-DAD-00008381,1
CUS-DAD-00008401,1
CUS-DAD-00008412,0
CUS-DAD-00008466,0
CUS-DAD-00008468,1
CUS-DAD-00008469,0
CUS-DAD-00008496,0
CUS-DAD-00008512,1
CUS-DAD-00008513,0
CUS-DAD-00008546,0
CUS-DAD-00008568,0
CUS-DAD-00008576,0
CUS-DAD-00008583,0
CUS-DAD-00008589,0
CUS-DAD-00008591,0
CUS-DAD-00008594,0
CUS-DAD-00008601,1
CUS-DAD-00008631,1
CUS-DAD-00008632,0
CUS-DAD-00008636,1
CUS-DAD-00008639,0
CUS-DAD-00008649,0
CUS-DAD-00008658,1
CUS-DAD-00008667,1
CUS-DAD-00008691,0
CUS-DAD-00008696,1
CUS-DAD-00008705,0
CUS-DAD-00008719,1
CUS-DAD-00008722,0
CUS-DAD-00008725,0
CUS-DAD-00008732,1
CUS-DAD-00008734,0
CUS-DAD-00008737,1
CUS-DAD-00008797,0
CUS-DAD-00008866,1
CUS-DAD-00008880,1
CUS-DAD-00008885,1
CUS-DAD-00008912,0
CUS-DAD-00008917,0
CUS-DAD-00008926,0
CUS-DAD-00008952,1
CUS-DAD-00008955,0
CUS-DAD-00008967,0
CUS-DAD-00008970,1
CUS-DAD-00008981,1
CUS-DAD-00008998,0
CUS-DAD-00009003,1
CUS-DAD-00009024,1
CUS-DAD-00009026,1
CUS-DAD-00009035,0
CUS-DAD-00009063,0
CUS-DAD-00009081,1
CUS-DAD-00009089,0
CUS-DAD-00009097,0
CUS-DAD-00009102,1
CUS-DAD-00009103,0
CUS-DAD-00009113,0
CUS-DAD-00009114,0
CUS-DAD-00009137,0
CUS-DAD-00009148,1
CUS-DAD-00009153,0
CUS-DAD-00009155,1
CUS-DAD-00009157,0
CUS-DAD-00009165,1
CUS-DAD-00009177,0
CUS-DAD-00009178,1
CUS-DAD-00009191,1
CUS-DAD-00009193,0
CUS-DAD-00009195,0
CUS-DAD-00009200,0
CUS-DAD-00009242,0
CUS-DAD-00009247,0
CUS-DAD-00009257,0
CUS-DAD-00009267,1
CUS-DAD-00009283,0
CUS-DAD-00009285,0
CUS-DAD-00009306,0
CUS-DAD-00009325,1
CUS-DAD-00009326,1
CUS-DAD-00009327,0
CUS-DAD-00009352,0
CUS-DAD-00009364,0
CUS-DAD-00009381,1
CUS-DAD-00009383,0
CUS-DAD-00009385,1
CUS-DAD-00009386,0
CUS-DAD-00009403,1
CUS-DAD-00009404,1
CUS-DAD-00009407,0
CUS-DAD-00009419,0
CUS-DAD-00009431,0
CUS-DAD-00009434,0
CUS-DAD-00009439,0
CUS-DAD-00009448,0
CUS-DAD-00009455,0
CUS-DAD-00009488,0
CUS-DAD-00009524,0
CUS-DAD-00009527,0
CUS-DAD-00009534,0
CUS-DAD-00009544,1
CUS-DAD-00009549,0
CUS-DAD-00009559,0
CUS-DAD-00009588,1
CUS-DAD-00009595,0
CUS-DAD-00009596,0
CUS-DAD-00009601,1
CUS-DAD-00009607,0
CUS-DAD-00009608,0
CUS-DAD-00009646,0
CUS-DAD-00009648,0
CUS-DAD-00009650,0
CUS-DAD-00009674,0
CUS-DAD-00009697,0
CUS-DAD-00009716,0
CUS-DAD-00009723,1
CUS-DAD-00009741,1
CUS-DAD-00009758,1
CUS-DAD-00009765,1
CUS-DAD-00009766,0
CUS-DAD-00009782,0
CUS-DAD-00009785,1
CUS-DAD-00009823,1
CUS-DAD-00009828,0
CUS-DAD-00009829,0
CUS-DAD-00009830,1
CUS-DAD-00009838,1
CUS-DAD-00009859,1
CUS-DAD-00009860,0
CUS-DAD-00009862,1
CUS-DAD-00009892,1
CUS-DAD-00009904,0
CUS-DAD-00009922,1
CUS-DAD-00009930,0
CUS-DAD-00009933,0
CUS-DAD-00009954,1
CUS-DAD-00009956,0
CUS-DAD-00009961,0
CUS-DAD-00009962,0
CUS-DAD-00009970,0
CUS-DAD-00010000,0
CUS-DAD-00010012,1
CUS-DAD-00010039,1
CUS-DAD-00010040,1
CUS-DAD-00010042,1
CUS-DAD-00010046,1
CUS-DAD-00010062,0
CUS-DAD-00010071,0
CUS-DAD-00010081,0
CUS-DAD-00010090,0
CUS-DAD-00010119,0
CUS-DAD-00010133,1
CUS-DAD-00010145,0
CUS-DAD-00010151,0
CUS-DAD-00010157,0
CUS-DAD-00010164,0
CUS-DAD-00010171,0
CUS-DAD-00010194,0
CUS-DAD-00010204,0
CUS-DAD-00010207,0
CUS-DAD-00010231,0
CUS-DAD-00010267,0
CUS-DAD-00010278,0
CUS-DAD-00010289,0
CUS-DAD-00010307,0
CUS-DAD-00010312,0
CUS-DAD-00010318,1
CUS-DAD-00010322,0
CUS-DAD-00010352,0
CUS-DAD-00010355,1
CUS-DAD-00010357,1
CUS-DAD-00010369,0
CUS-DAD-00010379,1
CUS-DAD-00010403,1
CUS-DAD-00010411,1
CUS-DAD-00010414,1
CUS-DAD-00010417,1
CUS-DAD-00010426,1
CUS-DAD-00010434,0
CUS-DAD-00010451,1
CUS-DAD-00010457,0
CUS-DAD-00010469,0
CUS-DAD-00010477,1
CUS-DAD-00010492,0
CUS-DAD-00010524,0
CUS-DAD-00010530,0
CUS-DAD-00010539,1
CUS-DAD-00010542,1
CUS-DAD-00010550,1
CUS-DAD-00010562,0
CUS-DAD-00010572,1
CUS-DAD-00010583,0
CUS-DAD-00010584,0
CUS-DAD-00010596,0
CUS-DAD-00010598,1
CUS-DAD-00010621,0
CUS-DAD-00010625,0
CUS-DAD-00010647,0
CUS-DAD-00010659,0
CUS-DAD-00010660,0
CUS-DAD-00010677,1
CUS-DAD-00010681,1
CUS-DAD-00010686,0
CUS-DAD-00010689,0
CUS-DAD-00010692,0
CUS-DAD-00010697,1
CUS-DAD-00010713,0
CUS-DAD-00010717,0
CUS-DAD-00010731,1
CUS-DAD-00010736,0
CUS-DAD-00010746,0
CUS-DAD-00010747,1
CUS-DAD-00010756,0
CUS-DAD-00010758,0
CUS-DAD-00010778,0
CUS-DAD-00010780,0
CUS-DAD-00010781,1
CUS-DAD-00010793,0
CUS-DAD-00010828,1
CUS-DAD-00010850,1
CUS-DAD-00010851,0
CUS-DAD-00010860,1
CUS-DAD-00010871,1
CUS-DAD-00010878,0
CUS-DAD-00010887,0
CUS-DAD-00010894,0
CUS-DAD-00010904,1
CUS-DAD-00010921,0
CUS-DAD-00010934,0
CUS-DAD-00010943,0
CUS-DAD-00010944,0
CUS-DAD-00010949,0
CUS-DAD-00010959,1
CUS-DAD-00010965,0
CUS-DAD-00010967,0
CUS-DAD-00010977,1
CUS-DAD-00010979,1
CUS-DAD-00011017,1
CUS-DAD-00011029,0
CUS-DAD-00011034,1
CUS-DAD-00011037,1
CUS-DAD-00011038,1
CUS-DAD-00011078,0
CUS-DAD-00011108,1
CUS-DAD-00011112,0
CUS-DAD-00011116,0
CUS-DAD-00011139,1
CUS-DAD-00011176,1
CUS-DAD-00011188,1
CUS-DAD-00011207,0
CUS-DAD-00011219,0
CUS-DAD-00011224,1
CUS-DAD-00011243,1
CUS-DAD-00011246,1
CUS-DAD-00011248,0
CUS-DAD-00011250,1
CUS-DAD-00011251,1
CUS-DAD-00011255,0
CUS-DAD-00011259,1
CUS-DAD-00011283,0
CUS-DAD-00011295,0
CUS-DAD-00011301,0
CUS-DAD-00011323,1
CUS-DAD-00011338,1
CUS-DAD-00011339,0
CUS-DAD-00011346,1
CUS-DAD-00011355,0
CUS-DAD-00011357,1
CUS-DAD-00011362,1
CUS-DAD-00011383,1
CUS-DAD-00011384,0
CUS-DAD-00011392,0
CUS-DAD-00011409,0
CUS-DAD-00011418,1
CUS-DAD-00011435,1
CUS-DAD-00011436,1
CUS-DAD-00011461,1
CUS-DAD-00011486,1
CUS-DAD-00011499,0
CUS-DAD-00011501,0
CUS-DAD-00011502,0
CUS-DAD-00011503,1
CUS-DAD-00011507,0
CUS-DAD-00011537,1
CUS-DAD-00011567,0
CUS-DAD-00011581,1
CUS-DAD-00011598,1
CUS-DAD-00011612,1
CUS-DAD-00011623,0
CUS-DAD-00011632,1
CUS-DAD-00011635,0
CUS-DAD-00011636,1
CUS-DAD-00011652,1
CUS-DAD-00011669,1
CUS-DAD-00011673,1
CUS-DAD-00011679,0
CUS-DAD-00011682,0
CUS-DAD-00011698,0
CUS-DAD-00011704,0
CUS-DAD-00011707,0
CUS-DAD-00011709,1
CUS-DAD-00011727,0
CUS-DAD-00011762,0
CUS-DAD-00011772,0
CUS-DAD-00011782,1
CUS-DAD-00011797,0
CUS-DAD-00011808,0
CUS-DAD-00011812,0
CUS-DAD-00011815,1
CUS-DAD-00011820,0
CUS-DAD-00011827,0
CUS-DAD-00011837,1
CUS-DAD-00011844,0
CUS-DAD-00011845,0
CUS-DAD-00011846,1
CUS-DAD-00011848,0
CUS-DAD-00011860,1
CUS-DAD-00011875,1
CUS-DAD-00011891,1
CUS-DAD-00011903,0
CUS-DAD-00011941,0
CUS-DAD-00011942,0
CUS-DAD-00011949,1
CUS-DAD-00011961,0
CUS-DAD-00011969,0
CUS-DAD-00011978,0
CUS-DAD-00011981,0
CUS-DAD-00011983,1
CUS-DNA-00000001,1
CUS-DNA-00000007,0
CUS-DNA-00000008,1
CUS-DNA-00000021,0
CUS-DNA-00000025,0
CUS-DNA-00000046,0
CUS-DNA-00000053,0
CUS-DNA-00000056,1
CUS-DNA-00000064,1
CUS-DNA-00000080,0
CUS-DNA-00000105,0
CUS-DNA-00000117,0
CUS-DNA-00000139,0
CUS-DNA-00000160,1
CUS-DNA-00000168,1
CUS-DNA-00000185,0
CUS-DNA-00000201,0
CUS-DNA-00000214,1
CUS-DNA-00000236,0
CUS-DNA-00000238,1
CUS-DNA-00000242,0
CUS-DNA-00000298,1
CUS-DNA-00000299,1
CUS-DNA-00000301,0
CUS-DNA-00000327,1
CUS-DNA-00000343,1
CUS-DNA-00000345,1
CUS-DNA-00000346,1
CUS-DNA-00000357,1
CUS-DNA-00000358,1
CUS-DNA-00000367,0
CUS-DNA-00000371,0
CUS-DNA-00000383,0
CUS-DNA-00000403,1
CUS-DNA-00000418,0
CUS-DNA-00000426,1
CUS-DNA-00000430,0
CUS-DNA-00000432,1
CUS-DNA-00000459,0
CUS-DNA-00000495,0
CUS-DNA-00000506,0
CUS-DNA-00000529,1
CUS-DNA-00000549,1
CUS-DNA-00000567,1
CUS-DNA-00000574,1
CUS-DNA-00000602,0
CUS-DNA-00000606,1
CUS-DNA-00000621,1
CUS-DNA-00000627,0
CUS-DNA-00000630,1
CUS-DNA-00000639,1
CUS-DNA-00000642,0
CUS-DNA-00000667,0
CUS-DNA-00000689,0
CUS-DNA-00000707,0
CUS-DNA-00000708,0
CUS-DNA-00000715,1
CUS-DNA-00000749,0
CUS-DNA-00000779,0
CUS-DNA-00000789,1
CUS-DNA-00000837,1
CUS-DNA-00000842,1
CUS-DNA-00000863,0
CUS-DNA-00000868,0
CUS-DNA-00000895,1
CUS-DNA-00000911,1
CUS-DNA-00000934,0
CUS-DNA-00000935,0
CUS-DNA-00000957,1
CUS-DNA-00000990,0
CUS-DNA-00000992,1
CUS-DNA-00000993,1
CUS-DNA-00001048,0
CUS-DNA-00001087,1
CUS-DNA-00001088,0
CUS-DNA-00001103,0
CUS-DNA-00001106,0
CUS-DNA-00001118,0
CUS-DNA-00001142,1
CUS-DNA-00001148,0
CUS-DNA-00001160,0
CUS-DNA-00001174,1
CUS-DNA-00001176,0
CUS-DNA-00001181,0
CUS-DNA-00001211,0
CUS-DNA-00001257,1
CUS-DNA-00001266,1
CUS-DNA-00001303,1
CUS-DNA-00001324,0
CUS-DNA-00001331,1
CUS-DNA-00001351,0
CUS-DNA-00001374,0
CUS-DNA-00001416,0
CUS-DNA-00001429,0
CUS-DNA-00001451,1
CUS-DNA-00001461,1
CUS-DNA-00001494,1
CUS-DNA-00001524,1
CUS-DNA-00001537,0
CUS-DNA-00001548,1
CUS-DNA-00001556,0
CUS-DNA-00001565,0
CUS-DNA-00001577,1
CUS-DNA-00001612,0
CUS-DNA-00001613,0
CUS-DNA-00001623,1
CUS-DNA-00001641,1
CUS-DNA-00001648,0
CUS-DNA-00001650,1
CUS-DNA-00001663,1
CUS-DNA-00001673,0
CUS-DNA-00001675,1
CUS-DNA-00001691,0
CUS-DNA-00001698,1
CUS-DNA-00001711,1
CUS-DNA-00001716,0
CUS-DNA-00001740,0
CUS-DNA-00001772,1
CUS-DNA-00001782,0
CUS-DNA-00001791,1
CUS-DNA-00001817,1
CUS-DNA-00001839,0
CUS-DNA-00001850,0
CUS-DNA-00001854,1
CUS-DNA-00001876,0
CUS-DNA-00001892,0
CUS-DNA-00001909,0
CUS-DNA-00001933,0
CUS-DNA-00001953,0
CUS-DNA-00001996,0
CUS-DNA-00002036,1
CUS-DNA-00002040,1
CUS-DNA-00002042,0
CUS-DNA-00002103,1
CUS-DNA-00002132,1
CUS-DNA-00002138,1
CUS-DNA-00002139,1
CUS-DNA-00002143,0
CUS-DNA-00002144,0
CUS-DNA-00002149,1
CUS-DNA-00002153,0
CUS-DNA-00002154,0
CUS-DNA-00002181,1
CUS-DNA-00002252,1
CUS-DNA-00002258,0
CUS-DNA-00002267,0
CUS-DNA-00002273,0
CUS-DNA-00002288,0
CUS-DNA-00002302,1
CUS-DNA-00002318,0
CUS-DNA-00002356,1
CUS-DNA-00002386,0
CUS-DNA-00002392,0
CUS-DNA-00002402,1
CUS-DNA-00002403,0
CUS-DNA-00002405,0
CUS-DNA-00002423,1
CUS-DNA-00002430,0
CUS-DNA-00002440,0
CUS-DNA-00002454,0
CUS-DNA-00002487,1
CUS-DNA-00002488,0
CUS-DNA-00002537,0
CUS-DNA-00002573,1
CUS-DNA-00002591,1
CUS-DNA-00002604,0
CUS-DNA-00002614,1
CUS-DNA-00002642,0
CUS-DNA-00002648,0
CUS-DNA-00002666,0
CUS-DNA-00002681,0
CUS-DNA-00002722,0
CUS-DNA-00002727,0
CUS-DNA-00002744,0
CUS-DNA-00002746,0
CUS-DNA-00002756,0
CUS-DNA-00002772,0
CUS-DNA-00002775,0
CUS-DNA-00002800,0
CUS-DNA-00002841,0
CUS-DNA-00002849,0
CUS-DNA-00002855,0
CUS-DNA-00002948,1
CUS-DNA-00002952,1
CUS-DNA-00002961,0
CUS-DNA-00002991,0
CUS-DNA-00003006,1
CUS-DNA-00003010,1
CUS-DNA-00003013,0
CUS-DNA-00003031,0
CUS-DNA-00003043,0
CUS-DNA-00003054,0
CUS-DNA-00003084,0
CUS-DNA-00003085,0
CUS-DNA-00003104,0
CUS-DNA-00003136,1
CUS-DNA-00003139,1
CUS-DNA-00003201,1
CUS-DNA-00003213,0
CUS-DNA-00003223,0
CUS-DNA-00003226,0
CUS-DNA-00003248,1
CUS-DNA-00003256,1
CUS-DNA-00003268,0
CUS-DNA-00003297,0
CUS-DNA-00003324,0
CUS-DNA-00003347,1
CUS-DNA-00003349,0
CUS-DNA-00003418,1
CUS-DNA-00003448,0
CUS-DNA-00003456,0
CUS-DNA-00003460,1
CUS-DNA-00003462,0
CUS-DNA-00003465,1
CUS-DNA-00003466,1
CUS-DNA-00003498,1
CUS-DNA-00003508,0
CUS-DNA-00003516,0
CUS-DNA-00003520,1
CUS-DNA-00003536,1
CUS-DNA-00003556,1
CUS-DNA-00003571,1
CUS-DNA-00003581,0
CUS-DNA-00003582,0
CUS-DNA-00003586,1
CUS-DNA-00003589,1
CUS-DNA-00003591,1
CUS-DNA-00003593,1
CUS-DNA-00003639,0
CUS-DNA-00003646,0
CUS-DNA-00003675,1
CUS-DNA-00003695,1
CUS-DNA-00003712,1
CUS-DNA-00003714,1
CUS-DNA-00003718,1
CUS-DNA-00003726,0
CUS-DNA-00003730,0
CUS-DNA-00003739,1
CUS-DNA-00003754,0
CUS-DNA-00003766,0
CUS-DNA-00003775,1
CUS-DNA-00003779,1
CUS-DNA-00003798,0
CUS-DNA-00003810,0
CUS-DNA-00003821,0
CUS-DNA-00003839,0
CUS-DNA-00003857,1
CUS-DNA-00004025,0
CUS-DNA-00004042,1
CUS-DNA-00004060,0
CUS-DNA-00004066,0
CUS-DNA-00004092,1
CUS-DNA-00004113,0
CUS-DNA-00004115,1
CUS-DNA-00004122,0
CUS-DNA-00004129,1
CUS-DNA-00004140,0
CUS-DNA-00004175,0
CUS-DNA-00004186,1
CUS-DNA-00004202,1
CUS-DNA-00004206,1
CUS-DNA-00004234,1
CUS-DNA-00004241,1
CUS-DNA-00004250,1
CUS-DNA-00004269,1
CUS-DNA-00004270,1
CUS-DNA-00004273,0
CUS-DNA-00004295,0
CUS-DNA-00004312,1
CUS-DNA-00004318,0
CUS-DNA-00004347,1
CUS-DNA-00004392,0
CUS-DNA-00004398,0
CUS-DNA-00004400,0
CUS-DNA-00004401,0
CUS-DNA-00004416,0
CUS-DNA-00004483,0
CUS-DNA-00004487,1
CUS-DNA-00004500,1
CUS-DNA-00004509,1
CUS-DNA-00004519,1
CUS-DNA-00004523,1
CUS-DNA-00004531,0
CUS-DNA-00004557,1
CUS-DNA-00004567,0
CUS-DNA-00004582,0
CUS-DNA-00004586,1
CUS-DNA-00004652,1
CUS-DNA-00004683,1
CUS-DNA-00004700,0
CUS-DNA-00004711,0
CUS-DNA-00004727,0
CUS-DNA-00004743,0
CUS-DNA-00004800,1
CUS-DNA-00004829,0
CUS-DNA-00004850,0
CUS-DNA-00004853,0
CUS-DNA-00004864,1
CUS-DNA-00004900,1
CUS-DNA-00004931,0
CUS-DNA-00004933,0
CUS-DNA-00004946,0
CUS-DNA-00004948,1
CUS-DNA-00005003,0
CUS-DNA-00005007,0
CUS-DNA-00005040,0
CUS-DNA-00005087,0
CUS-DNA-00005092,0
CUS-DNA-00005113,1
CUS-DNA-00005118,1
CUS-DNA-00005199,1
CUS-DNA-00005231,1
CUS-DNA-00005254,0
CUS-DNA-00005255,0
CUS-DNA-00005276,0
CUS-DNA-00005287,0
CUS-DNA-00005295,0
CUS-DNA-00005331,1
CUS-DNA-00005336,1
CUS-DNA-00005352,1
CUS-DNA-00005368,0
CUS-DNA-00005383,1
CUS-DNA-00005386,0
CUS-DNA-00005412,0
CUS-DNA-00005423,1
CUS-DNA-00005466,1
CUS-DNA-00005467,0
CUS-DNA-00005509,1
CUS-DNA-00005536,0
CUS-DNA-00005580,0
CUS-DNA-00005592,1
CUS-DNA-00005628,1
CUS-DNA-00005642,0
CUS-DNA-00005643,1
CUS-DNA-00005658,1
CUS-DNA-00005679,0
CUS-DNA-00005689,1
CUS-DNA-00005704,0
CUS-DNA-00005711,1
CUS-DNA-00005721,0
CUS-DNA-00005725,1
CUS-DNA-00005743,1
CUS-DNA-00005753,1
CUS-DNA-00005754,1
CUS-DNA-00005771,0
CUS-DNA-00005795,1
CUS-DNA-00005803,0
CUS-DNA-00005810,0
CUS-DNA-00005816,0
CUS-DNA-00005830,1
CUS-DNA-00005850,1
CUS-DNA-00005883,1
CUS-DNA-00005896,1
CUS-DNA-00005904,1
CUS-DNA-00005917,0
CUS-DNA-00005918,0
CUS-DNA-00005967,0
CUS-DNA-00005970,0
CUS-DNA-00005977,1
CUS-DNA-00006009,0
CUS-DNA-00006011,0
CUS-DNA-00006043,1
CUS-DNA-00006059,1
CUS-DNA-00006086,1
CUS-DNA-00006116,0
CUS-DNA-00006147,0
CUS-DNA-00006151,1
CUS-DNA-00006197,0
CUS-DNA-00006244,0
CUS-DNA-00006268,0
CUS-DNA-00006281,0
CUS-DNA-00006296,0
CUS-DNA-00006297,0
CUS-DNA-00006351,0
CUS-DNA-00006353,0
CUS-DNA-00006384,0
CUS-DNA-00006396,0
CUS-DNA-00006397,1
CUS-DNA-00006412,0
CUS-DNA-00006424,0
CUS-DNA-00006450,1
CUS-DNA-00006477,0
CUS-DNA-00006481,0
CUS-DNA-00006505,0
CUS-DNA-00006511,0
CUS-DNA-00006514,0
CUS-DNA-00006578,0
CUS-DNA-00006594,1
CUS-DNA-00006621,0
CUS-DNA-00006635,0
CUS-DNA-00006639,1
CUS-DNA-00006659,0
CUS-DNA-00006667,0
CUS-DNA-00006729,1
CUS-DNA-00006731,0
CUS-DNA-00006734,0
CUS-DNA-00006739,1
CUS-DNA-00006753,0
CUS-DNA-00006757,1
CUS-DNA-00006789,0
CUS-DNA-00006797,0
CUS-DNA-00006806,0
CUS-DNA-00006810,0
CUS-DNA-00006884,0
CUS-DNA-00006908,0
CUS-DNA-00006921,1
CUS-DNA-00006922,0
CUS-DNA-00006946,0
CUS-DNA-00006971,1
CUS-DNA-00006979,0
CUS-DNA-00006984,0
CUS-DNA-00006995,0
CUS-DNA-00007075,1
CUS-DNA-00007081,0
CUS-DNA-00007083,0
CUS-DNA-00007086,1
CUS-DNA-00007094,0
CUS-DNA-00007115,0
CUS-DNA-00007143,0
CUS-DNA-00007148,0
CUS-DNA-00007155,0
CUS-DNA-00007164,0
CUS-DNA-00007195,1
CUS-DNA-00007212,1
CUS-DNA-00007236,0
CUS-DNA-00007249,0
CUS-DNA-00007276,0
CUS-DNA-00007287,0
CUS-DNA-00007308,1
CUS-DNA-00007362,0
CUS-DNA-00007368,1
CUS-DNA-00007386,0
CUS-DNA-00007400,1
CUS-DNA-00007411,0
CUS-DNA-00007458,0
CUS-DNA-00007469,0
CUS-DNA-00007484,1
CUS-DNA-00007486,0
CUS-DNA-00007493,1
CUS-DNA-00007527,1
CUS-DNA-00007528,0
CUS-DNA-00007584,1
CUS-DNA-00007607,1
CUS-DNA-00007611,0
CUS-DNA-00007616,0
CUS-DNA-00007656,0
CUS-DNA-00007657,0
CUS-DNA-00007658,0
CUS-DNA-00007667,0
CUS-DNA-00007712,0
CUS-DNA-00007719,0
CUS-DNA-00007745,0
CUS-DNA-00007781,1
CUS-DNA-00007802,0
CUS-DNA-00007807,1
CUS-DNA-00007827,0
CUS-DNA-00007829,0
CUS-DNA-00007856,1
CUS-DNA-00007878,0
CUS-DNA-00007975,1
CUS-DNA-00007985,1
CUS-DNA-00008005,0
CUS-DNA-00008017,1
CUS-DNA-00008052,1
CUS-DNA-00008064,1
CUS-DNA-00008133,1
CUS-DNA-00008139,1
CUS-DNA-00008182,0
CUS-DNA-00008190,1
CUS-DNA-00008222,1
CUS-DNA-00008257,0
CUS-DNA-00008259,0
CUS-DNA-00008305,0
CUS-DNA-00008329,0
CUS-DNA-00008353,1
CUS-DNA-00008356,1
CUS-DNA-00008368,0
CUS-DNA-00008398,0
CUS-DNA-00008400,0
CUS-DNA-00008427,0
CUS-DNA-00008435,1
CUS-DNA-00008436,1
CUS-DNA-00008438,1
CUS-DNA-00008441,1
CUS-DNA-00008450,1
CUS-DNA-00008472,1
CUS-DNA-00008477,0
CUS-DNA-00008485,0
CUS-DNA-00008489,0
CUS-DNA-00008502,0
CUS-DNA-00008553,1
CUS-DNA-00008555,0
CUS-DNA-00008570,0
CUS-DNA-00008573,1
CUS-DNA-00008596,1
CUS-DNA-00008677,0
CUS-DNA-00008679,1
CUS-DNA-00008683,0
CUS-DNA-00008687,0
CUS-DNA-00008695,1
CUS-DNA-00008713,1
CUS-DNA-00008721,0
CUS-DNA-00008724,1
CUS-DNA-00008735,1
CUS-DNA-00008739,0
CUS-DNA-00008749,0
CUS-DNA-00008753,0
CUS-DNA-00008767,1
CUS-DNA-00008774,0
CUS-DNA-00008778,1
CUS-DNA-00008805,0
CUS-DNA-00008808,1
CUS-DNA-00008818,0
CUS-DNA-00008819,0
CUS-DNA-00008845,1
CUS-DNA-00008847,0
CUS-DNA-00008849,0
CUS-DNA-00008874,0
CUS-DNA-00008889,1
CUS-DNA-00008891,0
CUS-DNA-00008893,0
CUS-DNA-00008903,0
CUS-DNA-00008935,0
CUS-DNA-00008944,1
CUS-DNA-00008945,1
CUS-DNA-00009027,0
CUS-DNA-00009054,0
CUS-DNA-00009064,0
CUS-DNA-00009179,1
CUS-DNA-00009185,0
CUS-DNA-00009189,1
CUS-DNA-00009219,1
CUS-DNA-00009228,0
CUS-DNA-00009229,1
CUS-DNA-00009232,0
CUS-DNA-00009239,1
CUS-DNA-00009254,1
CUS-DNA-00009272,1
CUS-DNA-00009301,1
CUS-DNA-00009319,0
CUS-DNA-00009351,0
CUS-DNA-00009365,0
CUS-DNA-00009369,0
CUS-DNA-00009370,0
CUS-DNA-00009399,1
CUS-DNA-00009426,0
CUS-DNA-00009435,0
CUS-DNA-00009438,1
CUS-DNA-00009453,1
CUS-DNA-00009478,0
CUS-DNA-00009514,1
CUS-DNA-00009585,1
CUS-DNA-00009589,1
CUS-DNA-00009625,1
CUS-DNA-00009631,0
CUS-DNA-00009638,0
CUS-DNA-00009652,0
CUS-DNA-00009662,0
CUS-DNA-00009707,0
CUS-DNA-00009709,1
CUS-DNA-00009714,0
CUS-DNA-00009726,0
CUS-DNA-00009745,0
CUS-DNA-00009746,0
CUS-DNA-00009775,1
CUS-DNA-00009810,1
CUS-DNA-00009831,0
CUS-DNA-00009868,0
CUS-DNA-00009888,1
CUS-DNA-00009898,0
CUS-DNA-00009908,0
CUS-DNA-00009929,1
CUS-DNA-00009939,1
CUS-DNA-00009943,0
CUS-DNA-00010018,0
CUS-DNA-00010032,1
CUS-DNA-00010074,1
CUS-DNA-00010086,1
CUS-DNA-00010102,1
CUS-DNA-00010104,0
CUS-DNA-00010158,0
CUS-DNA-00010200,0
CUS-DNA-00010202,0
CUS-DNA-00010221,0
CUS-DNA-00010232,0
CUS-DNA-00010235,0
CUS-DNA-00010246,0
CUS-DNA-00010251,1
CUS-DNA-00010269,1
CUS-DNA-00010292,0
CUS-DNA-00010321,1
CUS-DNA-00010341,1
CUS-DNA-00010367,1
CUS-DNA-00010376,0
CUS-DNA-00010385,0
CUS-DNA-00010400,1
CUS-DNA-00010407,0
CUS-DNA-00010428,0
CUS-DNA-00010453,1
CUS-DNA-00010456,0
CUS-DNA-00010473,1
CUS-DNA-00010483,0
CUS-DNA-00010500,1
CUS-DNA-00010505,1
CUS-DNA-00010506,1
CUS-DNA-00010510,0
CUS-DNA-00010512,1
CUS-DNA-00010538,0
CUS-DNA-00010544,1
CUS-DNA-00010555,0
CUS-DNA-00010559,1
CUS-DNA-00010563,0
CUS-DNA-00010577,1
CUS-DNA-00010581,0
CUS-DNA-00010592,0
CUS-DNA-00010595,1
CUS-DNA-00010602,0
CUS-DNA-00010604,0
CUS-DNA-00010610,0
CUS-DNA-00010620,0
CUS-DNA-00010643,1
CUS-DNA-00010658,0
CUS-DNA-00010664,1
CUS-DNA-00010672,1
CUS-DNA-00010674,0
CUS-DNA-00010678,1
CUS-DNA-00010695,1
CUS-DNA-00010701,1
CUS-DNA-00010718,0
CUS-DNA-00010729,0
CUS-DNA-00010742,1
CUS-DNA-00010745,0
CUS-DNA-00010769,1
CUS-DNA-00010770,0
CUS-DNA-00010831,0
CUS-DNA-00010841,1
CUS-DNA-00010844,0
CUS-DNA-00010849,0
CUS-DNA-00010862,0
CUS-DNA-00010880,1
CUS-DNA-00010883,1
CUS-DNA-00010898,0
CUS-DNA-00010909,0
CUS-DNA-00010919,1
CUS-DNA-00010932,0
CUS-DNA-00010937,1
CUS-DNA-00010954,0
CUS-DNA-00010998,0
CUS-DNA-00011001,1
CUS-DNA-00011007,0
CUS-DNA-00011024,0
CUS-DNA-00011046,0
CUS-DNA-00011080,0
CUS-DNA-00011107,0
CUS-DNA-00011130,0
CUS-DNA-00011135,1
CUS-DNA-00011154,0
CUS-DNA-00011170,1
CUS-DNA-00011173,0
CUS-DNA-00011212,0
CUS-DNA-00011220,0
CUS-DNA-00011238,0
CUS-DNA-00011241,0
CUS-DNA-00011252,0
CUS-DNA-00011305,1
CUS-DNA-00011368,0
CUS-DNA-00011401,1
CUS-DNA-00011417,0
CUS-DNA-00011439,1
CUS-DNA-00011447,1
CUS-DNA-00011470,1
CUS-DNA-00011479,1
CUS-DNA-00011526,1
CUS-DNA-00011529,1
CUS-DNA-00011539,0
CUS-DNA-00011540,0
CUS-DNA-00011575,0
CUS-DNA-00011582,1
CUS-DNA-00011587,0
CUS-DNA-00011614,0
CUS-DNA-00011621,0
CUS-DNA-00011637,1
CUS-DNA-00011661,0
CUS-DNA-00011674,0
CUS-DNA-00011702,1
CUS-DNA-00011738,0
CUS-DNA-00011750,0
CUS-DNA-00011768,0
CUS-DNA-00011789,1
CUS-DNA-00011801,0
CUS-DNA-00011821,0
CUS-DNA-00011823,1
CUS-DNA-00011847,1
CUS-DNA-00011864,0
CUS-DNA-00011868,0
CUS-DNA-00011877,1
CUS-DNA-00011889,1
CUS-DNA-00011894,1
CUS-DNA-00011917,0
CUS-DNA-00011924,0
CUS-DNA-00011931,0
CUS-DNA-00011957,1
CUS-DNA-00011959,0
CUS-DNA-00011963,1
CUS-DNA-00011971,1
CUS-DNA-00011996,0
CUS-HAN-00000002,0
CUS-HAN-00000011,0
CUS-HAN-00000015,0
CUS-HAN-00000022,0
CUS-HAN-00000033,1
CUS-HAN-00000034,0
CUS-HAN-00000041,1
CUS-HAN-00000044,1
CUS-HAN-00000047,0
CUS-HAN-00000048,1
CUS-HAN-00000068,0
CUS-HAN-00000070,0
CUS-HAN-00000072,0
CUS-HAN-00000076,1
CUS-HAN-00000077,0
CUS-HAN-00000082,0
CUS-HAN-00000093,1
CUS-HAN-00000094,0
CUS-HAN-00000095,1
CUS-HAN-00000097,1
CUS-HAN-00000107,0
CUS-HAN-00000108,0
CUS-HAN-00000113,0
CUS-HAN-00000119,0
CUS-HAN-00000124,0
CUS-HAN-00000127,1
CUS-HAN-00000134,0
CUS-HAN-00000147,1
CUS-HAN-00000149,0
CUS-HAN-00000157,0
CUS-HAN-00000166,1
CUS-HAN-00000169,1
CUS-HAN-00000171,1
CUS-HAN-00000177,0
CUS-HAN-00000184,1
CUS-HAN-00000187,0
CUS-HAN-00000200,0
CUS-HAN-00000220,1
CUS-HAN-00000221,0
CUS-HAN-00000225,0
CUS-HAN-00000232,0
CUS-HAN-00000248,1
CUS-HAN-00000249,0
CUS-HAN-00000250,1
CUS-HAN-00000263,0
CUS-HAN-00000267,1
CUS-HAN-00000276,0
CUS-HAN-00000277,0
CUS-HAN-00000286,0
CUS-HAN-00000288,0
CUS-HAN-00000307,1
CUS-HAN-00000312,0
CUS-HAN-00000314,0
CUS-HAN-00000315,0
CUS-HAN-00000316,0
CUS-HAN-00000317,0
CUS-HAN-00000319,1
CUS-HAN-00000323,0
CUS-HAN-00000330,1
CUS-HAN-00000366,1
CUS-HAN-00000369,1
CUS-HAN-00000372,0
CUS-HAN-00000373,0
CUS-HAN-00000374,1
CUS-HAN-00000378,1
CUS-HAN-00000379,0
CUS-HAN-00000385,0
CUS-HAN-00000398,1
CUS-HAN-00000400,0
CUS-HAN-00000401,0
CUS-HAN-00000407,1
CUS-HAN-00000445,1
CUS-HAN-00000464,1
CUS-HAN-00000471,1
CUS-HAN-00000475,0
CUS-HAN-00000476,0
CUS-HAN-00000477,1
CUS-HAN-00000480,0
CUS-HAN-00000481,1
CUS-HAN-00000484,0
CUS-HAN-00000486,1
CUS-HAN-00000494,0
CUS-HAN-00000497,0
CUS-HAN-00000499,1
CUS-HAN-00000507,0
CUS-HAN-00000514,0
CUS-HAN-00000515,0
CUS-HAN-00000517,1
CUS-HAN-00000522,1
CUS-HAN-00000526,0
CUS-HAN-00000530,0
CUS-HAN-00000533,1
CUS-HAN-00000546,0
CUS-HAN-00000547,0
CUS-HAN-00000550,1
CUS-HAN-00000557,1
CUS-HAN-00000569,0
CUS-HAN-00000571,0
CUS-HAN-00000580,0
CUS-HAN-00000584,1
CUS-HAN-00000588,1
CUS-HAN-00000592,0
CUS-HAN-00000593,0
CUS-HAN-00000596,1
CUS-HAN-00000610,1
CUS-HAN-00000615,1
CUS-HAN-00000618,0
CUS-HAN-00000626,0
CUS-HAN-00000634,0
CUS-HAN-00000651,0
CUS-HAN-00000656,1
CUS-HAN-00000658,0
CUS-HAN-00000660,0
CUS-HAN-00000661,0
CUS-HAN-00000665,1
CUS-HAN-00000669,0
CUS-HAN-00000670,0
CUS-HAN-00000676,1
CUS-HAN-00000680,0
CUS-HAN-00000686,0
CUS-HAN-00000687,0
CUS-HAN-00000691,1
CUS-HAN-00000694,1
CUS-HAN-00000700,1
CUS-HAN-00000702,0
CUS-HAN-00000705,0
CUS-HAN-00000709,1
CUS-HAN-00000722,0
CUS-HAN-00000731,0
CUS-HAN-00000734,1
CUS-HAN-00000738,0
CUS-HAN-00000739,0
CUS-HAN-00000740,1
CUS-HAN-00000747,0
CUS-HAN-00000748,1
CUS-HAN-00000752,0
CUS-HAN-00000757,1
CUS-HAN-00000786,1
CUS-HAN-00000788,0
CUS-HAN-00000792,0
CUS-HAN-00000793,0
CUS-HAN-00000796,1
CUS-HAN-00000802,1
CUS-HAN-00000820,1
CUS-HAN-00000823,0
CUS-HAN-00000833,0
CUS-HAN-00000839,1
CUS-HAN-00000844,0
CUS-HAN-00000847,1
CUS-HAN-00000859,0
CUS-HAN-00000874,0
CUS-HAN-00000877,1
CUS-HAN-00000878,0
CUS-HAN-00000881,1
CUS-HAN-00000886,0
CUS-HAN-00000887,0
CUS-HAN-00000891,0
CUS-HAN-00000897,1
CUS-HAN-00000910,0
CUS-HAN-00000919,0
CUS-HAN-00000931,1
CUS-HAN-00000932,0
CUS-HAN-00000933,0
CUS-HAN-00000944,0
CUS-HAN-00000945,0
CUS-HAN-00000950,0
CUS-HAN-00000962,0
CUS-HAN-00000975,1
CUS-HAN-00000978,1
CUS-HAN-00000987,1
CUS-HAN-00000989,0
CUS-HAN-00000996,0
CUS-HAN-00001000,1
CUS-HAN-00001006,0
CUS-HAN-00001008,1
CUS-HAN-00001015,1
CUS-HAN-00001020,0
CUS-HAN-00001026,1
CUS-HAN-00001028,1
CUS-HAN-00001030,0
CUS-HAN-00001035,1
CUS-HAN-00001037,0
CUS-HAN-00001038,0
CUS-HAN-00001039,1
CUS-HAN-00001046,0
CUS-HAN-00001053,0
CUS-HAN-00001055,1
CUS-HAN-00001065,1
CUS-HAN-00001067,1
CUS-HAN-00001070,0
CUS-HAN-00001073,1
CUS-HAN-00001076,0
CUS-HAN-00001080,0
CUS-HAN-00001093,0
CUS-HAN-00001096,1
CUS-HAN-00001102,0
CUS-HAN-00001108,1
CUS-HAN-00001112,0
CUS-HAN-00001119,1
CUS-HAN-00001125,0
CUS-HAN-00001136,1
CUS-HAN-00001138,1
CUS-HAN-00001141,0
CUS-HAN-00001145,0
CUS-HAN-00001146,1
CUS-HAN-00001159,0
CUS-HAN-00001171,0
CUS-HAN-00001178,1
CUS-HAN-00001187,1
CUS-HAN-00001191,0
CUS-HAN-00001192,0
CUS-HAN-00001199,0
CUS-HAN-00001210,0
CUS-HAN-00001214,1
CUS-HAN-00001215,1
CUS-HAN-00001217,1
CUS-HAN-00001238,0
CUS-HAN-00001242,1
CUS-HAN-00001243,0
CUS-HAN-00001245,0
CUS-HAN-00001262,0
CUS-HAN-00001263,1
CUS-HAN-00001272,1
CUS-HAN-00001273,0
CUS-HAN-00001276,1
CUS-HAN-00001281,1
CUS-HAN-00001282,0
CUS-HAN-00001283,1
CUS-HAN-00001287,0
CUS-HAN-00001288,1
CUS-HAN-00001294,0
CUS-HAN-00001295,1
CUS-HAN-00001296,1
CUS-HAN-00001300,1
CUS-HAN-00001311,0
CUS-HAN-00001325,0
CUS-HAN-00001327,0
CUS-HAN-00001329,1
CUS-HAN-00001340,0
CUS-HAN-00001347,1
CUS-HAN-00001348,0
CUS-HAN-00001349,0
CUS-HAN-00001353,1
CUS-HAN-00001354,1
CUS-HAN-00001362,1
CUS-HAN-00001370,0
CUS-HAN-00001373,1
CUS-HAN-00001380,0
CUS-HAN-00001381,1
CUS-HAN-00001388,0
CUS-HAN-00001400,0
CUS-HAN-00001401,1
CUS-HAN-00001404,1
CUS-HAN-00001406,1
CUS-HAN-00001424,1
CUS-HAN-00001425,0
CUS-HAN-00001426,1
CUS-HAN-00001430,0
CUS-HAN-00001455,0
CUS-HAN-00001458,1
CUS-HAN-00001460,1
CUS-HAN-00001464,0
CUS-HAN-00001467,0
CUS-HAN-00001477,0
CUS-HAN-00001481,1
CUS-HAN-00001495,0
CUS-HAN-00001499,1
CUS-HAN-00001503,1
CUS-HAN-00001504,1
CUS-HAN-00001516,0
CUS-HAN-00001521,0
CUS-HAN-00001527,0
CUS-HAN-00001530,0
CUS-HAN-00001531,1
CUS-HAN-00001540,1
CUS-HAN-00001543,0
CUS-HAN-00001546,0
CUS-HAN-00001549,0
CUS-HAN-00001550,0
CUS-HAN-00001552,1
CUS-HAN-00001553,0
CUS-HAN-00001554,0
CUS-HAN-00001571,0
CUS-HAN-00001582,0
CUS-HAN-00001583,1
CUS-HAN-00001587,1
CUS-HAN-00001589,1
CUS-HAN-00001594,1
CUS-HAN-00001606,0
CUS-HAN-00001609,0
CUS-HAN-00001610,0
CUS-HAN-00001614,1
CUS-HAN-00001625,1
CUS-HAN-00001627,0
CUS-HAN-00001630,1
CUS-HAN-00001636,0
CUS-HAN-00001637,0
CUS-HAN-00001647,1
CUS-HAN-00001652,0
CUS-HAN-00001656,0
CUS-HAN-00001659,1
CUS-HAN-00001671,0
CUS-HAN-00001678,1
CUS-HAN-00001684,0
CUS-HAN-00001690,1
CUS-HAN-00001703,1
CUS-HAN-00001708,1
CUS-HAN-00001710,0
CUS-HAN-00001712,1
CUS-HAN-00001715,0
CUS-HAN-00001717,0
CUS-HAN-00001727,1
CUS-HAN-00001730,0
CUS-HAN-00001750,1
CUS-HAN-00001755,0
CUS-HAN-00001761,1
CUS-HAN-00001778,0
CUS-HAN-00001779,0
CUS-HAN-00001787,0
CUS-HAN-00001792,0
CUS-HAN-00001796,0
CUS-HAN-00001798,1
CUS-HAN-00001808,0
CUS-HAN-00001809,0
CUS-HAN-00001812,0
CUS-HAN-00001838,0
CUS-HAN-00001847,0
CUS-HAN-00001849,0
CUS-HAN-00001858,1
CUS-HAN-00001871,1
CUS-HAN-00001872,0
CUS-HAN-00001878,0
CUS-HAN-00001883,1
CUS-HAN-00001885,1
CUS-HAN-00001886,1
CUS-HAN-00001890,0
CUS-HAN-00001895,0
CUS-HAN-00001898,0
CUS-HAN-00001906,0
CUS-HAN-00001907,1
CUS-HAN-00001922,0
CUS-HAN-00001924,0
CUS-HAN-00001927,1
CUS-HAN-00001930,0
CUS-HAN-00001943,0
CUS-HAN-00001962,0
CUS-HAN-00001971,1
CUS-HAN-00001974,0
CUS-HAN-00001982,1
CUS-HAN-00001993,1
CUS-HAN-00001997,1
CUS-HAN-00001998,1
CUS-HAN-00002002,0
CUS-HAN-00002012,1
CUS-HAN-00002014,0
CUS-HAN-00002015,1
CUS-HAN-00002017,1
CUS-HAN-00002020,1
CUS-HAN-00002026,0
CUS-HAN-00002028,0
CUS-HAN-00002033,0
CUS-HAN-00002034,1
CUS-HAN-00002041,1
CUS-HAN-00002047,0
CUS-HAN-00002050,1
CUS-HAN-00002055,1
CUS-HAN-00002065,0
CUS-HAN-00002072,0
CUS-HAN-00002073,0
CUS-HAN-00002075,1
CUS-HAN-00002079,1
CUS-HAN-00002081,1
CUS-HAN-00002087,1
CUS-HAN-00002088,0
CUS-HAN-00002091,1
CUS-HAN-00002096,0
CUS-HAN-00002109,0
CUS-HAN-00002121,0
CUS-HAN-00002123,1
CUS-HAN-00002125,0
CUS-HAN-00002126,0
CUS-HAN-00002127,1
CUS-HAN-00002128,0
CUS-HAN-00002137,0
CUS-HAN-00002142,0
CUS-HAN-00002145,1
CUS-HAN-00002158,0
CUS-HAN-00002159,0
CUS-HAN-00002161,1
CUS-HAN-00002163,1
CUS-HAN-00002164,0
CUS-HAN-00002166,1
CUS-HAN-00002168,0
CUS-HAN-00002169,0
CUS-HAN-00002171,1
CUS-HAN-00002175,0
CUS-HAN-00002177,0
CUS-HAN-00002205,0
CUS-HAN-00002208,0
CUS-HAN-00002220,0
CUS-HAN-00002221,1
CUS-HAN-00002223,0
CUS-HAN-00002231,0
CUS-HAN-00002238,1
CUS-HAN-00002239,0
CUS-HAN-00002241,1
CUS-HAN-00002243,0
CUS-HAN-00002245,1
CUS-HAN-00002249,0
CUS-HAN-00002250,0
CUS-HAN-00002253,0
CUS-HAN-00002260,0
CUS-HAN-00002281,0
CUS-HAN-00002283,1
CUS-HAN-00002290,0
CUS-HAN-00002294,0
CUS-HAN-00002295,1
CUS-HAN-00002305,0
CUS-HAN-00002306,0
CUS-HAN-00002308,1
CUS-HAN-00002313,0
CUS-HAN-00002315,0
CUS-HAN-00002316,1
CUS-HAN-00002323,1
CUS-HAN-00002332,0
CUS-HAN-00002335,0
CUS-HAN-00002338,1
CUS-HAN-00002344,0
CUS-HAN-00002355,1
CUS-HAN-00002368,0
CUS-HAN-00002369,1
CUS-HAN-00002372,0
CUS-HAN-00002373,0
CUS-HAN-00002375,0
CUS-HAN-00002393,1
CUS-HAN-00002408,1
CUS-HAN-00002409,1
CUS-HAN-00002413,0
CUS-HAN-00002434,1
CUS-HAN-00002439,1
CUS-HAN-00002448,1
CUS-HAN-00002459,1
CUS-HAN-00002470,1
CUS-HAN-00002471,1
CUS-HAN-00002475,0
CUS-HAN-00002479,1
CUS-HAN-00002484,0
CUS-HAN-00002486,1
CUS-HAN-00002492,0
CUS-HAN-00002505,1
CUS-HAN-00002512,0
CUS-HAN-00002523,0
CUS-HAN-00002538,0
CUS-HAN-00002542,0
CUS-HAN-00002543,0
CUS-HAN-00002546,1
CUS-HAN-00002549,0
CUS-HAN-00002550,1
CUS-HAN-00002555,0
CUS-HAN-00002566,1
CUS-HAN-00002586,1
CUS-HAN-00002587,0
CUS-HAN-00002590,1
CUS-HAN-00002595,0
CUS-HAN-00002598,0
CUS-HAN-00002601,0
CUS-HAN-00002610,1
CUS-HAN-00002615,0
CUS-HAN-00002626,1
CUS-HAN-00002628,0
CUS-HAN-00002629,0
CUS-HAN-00002636,0
CUS-HAN-00002645,0
CUS-HAN-00002652,0
CUS-HAN-00002657,0
CUS-HAN-00002662,1
CUS-HAN-00002663,0
CUS-HAN-00002672,1
CUS-HAN-00002673,0
CUS-HAN-00002680,1
CUS-HAN-00002685,0
CUS-HAN-00002692,0
CUS-HAN-00002699,0
CUS-HAN-00002703,1
CUS-HAN-00002723,0
CUS-HAN-00002724,0
CUS-HAN-00002729,1
CUS-HAN-00002732,0
CUS-HAN-00002734,0
CUS-HAN-00002735,0
CUS-HAN-00002745,1
CUS-HAN-00002764,0
CUS-HAN-00002767,0
CUS-HAN-00002776,0
CUS-HAN-00002784,0
CUS-HAN-00002790,1
CUS-HAN-00002798,0
CUS-HAN-00002807,0
CUS-HAN-00002817,0
CUS-HAN-00002819,0
CUS-HAN-00002821,1
CUS-HAN-00002838,1
CUS-HAN-00002839,1
CUS-HAN-00002842,0
CUS-HAN-00002843,0
CUS-HAN-00002850,0
CUS-HAN-00002851,0
CUS-HAN-00002852,1
CUS-HAN-00002854,0
CUS-HAN-00002858,1
CUS-HAN-00002861,0
CUS-HAN-00002863,0
CUS-HAN-00002865,0
CUS-HAN-00002867,1
CUS-HAN-00002877,0
CUS-HAN-00002878,1
CUS-HAN-00002884,0
CUS-HAN-00002900,0
CUS-HAN-00002901,0
CUS-HAN-00002905,1
CUS-HAN-00002929,0
CUS-HAN-00002937,0
CUS-HAN-00002945,0
CUS-HAN-00002946,0
CUS-HAN-00002947,0
CUS-HAN-00002956,0
CUS-HAN-00002967,1
CUS-HAN-00002968,0
CUS-HAN-00002982,1
CUS-HAN-00002993,0
CUS-HAN-00003011,0
CUS-HAN-00003015,1
CUS-HAN-00003019,1
CUS-HAN-00003021,0
CUS-HAN-00003025,0
CUS-HAN-00003030,0
CUS-HAN-00003041,0
CUS-HAN-00003044,0
CUS-HAN-00003062,0
CUS-HAN-00003065,1
CUS-HAN-00003066,0
CUS-HAN-00003067,0
CUS-HAN-00003070,0
CUS-HAN-00003077,0
CUS-HAN-00003086,0
CUS-HAN-00003098,1
CUS-HAN-00003107,0
CUS-HAN-00003111,1
CUS-HAN-00003119,1
CUS-HAN-00003120,1
CUS-HAN-00003122,1
CUS-HAN-00003123,0
CUS-HAN-00003131,0
CUS-HAN-00003140,0
CUS-HAN-00003141,0
CUS-HAN-00003153,0
CUS-HAN-00003156,0
CUS-HAN-00003160,0
CUS-HAN-00003178,1
CUS-HAN-00003190,1
CUS-HAN-00003196,0
CUS-HAN-00003206,1
CUS-HAN-00003211,0
CUS-HAN-00003217,1
CUS-HAN-00003219,0
CUS-HAN-00003220,1
CUS-HAN-00003221,1
CUS-HAN-00003231,0
CUS-HAN-00003238,1
CUS-HAN-00003239,0
CUS-HAN-00003240,1
CUS-HAN-00003244,1
CUS-HAN-00003247,0
CUS-HAN-00003253,0
CUS-HAN-00003258,0
CUS-HAN-00003265,0
CUS-HAN-00003279,0
CUS-HAN-00003283,0
CUS-HAN-00003288,0
CUS-HAN-00003290,1
CUS-HAN-00003291,0
CUS-HAN-00003302,0
CUS-HAN-00003315,1
CUS-HAN-00003320,1
CUS-HAN-00003322,1
CUS-HAN-00003327,1
CUS-HAN-00003332,1
CUS-HAN-00003335,0
CUS-HAN-00003336,0
CUS-HAN-00003339,1
CUS-HAN-00003341,0
CUS-HAN-00003350,0
CUS-HAN-00003354,0
CUS-HAN-00003356,0
CUS-HAN-00003361,1
CUS-HAN-00003362,0
CUS-HAN-00003365,1
CUS-HAN-00003366,0
CUS-HAN-00003370,1
CUS-HAN-00003376,0
CUS-HAN-00003381,1
CUS-HAN-00003389,1
CUS-HAN-00003415,0
CUS-HAN-00003422,0
CUS-HAN-00003424,0
CUS-HAN-00003437,0
CUS-HAN-00003438,0
CUS-HAN-00003444,0
CUS-HAN-00003446,0
CUS-HAN-00003449,1
CUS-HAN-00003464,0
CUS-HAN-00003468,0
CUS-HAN-00003469,0
CUS-HAN-00003471,0
CUS-HAN-00003472,0
CUS-HAN-00003474,0
CUS-HAN-00003476,1
CUS-HAN-00003481,0
CUS-HAN-00003499,1
CUS-HAN-00003501,0
CUS-HAN-00003510,0
CUS-HAN-00003524,1
CUS-HAN-00003526,0
CUS-HAN-00003540,0
CUS-HAN-00003545,0
CUS-HAN-00003553,1
CUS-HAN-00003555,0
CUS-HAN-00003570,0
CUS-HAN-00003573,0
CUS-HAN-00003574,1
CUS-HAN-00003575,1
CUS-HAN-00003576,1
CUS-HAN-00003583,0
CUS-HAN-00003587,0
CUS-HAN-00003590,1
CUS-HAN-00003592,0
CUS-HAN-00003600,0
CUS-HAN-00003601,1
CUS-HAN-00003612,1
CUS-HAN-00003617,1
CUS-HAN-00003619,1
CUS-HAN-00003622,1
CUS-HAN-00003634,1
CUS-HAN-00003641,0
CUS-HAN-00003647,1
CUS-HAN-00003648,0
CUS-HAN-00003651,1
CUS-HAN-00003653,0
CUS-HAN-00003655,1
CUS-HAN-00003658,1
CUS-HAN-00003666,1
CUS-HAN-00003669,1
CUS-HAN-00003671,0
CUS-HAN-00003673,0
CUS-HAN-00003674,0
CUS-HAN-00003677,1
CUS-HAN-00003679,1
CUS-HAN-00003683,0
CUS-HAN-00003687,1
CUS-HAN-00003690,0
CUS-HAN-00003696,1
CUS-HAN-00003697,1
CUS-HAN-00003700,0
CUS-HAN-00003707,0
CUS-HAN-00003709,0
CUS-HAN-00003724,0
CUS-HAN-00003740,1
CUS-HAN-00003749,0
CUS-HAN-00003756,1
CUS-HAN-00003758,1
CUS-HAN-00003762,0
CUS-HAN-00003768,0
CUS-HAN-00003789,1
CUS-HAN-00003792,0
CUS-HAN-00003799,0
CUS-HAN-00003800,0
CUS-HAN-00003803,1
CUS-HAN-00003815,0
CUS-HAN-00003816,1
CUS-HAN-00003817,1
CUS-HAN-00003818,0
CUS-HAN-00003827,1
CUS-HAN-00003828,1
CUS-HAN-00003833,1
CUS-HAN-00003835,1
CUS-HAN-00003836,0
CUS-HAN-00003840,1
CUS-HAN-00003850,0
CUS-HAN-00003851,1
CUS-HAN-00003852,1
CUS-HAN-00003853,0
CUS-HAN-00003854,0
CUS-HAN-00003858,0
CUS-HAN-00003864,0
CUS-HAN-00003866,1
CUS-HAN-00003871,1
CUS-HAN-00003876,0
CUS-HAN-00003880,0
CUS-HAN-00003897,1
CUS-HAN-00003898,1
CUS-HAN-00003905,1
CUS-HAN-00003914,1
CUS-HAN-00003915,0
CUS-HAN-00003916,1
CUS-HAN-00003920,1
CUS-HAN-00003923,0
CUS-HAN-00003937,0
CUS-HAN-00003950,1
CUS-HAN-00003951,1
CUS-HAN-00003960,0
CUS-HAN-00003961,1
CUS-HAN-00003964,1
CUS-HAN-00003965,0
CUS-HAN-00003982,0
CUS-HAN-00003985,0
CUS-HAN-00003992,0
CUS-HAN-00003994,0
CUS-HAN-00003999,0
CUS-HAN-00004002,1
CUS-HAN-00004023,1
CUS-HAN-00004032,0
CUS-HAN-00004036,1
CUS-HAN-00004037,0
CUS-HAN-00004039,1
CUS-HAN-00004041,0
CUS-HAN-00004049,1
CUS-HAN-00004054,0
CUS-HAN-00004057,0
CUS-HAN-00004059,0
CUS-HAN-00004067,0
CUS-HAN-00004071,0
CUS-HAN-00004073,0
CUS-HAN-00004076,1
CUS-HAN-00004081,0
CUS-HAN-00004082,0
CUS-HAN-00004084,0
CUS-HAN-00004096,0
CUS-HAN-00004101,0
CUS-HAN-00004104,0
CUS-HAN-00004111,0
CUS-HAN-00004119,0
CUS-HAN-00004124,1
CUS-HAN-00004133,1
CUS-HAN-00004141,0
CUS-HAN-00004144,0
CUS-HAN-00004149,1
CUS-HAN-00004150,1
CUS-HAN-00004153,1
CUS-HAN-00004162,1
CUS-HAN-00004164,0
CUS-HAN-00004168,0
CUS-HAN-00004174,1
CUS-HAN-00004195,0
CUS-HAN-00004209,1
CUS-HAN-00004212,0
CUS-HAN-00004213,0
CUS-HAN-00004223,1
CUS-HAN-00004237,0
CUS-HAN-00004251,1
CUS-HAN-00004260,0
CUS-HAN-00004263,0
CUS-HAN-00004267,0
CUS-HAN-00004277,1
CUS-HAN-00004279,0
CUS-HAN-00004282,0
CUS-HAN-00004296,1
CUS-HAN-00004297,1
CUS-HAN-00004304,1
CUS-HAN-00004308,1
CUS-HAN-00004320,1
CUS-HAN-00004358,1
CUS-HAN-00004370,1
CUS-HAN-00004371,1
CUS-HAN-00004382,1
CUS-HAN-00004387,1
CUS-HAN-00004395,0
CUS-HAN-00004396,1
CUS-HAN-00004404,0
CUS-HAN-00004408,0
CUS-HAN-00004411,1
CUS-HAN-00004421,1
CUS-HAN-00004426,0
CUS-HAN-00004431,0
CUS-HAN-00004434,0
CUS-HAN-00004439,1
CUS-HAN-00004440,1
CUS-HAN-00004442,0
CUS-HAN-00004447,1
CUS-HAN-00004456,1
CUS-HAN-00004461,0
CUS-HAN-00004462,1
CUS-HAN-00004463,0
CUS-HAN-00004472,0
CUS-HAN-00004486,0
CUS-HAN-00004489,0
CUS-HAN-00004495,0
CUS-HAN-00004496,1
CUS-HAN-00004506,0
CUS-HAN-00004507,1
CUS-HAN-00004510,1
CUS-HAN-00004516,1
CUS-HAN-00004517,0
CUS-HAN-00004518,1
CUS-HAN-00004522,1
CUS-HAN-00004532,0
CUS-HAN-00004540,1
CUS-HAN-00004545,1
CUS-HAN-00004546,0
CUS-HAN-00004550,0
CUS-HAN-00004563,0
CUS-HAN-00004571,0
CUS-HAN-00004574,1
CUS-HAN-00004597,1
CUS-HAN-00004599,1
CUS-HAN-00004600,0
CUS-HAN-00004606,0
CUS-HAN-00004612,0
CUS-HAN-00004615,1
CUS-HAN-00004616,0
CUS-HAN-00004619,1
CUS-HAN-00004628,0
CUS-HAN-00004631,1
CUS-HAN-00004632,1
CUS-HAN-00004633,1
CUS-HAN-00004634,1
CUS-HAN-00004637,0
CUS-HAN-00004645,0
CUS-HAN-00004649,1
CUS-HAN-00004655,1
CUS-HAN-00004666,0
CUS-HAN-00004668,0
CUS-HAN-00004670,1
CUS-HAN-00004672,0
CUS-HAN-00004674,1
CUS-HAN-00004686,0
CUS-HAN-00004687,1
CUS-HAN-00004695,0
CUS-HAN-00004697,0
CUS-HAN-00004702,0
CUS-HAN-00004703,0
CUS-HAN-00004704,0
CUS-HAN-00004706,1
CUS-HAN-00004708,0
CUS-HAN-00004710,1
CUS-HAN-00004717,1
CUS-HAN-00004721,1
CUS-HAN-00004726,0
CUS-HAN-00004730,1
CUS-HAN-00004731,1
CUS-HAN-00004733,0
CUS-HAN-00004744,0
CUS-HAN-00004747,0
CUS-HAN-00004753,1
CUS-HAN-00004757,0
CUS-HAN-00004765,0
CUS-HAN-00004766,0
CUS-HAN-00004772,0
CUS-HAN-00004774,0
CUS-HAN-00004777,0
CUS-HAN-00004779,1
CUS-HAN-00004781,0
CUS-HAN-00004787,0
CUS-HAN-00004793,1
CUS-HAN-00004795,0
CUS-HAN-00004801,1
CUS-HAN-00004807,0
CUS-HAN-00004809,0
CUS-HAN-00004815,0
CUS-HAN-00004822,1
CUS-HAN-00004825,1
CUS-HAN-00004826,1
CUS-HAN-00004828,1
CUS-HAN-00004832,1
CUS-HAN-00004835,1
CUS-HAN-00004842,1
CUS-HAN-00004843,0
CUS-HAN-00004844,0
CUS-HAN-00004845,0
CUS-HAN-00004846,0
CUS-HAN-00004860,1
CUS-HAN-00004863,0
CUS-HAN-00004867,1
CUS-HAN-00004869,1
CUS-HAN-00004871,0
CUS-HAN-00004879,1
CUS-HAN-00004880,0
CUS-HAN-00004884,1
CUS-HAN-00004889,0
CUS-HAN-00004892,1
CUS-HAN-00004893,1
CUS-HAN-00004902,0
CUS-HAN-00004913,0
CUS-HAN-00004915,0
CUS-HAN-00004920,1
CUS-HAN-00004921,0
CUS-HAN-00004923,1
CUS-HAN-00004926,0
CUS-HAN-00004930,0
CUS-HAN-00004937,0
CUS-HAN-00004959,1
CUS-HAN-00004967,0
CUS-HAN-00004968,1
CUS-HAN-00004973,0
CUS-HAN-00004976,1
CUS-HAN-00004983,0
CUS-HAN-00004985,0
CUS-HAN-00004986,1
CUS-HAN-00004994,0
CUS-HAN-00004999,1
CUS-HAN-00005006,0
CUS-HAN-00005010,0
CUS-HAN-00005016,1
CUS-HAN-00005020,0
CUS-HAN-00005027,0
CUS-HAN-00005028,0
CUS-HAN-00005043,1
CUS-HAN-00005044,0
CUS-HAN-00005052,1
CUS-HAN-00005056,1
CUS-HAN-00005063,0
CUS-HAN-00005068,1
CUS-HAN-00005069,0
CUS-HAN-00005071,0
CUS-HAN-00005072,0
CUS-HAN-00005079,0
CUS-HAN-00005083,0
CUS-HAN-00005086,0
CUS-HAN-00005088,0
CUS-HAN-00005090,0
CUS-HAN-00005091,1
CUS-HAN-00005093,1
CUS-HAN-00005094,0
CUS-HAN-00005102,0
CUS-HAN-00005108,0
CUS-HAN-00005122,0
CUS-HAN-00005123,0
CUS-HAN-00005127,0
CUS-HAN-00005131,0
CUS-HAN-00005143,0
CUS-HAN-00005145,0
CUS-HAN-00005150,0
CUS-HAN-00005157,1
CUS-HAN-00005160,1
CUS-HAN-00005164,0
CUS-HAN-00005167,0
CUS-HAN-00005170,0
CUS-HAN-00005182,1
CUS-HAN-00005197,1
CUS-HAN-00005198,1
CUS-HAN-00005215,1
CUS-HAN-00005216,1
CUS-HAN-00005217,1
CUS-HAN-00005219,0
CUS-HAN-00005226,0
CUS-HAN-00005233,0
CUS-HAN-00005234,1
CUS-HAN-00005239,1
CUS-HAN-00005242,0
CUS-HAN-00005243,1
CUS-HAN-00005258,1
CUS-HAN-00005259,0
CUS-HAN-00005265,1
CUS-HAN-00005267,0
CUS-HAN-00005275,1
CUS-HAN-00005282,1
CUS-HAN-00005284,1
CUS-HAN-00005289,0
CUS-HAN-00005291,0
CUS-HAN-00005292,0
CUS-HAN-00005304,0
CUS-HAN-00005308,0
CUS-HAN-00005310,1
CUS-HAN-00005311,0
CUS-HAN-00005313,1
CUS-HAN-00005315,1
CUS-HAN-00005316,0
CUS-HAN-00005319,0
CUS-HAN-00005320,0
CUS-HAN-00005329,0
CUS-HAN-00005330,1
CUS-HAN-00005335,0
CUS-HAN-00005340,0
CUS-HAN-00005341,0
CUS-HAN-00005345,0
CUS-HAN-00005358,0
CUS-HAN-00005359,0
CUS-HAN-00005367,0
CUS-HAN-00005370,1
CUS-HAN-00005392,1
CUS-HAN-00005395,1
CUS-HAN-00005396,1
CUS-HAN-00005397,1
CUS-HAN-00005398,0
CUS-HAN-00005403,1
CUS-HAN-00005407,0
CUS-HAN-00005413,0
CUS-HAN-00005420,1
CUS-HAN-00005421,0
CUS-HAN-00005431,1
CUS-HAN-00005432,1
CUS-HAN-00005434,1
CUS-HAN-00005446,1
CUS-HAN-00005448,1
CUS-HAN-00005450,1
CUS-HAN-00005483,1
CUS-HAN-00005484,1
CUS-HAN-00005489,1
CUS-HAN-00005491,0
CUS-HAN-00005494,0
CUS-HAN-00005498,0
CUS-HAN-00005506,0
CUS-HAN-00005508,1
CUS-HAN-00005514,1
CUS-HAN-00005521,1
CUS-HAN-00005523,1
CUS-HAN-00005525,0
CUS-HAN-00005527,0
CUS-HAN-00005531,0
CUS-HAN-00005534,1
CUS-HAN-00005537,0
CUS-HAN-00005539,1
CUS-HAN-00005546,0
CUS-HAN-00005551,1
CUS-HAN-00005553,0
CUS-HAN-00005557,0
CUS-HAN-00005558,1
CUS-HAN-00005562,0
CUS-HAN-00005575,0
CUS-HAN-00005582,0
CUS-HAN-00005583,0
CUS-HAN-00005588,0
CUS-HAN-00005591,0
CUS-HAN-00005598,1
CUS-HAN-00005609,0
CUS-HAN-00005613,1
CUS-HAN-00005617,0
CUS-HAN-00005621,0
CUS-HAN-00005622,1
CUS-HAN-00005630,1
CUS-HAN-00005631,1
CUS-HAN-00005633,0
CUS-HAN-00005641,1
CUS-HAN-00005644,0
CUS-HAN-00005649,1
CUS-HAN-00005652,0
CUS-HAN-00005654,0
CUS-HAN-00005655,0
CUS-HAN-00005661,1
CUS-HAN-00005673,1
CUS-HAN-00005680,1
CUS-HAN-00005682,0
CUS-HAN-00005685,0
CUS-HAN-00005696,0
CUS-HAN-00005706,1
CUS-HAN-00005728,1
CUS-HAN-00005730,1
CUS-HAN-00005731,1
CUS-HAN-00005740,0
CUS-HAN-00005752,0
CUS-HAN-00005766,1
CUS-HAN-00005767,0
CUS-HAN-00005769,0
CUS-HAN-00005800,1
CUS-HAN-00005801,0
CUS-HAN-00005817,0
CUS-HAN-00005819,0
CUS-HAN-00005820,0
CUS-HAN-00005825,1
CUS-HAN-00005832,0
CUS-HAN-00005833,1
CUS-HAN-00005841,1
CUS-HAN-00005842,1
CUS-HAN-00005843,1
CUS-HAN-00005866,0
CUS-HAN-00005872,0
CUS-HAN-00005880,0
CUS-HAN-00005881,1
CUS-HAN-00005909,0
CUS-HAN-00005914,0
CUS-HAN-00005920,1
CUS-HAN-00005924,0
CUS-HAN-00005933,0
CUS-HAN-00005938,1
CUS-HAN-00005949,0
CUS-HAN-00005951,0
CUS-HAN-00005955,0
CUS-HAN-00005960,0
CUS-HAN-00005964,0
CUS-HAN-00005968,0
CUS-HAN-00005971,0
CUS-HAN-00005978,0
CUS-HAN-00005984,0
CUS-HAN-00005986,0
CUS-HAN-00005988,1
CUS-HAN-00005996,0
CUS-HAN-00006031,0
CUS-HAN-00006038,0
CUS-HAN-00006040,1
CUS-HAN-00006046,1
CUS-HAN-00006047,1
CUS-HAN-00006051,0
CUS-HAN-00006062,1
CUS-HAN-00006064,0
CUS-HAN-00006065,0
CUS-HAN-00006069,1
CUS-HAN-00006078,0
CUS-HAN-00006089,0
CUS-HAN-00006096,1
CUS-HAN-00006105,1
CUS-HAN-00006109,0
CUS-HAN-00006112,1
CUS-HAN-00006115,1
CUS-HAN-00006117,1
CUS-HAN-00006122,1
CUS-HAN-00006124,0
CUS-HAN-00006126,0
CUS-HAN-00006131,0
CUS-HAN-00006135,0
CUS-HAN-00006140,1
CUS-HAN-00006148,1
CUS-HAN-00006153,0
CUS-HAN-00006154,0
CUS-HAN-00006155,1
CUS-HAN-00006163,1
CUS-HAN-00006169,0
CUS-HAN-00006172,0
CUS-HAN-00006173,0
CUS-HAN-00006174,0
CUS-HAN-00006175,1
CUS-HAN-00006178,0
CUS-HAN-00006179,0
CUS-HAN-00006180,0
CUS-HAN-00006196,0
CUS-HAN-00006207,0
CUS-HAN-00006208,0
CUS-HAN-00006213,0
CUS-HAN-00006220,1
CUS-HAN-00006221,0
CUS-HAN-00006228,1
CUS-HAN-00006230,0
CUS-HAN-00006235,1
CUS-HAN-00006237,0
CUS-HAN-00006250,1
CUS-HAN-00006253,0
CUS-HAN-00006254,0
CUS-HAN-00006283,0
CUS-HAN-00006289,1
CUS-HAN-00006299,1
CUS-HAN-00006309,0
CUS-HAN-00006322,0
CUS-HAN-00006329,0
CUS-HAN-00006331,0
CUS-HAN-00006336,1
CUS-HAN-00006337,0
CUS-HAN-00006338,0
CUS-HAN-00006345,0
CUS-HAN-00006354,0
CUS-HAN-00006355,0
CUS-HAN-00006357,1
CUS-HAN-00006361,0
CUS-HAN-00006366,1
CUS-HAN-00006367,1
CUS-HAN-00006375,0
CUS-HAN-00006377,0
CUS-HAN-00006379,0
CUS-HAN-00006387,1
CUS-HAN-00006393,1
CUS-HAN-00006413,0
CUS-HAN-00006417,0
CUS-HAN-00006421,1
CUS-HAN-00006428,1
CUS-HAN-00006431,1
CUS-HAN-00006432,0
CUS-HAN-00006436,0
CUS-HAN-00006438,0
CUS-HAN-00006451,1
CUS-HAN-00006452,1
CUS-HAN-00006454,0
CUS-HAN-00006471,0
CUS-HAN-00006478,0
CUS-HAN-00006480,1
CUS-HAN-00006497,0
CUS-HAN-00006499,0
CUS-HAN-00006502,0
CUS-HAN-00006520,0
CUS-HAN-00006522,1
CUS-HAN-00006525,1
CUS-HAN-00006527,0
CUS-HAN-00006531,0
CUS-HAN-00006535,0
CUS-HAN-00006550,1
CUS-HAN-00006556,0
CUS-HAN-00006562,1
CUS-HAN-00006565,0
CUS-HAN-00006575,0
CUS-HAN-00006577,0
CUS-HAN-00006593,1
CUS-HAN-00006596,0
CUS-HAN-00006600,0
CUS-HAN-00006603,0
CUS-HAN-00006617,1
CUS-HAN-00006622,0
CUS-HAN-00006624,0
CUS-HAN-00006640,0
CUS-HAN-00006644,1
CUS-HAN-00006650,0
CUS-HAN-00006656,0
CUS-HAN-00006660,1
CUS-HAN-00006661,1
CUS-HAN-00006671,0
CUS-HAN-00006672,0
CUS-HAN-00006674,0
CUS-HAN-00006677,0
CUS-HAN-00006686,1
CUS-HAN-00006696,1
CUS-HAN-00006697,0
CUS-HAN-00006713,1
CUS-HAN-00006720,0
CUS-HAN-00006721,0
CUS-HAN-00006722,1
CUS-HAN-00006723,0
CUS-HAN-00006725,1
CUS-HAN-00006726,0
CUS-HAN-00006728,1
CUS-HAN-00006740,0
CUS-HAN-00006742,1
CUS-HAN-00006752,1
CUS-HAN-00006755,1
CUS-HAN-00006759,0
CUS-HAN-00006765,1
CUS-HAN-00006770,0
CUS-HAN-00006771,1
CUS-HAN-00006776,1
CUS-HAN-00006777,0
CUS-HAN-00006779,0
CUS-HAN-00006781,0
CUS-HAN-00006782,1
CUS-HAN-00006791,1
CUS-HAN-00006792,1
CUS-HAN-00006801,0
CUS-HAN-00006804,1
CUS-HAN-00006809,0
CUS-HAN-00006812,0
CUS-HAN-00006813,0
CUS-HAN-00006835,0
CUS-HAN-00006844,0
CUS-HAN-00006848,0
CUS-HAN-00006852,1
CUS-HAN-00006854,0
CUS-HAN-00006856,0
CUS-HAN-00006858,0
CUS-HAN-00006864,0
CUS-HAN-00006866,1
CUS-HAN-00006873,0
CUS-HAN-00006874,1
CUS-HAN-00006878,0
CUS-HAN-00006883,0
CUS-HAN-00006887,0
CUS-HAN-00006892,1
CUS-HAN-00006901,0
CUS-HAN-00006904,0
CUS-HAN-00006910,0
CUS-HAN-00006917,1
CUS-HAN-00006919,1
CUS-HAN-00006923,0
CUS-HAN-00006925,0
CUS-HAN-00006929,1
CUS-HAN-00006940,0
CUS-HAN-00006945,1
CUS-HAN-00006957,1
CUS-HAN-00006959,0
CUS-HAN-00006961,1
CUS-HAN-00006964,0
CUS-HAN-00006972,1
CUS-HAN-00006983,0
CUS-HAN-00006985,0
CUS-HAN-00006998,1
CUS-HAN-00007017,0
CUS-HAN-00007023,0
CUS-HAN-00007047,0
CUS-HAN-00007048,0
CUS-HAN-00007050,0
CUS-HAN-00007053,1
CUS-HAN-00007054,1
CUS-HAN-00007056,0
CUS-HAN-00007060,1
CUS-HAN-00007063,0
CUS-HAN-00007065,1
CUS-HAN-00007069,0
CUS-HAN-00007073,1
CUS-HAN-00007088,1
CUS-HAN-00007090,0
CUS-HAN-00007098,1
CUS-HAN-00007101,1
CUS-HAN-00007105,1
CUS-HAN-00007109,0
CUS-HAN-00007117,1
CUS-HAN-00007121,0
CUS-HAN-00007125,1
CUS-HAN-00007127,0
CUS-HAN-00007130,0
CUS-HAN-00007134,0
CUS-HAN-00007135,0
CUS-HAN-00007141,0
CUS-HAN-00007147,0
CUS-HAN-00007162,1
CUS-HAN-00007166,1
CUS-HAN-00007175,0
CUS-HAN-00007180,1
CUS-HAN-00007182,1
CUS-HAN-00007184,1
CUS-HAN-00007186,0
CUS-HAN-00007188,1
CUS-HAN-00007192,1
CUS-HAN-00007201,0
CUS-HAN-00007202,1
CUS-HAN-00007206,0
CUS-HAN-00007219,0
CUS-HAN-00007228,0
CUS-HAN-00007231,0
CUS-HAN-00007234,1
CUS-HAN-00007237,1
CUS-HAN-00007242,0
CUS-HAN-00007257,0
CUS-HAN-00007267,0
CUS-HAN-00007270,0
CUS-HAN-00007277,1
CUS-HAN-00007291,1
CUS-HAN-00007310,0
CUS-HAN-00007311,0
CUS-HAN-00007312,0
CUS-HAN-00007313,0
CUS-HAN-00007315,0
CUS-HAN-00007320,1
CUS-HAN-00007323,0
CUS-HAN-00007326,0
CUS-HAN-00007328,1
CUS-HAN-00007329,0
CUS-HAN-00007330,0
CUS-HAN-00007333,0
CUS-HAN-00007335,1
CUS-HAN-00007342,0
CUS-HAN-00007345,0
CUS-HAN-00007347,1
CUS-HAN-00007356,1
CUS-HAN-00007359,0
CUS-HAN-00007371,0
CUS-HAN-00007379,0
CUS-HAN-00007380,0
CUS-HAN-00007381,1
CUS-HAN-00007382,1
CUS-HAN-00007397,0
CUS-HAN-00007398,0
CUS-HAN-00007403,0
CUS-HAN-00007423,0
CUS-HAN-00007436,0
CUS-HAN-00007438,1
CUS-HAN-00007448,0
CUS-HAN-00007452,0
CUS-HAN-00007453,0
CUS-HAN-00007473,0
CUS-HAN-00007475,0
CUS-HAN-00007478,1
CUS-HAN-00007479,1
CUS-HAN-00007485,1
CUS-HAN-00007497,0
CUS-HAN-00007504,0
CUS-HAN-00007519,1
CUS-HAN-00007522,0
CUS-HAN-00007529,1
CUS-HAN-00007533,1
CUS-HAN-00007535,1
CUS-HAN-00007542,0
CUS-HAN-00007546,1
CUS-HAN-00007553,0
CUS-HAN-00007557,1
CUS-HAN-00007558,1
CUS-HAN-00007562,1
CUS-HAN-00007564,1
CUS-HAN-00007565,0
CUS-HAN-00007574,1
CUS-HAN-00007580,1
CUS-HAN-00007586,0
CUS-HAN-00007590,1
CUS-HAN-00007591,0
CUS-HAN-00007597,1
CUS-HAN-00007599,0
CUS-HAN-00007609,1
CUS-HAN-00007614,1
CUS-HAN-00007615,1
CUS-HAN-00007617,1
CUS-HAN-00007621,0
CUS-HAN-00007625,0
CUS-HAN-00007640,0
CUS-HAN-00007643,0
CUS-HAN-00007648,1
CUS-HAN-00007649,0
CUS-HAN-00007661,0
CUS-HAN-00007668,0
CUS-HAN-00007674,1
CUS-HAN-00007689,1
CUS-HAN-00007690,1
CUS-HAN-00007692,0
CUS-HAN-00007693,0
CUS-HAN-00007697,0
CUS-HAN-00007705,0
CUS-HAN-00007709,0
CUS-HAN-00007711,1
CUS-HAN-00007713,0
CUS-HAN-00007715,0
CUS-HAN-00007720,1
CUS-HAN-00007724,1
CUS-HAN-00007726,0
CUS-HAN-00007732,0
CUS-HAN-00007733,1
CUS-HAN-00007736,0
CUS-HAN-00007738,0
CUS-HAN-00007740,0
CUS-HAN-00007749,0
CUS-HAN-00007755,1
CUS-HAN-00007759,0
CUS-HAN-00007761,0
CUS-HAN-00007764,1
CUS-HAN-00007768,1
CUS-HAN-00007776,1
CUS-HAN-00007782,1
CUS-HAN-00007785,0
CUS-HAN-00007794,0
CUS-HAN-00007799,0
CUS-HAN-00007800,0
CUS-HAN-00007803,1
CUS-HAN-00007808,0
CUS-HAN-00007816,1
CUS-HAN-00007823,1
CUS-HAN-00007836,1
CUS-HAN-00007840,1
CUS-HAN-00007846,1
CUS-HAN-00007848,0
CUS-HAN-00007881,0
CUS-HAN-00007883,0
CUS-HAN-00007886,0
CUS-HAN-00007887,0
CUS-HAN-00007895,0
CUS-HAN-00007900,0
CUS-HAN-00007901,1
CUS-HAN-00007910,0
CUS-HAN-00007913,0
CUS-HAN-00007920,0
CUS-HAN-00007922,1
CUS-HAN-00007928,1
CUS-HAN-00007931,0
CUS-HAN-00007936,1
CUS-HAN-00007942,1
CUS-HAN-00007948,1
CUS-HAN-00007949,1
CUS-HAN-00007957,1
CUS-HAN-00007980,0
CUS-HAN-00007981,0
CUS-HAN-00007996,0
CUS-HAN-00008003,0
CUS-HAN-00008014,1
CUS-HAN-00008019,0
CUS-HAN-00008024,0
CUS-HAN-00008027,1
CUS-HAN-00008032,1
CUS-HAN-00008034,0
CUS-HAN-00008037,1
CUS-HAN-00008042,1
CUS-HAN-00008051,1
CUS-HAN-00008058,1
CUS-HAN-00008068,1
CUS-HAN-00008071,1
CUS-HAN-00008074,1
CUS-HAN-00008091,1
CUS-HAN-00008111,1
CUS-HAN-00008118,0
CUS-HAN-00008119,1
CUS-HAN-00008121,1
CUS-HAN-00008126,0
CUS-HAN-00008127,0
CUS-HAN-00008130,0
CUS-HAN-00008136,0
CUS-HAN-00008140,1
CUS-HAN-00008141,0
CUS-HAN-00008143,0
CUS-HAN-00008144,0
CUS-HAN-00008160,0
CUS-HAN-00008161,1
CUS-HAN-00008165,0
CUS-HAN-00008170,1
CUS-HAN-00008180,1
CUS-HAN-00008185,1
CUS-HAN-00008187,0
CUS-HAN-00008188,1
CUS-HAN-00008199,1
CUS-HAN-00008205,0
CUS-HAN-00008206,1
CUS-HAN-00008207,1
CUS-HAN-00008208,0
CUS-HAN-00008211,0
CUS-HAN-00008219,0
CUS-HAN-00008221,1
CUS-HAN-00008223,0
CUS-HAN-00008240,1
CUS-HAN-00008244,0
CUS-HAN-00008249,0
CUS-HAN-00008251,0
CUS-HAN-00008261,0
CUS-HAN-00008270,0
CUS-HAN-00008276,1
CUS-HAN-00008277,1
CUS-HAN-00008280,1
CUS-HAN-00008283,0
CUS-HAN-00008287,0
CUS-HAN-00008289,1
CUS-HAN-00008296,0
CUS-HAN-00008298,1
CUS-HAN-00008300,1
CUS-HAN-00008302,0
CUS-HAN-00008309,0
CUS-HAN-00008312,0
CUS-HAN-00008314,1
CUS-HAN-00008319,1
CUS-HAN-00008320,0
CUS-HAN-00008339,0
CUS-HAN-00008344,1
CUS-HAN-00008364,0
CUS-HAN-00008369,0
CUS-HAN-00008371,1
CUS-HAN-00008374,0
CUS-HAN-00008379,0
CUS-HAN-00008380,1
CUS-HAN-00008384,1
CUS-HAN-00008386,0
CUS-HAN-00008389,1
CUS-HAN-00008392,0
CUS-HAN-00008393,0
CUS-HAN-00008414,0
CUS-HAN-00008419,0
CUS-HAN-00008421,1
CUS-HAN-00008425,1
CUS-HAN-00008437,1
CUS-HAN-00008442,1
CUS-HAN-00008443,0
CUS-HAN-00008444,0
CUS-HAN-00008447,1
CUS-HAN-00008467,1
CUS-HAN-00008470,0
CUS-HAN-00008471,0
CUS-HAN-00008473,1
CUS-HAN-00008475,0
CUS-HAN-00008478,0
CUS-HAN-00008479,1
CUS-HAN-00008493,0
CUS-HAN-00008506,0
CUS-HAN-00008511,1
CUS-HAN-00008515,0
CUS-HAN-00008522,0
CUS-HAN-00008524,1
CUS-HAN-00008543,1
CUS-HAN-00008545,0
CUS-HAN-00008559,0
CUS-HAN-00008561,0
CUS-HAN-00008565,0
CUS-HAN-00008566,1
CUS-HAN-00008574,1
CUS-HAN-00008582,1
CUS-HAN-00008586,0
CUS-HAN-00008588,1
CUS-HAN-00008599,0
CUS-HAN-00008600,1
CUS-HAN-00008603,0
CUS-HAN-00008606,0
CUS-HAN-00008625,1
CUS-HAN-00008627,0
CUS-HAN-00008629,0
CUS-HAN-00008638,0
CUS-HAN-00008641,0
CUS-HAN-00008644,0
CUS-HAN-00008645,0
CUS-HAN-00008646,0
CUS-HAN-00008651,1
CUS-HAN-00008655,1
CUS-HAN-00008660,0
CUS-HAN-00008661,0
CUS-HAN-00008662,1
CUS-HAN-00008672,0
CUS-HAN-00008692,0
CUS-HAN-00008698,1
CUS-HAN-00008701,0
CUS-HAN-00008704,0
CUS-HAN-00008706,1
CUS-HAN-00008710,0
CUS-HAN-00008728,1
CUS-HAN-00008730,1
CUS-HAN-00008733,1
CUS-HAN-00008736,0
CUS-HAN-00008738,1
CUS-HAN-00008746,0
CUS-HAN-00008752,1
CUS-HAN-00008759,1
CUS-HAN-00008765,1
CUS-HAN-00008766,0
CUS-HAN-00008777,1
CUS-HAN-00008789,0
CUS-HAN-00008793,0
CUS-HAN-00008800,1
CUS-HAN-00008802,0
CUS-HAN-00008816,0
CUS-HAN-00008821,1
CUS-HAN-00008822,0
CUS-HAN-00008835,0
CUS-HAN-00008851,1
CUS-HAN-00008862,0
CUS-HAN-00008868,1
CUS-HAN-00008869,0
CUS-HAN-00008876,1
CUS-HAN-00008895,0
CUS-HAN-00008898,0
CUS-HAN-00008899,1
CUS-HAN-00008904,1
CUS-HAN-00008907,1
CUS-HAN-00008909,0
CUS-HAN-00008911,1
CUS-HAN-00008914,0
CUS-HAN-00008915,1
CUS-HAN-00008921,0
CUS-HAN-00008924,0
CUS-HAN-00008925,0
CUS-HAN-00008929,1
CUS-HAN-00008930,1
CUS-HAN-00008932,0
CUS-HAN-00008939,0
CUS-HAN-00008949,0
CUS-HAN-00008951,1
CUS-HAN-00008953,0
CUS-HAN-00008956,1
CUS-HAN-00008962,0
CUS-HAN-00008965,0
CUS-HAN-00008968,1
CUS-HAN-00008972,0
CUS-HAN-00008975,0
CUS-HAN-00008987,0
CUS-HAN-00008990,0
CUS-HAN-00008994,1
CUS-HAN-00008995,1
CUS-HAN-00009011,0
CUS-HAN-00009014,0
CUS-HAN-00009018,1
CUS-HAN-00009021,0
CUS-HAN-00009031,0
CUS-HAN-00009033,0
CUS-HAN-00009036,0
CUS-HAN-00009039,0
CUS-HAN-00009043,0
CUS-HAN-00009045,0
CUS-HAN-00009048,1
CUS-HAN-00009050,1
CUS-HAN-00009067,0
CUS-HAN-00009070,0
CUS-HAN-00009072,0
CUS-HAN-00009080,1
CUS-HAN-00009082,1
CUS-HAN-00009090,1
CUS-HAN-00009098,1
CUS-HAN-00009101,1
CUS-HAN-00009108,0
CUS-HAN-00009110,0
CUS-HAN-00009112,0
CUS-HAN-00009115,1
CUS-HAN-00009124,0
CUS-HAN-00009129,1
CUS-HAN-00009133,0
CUS-HAN-00009139,1
CUS-HAN-00009141,0
CUS-HAN-00009149,1
CUS-HAN-00009151,1
CUS-HAN-00009152,0
CUS-HAN-00009160,0
CUS-HAN-00009161,1
CUS-HAN-00009166,0
CUS-HAN-00009170,1
CUS-HAN-00009181,0
CUS-HAN-00009183,0
CUS-HAN-00009192,0
CUS-HAN-00009199,0
CUS-HAN-00009203,0
CUS-HAN-00009204,1
CUS-HAN-00009208,0
CUS-HAN-00009212,0
CUS-HAN-00009222,0
CUS-HAN-00009223,0
CUS-HAN-00009230,0
CUS-HAN-00009236,1
CUS-HAN-00009237,1
CUS-HAN-00009241,0
CUS-HAN-00009245,1
CUS-HAN-00009248,0
CUS-HAN-00009252,0
CUS-HAN-00009259,0
CUS-HAN-00009260,0
CUS-HAN-00009279,0
CUS-HAN-00009289,0
CUS-HAN-00009291,0
CUS-HAN-00009296,1
CUS-HAN-00009302,1
CUS-HAN-00009309,0
CUS-HAN-00009318,1
CUS-HAN-00009322,0
CUS-HAN-00009333,0
CUS-HAN-00009337,1
CUS-HAN-00009340,0
CUS-HAN-00009347,0
CUS-HAN-00009353,0
CUS-HAN-00009356,0
CUS-HAN-00009361,0
CUS-HAN-00009362,0
CUS-HAN-00009379,1
CUS-HAN-00009382,0
CUS-HAN-00009411,0
CUS-HAN-00009412,0
CUS-HAN-00009417,0
CUS-HAN-00009428,0
CUS-HAN-00009437,0
CUS-HAN-00009444,1
CUS-HAN-00009446,0
CUS-HAN-00009450,1
CUS-HAN-00009463,0
CUS-HAN-00009475,0
CUS-HAN-00009479,1
CUS-HAN-00009482,0
CUS-HAN-00009491,0
CUS-HAN-00009512,1
CUS-HAN-00009518,0
CUS-HAN-00009519,0
CUS-HAN-00009536,1
CUS-HAN-00009543,0
CUS-HAN-00009546,0
CUS-HAN-00009557,0
CUS-HAN-00009573,1
CUS-HAN-00009587,1
CUS-HAN-00009598,1
CUS-HAN-00009604,1
CUS-HAN-00009610,0
CUS-HAN-00009616,0
CUS-HAN-00009628,1
CUS-HAN-00009634,0
CUS-HAN-00009640,1
CUS-HAN-00009647,1
CUS-HAN-00009657,1
CUS-HAN-00009660,0
CUS-HAN-00009661,0
CUS-HAN-00009671,1
CUS-HAN-00009675,1
CUS-HAN-00009679,0
CUS-HAN-00009680,0
CUS-HAN-00009684,1
CUS-HAN-00009691,1
CUS-HAN-00009696,1
CUS-HAN-00009698,0
CUS-HAN-00009704,1
CUS-HAN-00009705,0
CUS-HAN-00009712,1
CUS-HAN-00009724,1
CUS-HAN-00009731,1
CUS-HAN-00009732,0
CUS-HAN-00009742,0
CUS-HAN-00009753,0
CUS-HAN-00009756,0
CUS-HAN-00009764,0
CUS-HAN-00009771,0
CUS-HAN-00009788,1
CUS-HAN-00009798,0
CUS-HAN-00009800,0
CUS-HAN-00009809,0
CUS-HAN-00009811,0
CUS-HAN-00009812,1
CUS-HAN-00009819,0
CUS-HAN-00009824,1
CUS-HAN-00009825,0
CUS-HAN-00009848,0
CUS-HAN-00009849,0
CUS-HAN-00009853,0
CUS-HAN-00009866,1
CUS-HAN-00009876,1
CUS-HAN-00009880,1
CUS-HAN-00009884,0
CUS-HAN-00009909,1
CUS-HAN-00009915,0
CUS-HAN-00009916,0
CUS-HAN-00009918,0
CUS-HAN-00009936,1
CUS-HAN-00009937,0
CUS-HAN-00009938,1
CUS-HAN-00009945,0
CUS-HAN-00009959,0
CUS-HAN-00009960,0
CUS-HAN-00009967,0
CUS-HAN-00009974,1
CUS-HAN-00009981,0
CUS-HAN-00009989,1
CUS-HAN-00009990,1
CUS-HAN-00009991,0
CUS-HAN-00009992,0
CUS-HAN-00009993,1
CUS-HAN-00009995,0
CUS-HAN-00009996,0
CUS-HAN-00009997,1
CUS-HAN-00009999,0
CUS-HAN-00010005,1
CUS-HAN-00010007,0
CUS-HAN-00010010,0
CUS-HAN-00010022,1
CUS-HAN-00010023,1
CUS-HAN-00010045,1
CUS-HAN-00010048,0
CUS-HAN-00010054,1
CUS-HAN-00010058,1
CUS-HAN-00010067,1
CUS-HAN-00010073,0
CUS-HAN-00010106,0
CUS-HAN-00010107,1
CUS-HAN-00010110,1
CUS-HAN-00010111,1
CUS-HAN-00010112,0
CUS-HAN-00010113,0
CUS-HAN-00010116,0
CUS-HAN-00010120,0
CUS-HAN-00010126,0
CUS-HAN-00010130,0
CUS-HAN-00010139,1
CUS-HAN-00010143,0
CUS-HAN-00010149,1
CUS-HAN-00010154,1
CUS-HAN-00010155,0
CUS-HAN-00010156,1
CUS-HAN-00010159,1
CUS-HAN-00010163,0
CUS-HAN-00010172,0
CUS-HAN-00010188,0
CUS-HAN-00010193,0
CUS-HAN-00010203,0
CUS-HAN-00010210,0
CUS-HAN-00010212,0
CUS-HAN-00010230,0
CUS-HAN-00010233,1
CUS-HAN-00010234,0
CUS-HAN-00010239,0
CUS-HAN-00010240,1
CUS-HAN-00010241,0
CUS-HAN-00010244,1
CUS-HAN-00010245,1
CUS-HAN-00010248,1
CUS-HAN-00010254,1
CUS-HAN-00010256,0
CUS-HAN-00010258,1
CUS-HAN-00010259,0
CUS-HAN-00010265,1
CUS-HAN-00010266,0
CUS-HAN-00010268,0
CUS-HAN-00010274,0
CUS-HAN-00010283,0
CUS-HAN-00010291,0
CUS-HAN-00010294,0
CUS-HAN-00010298,0
CUS-HAN-00010317,0
CUS-HAN-00010320,1
CUS-HAN-00010329,0
CUS-HAN-00010331,0
CUS-HAN-00010339,1
CUS-HAN-00010345,0
CUS-HAN-00010349,0
CUS-HAN-00010368,0
CUS-HAN-00010386,0
CUS-HAN-00010396,0
CUS-HAN-00010398,0
CUS-HAN-00010415,0
CUS-HAN-00010423,1
CUS-HAN-00010429,0
CUS-HAN-00010433,0
CUS-HAN-00010435,1
CUS-HAN-00010440,1
CUS-HAN-00010441,0
CUS-HAN-00010442,0
CUS-HAN-00010450,0
CUS-HAN-00010455,0
CUS-HAN-00010459,0
CUS-HAN-00010467,0
CUS-HAN-00010475,0
CUS-HAN-00010478,0
CUS-HAN-00010494,0
CUS-HAN-00010497,1
CUS-HAN-00010501,1
CUS-HAN-00010514,0
CUS-HAN-00010526,1
CUS-HAN-00010533,0
CUS-HAN-00010536,1
CUS-HAN-00010548,0
CUS-HAN-00010557,1
CUS-HAN-00010561,1
CUS-HAN-00010566,0
CUS-HAN-00010569,0
CUS-HAN-00010573,0
CUS-HAN-00010574,0
CUS-HAN-00010578,0
CUS-HAN-00010582,0
CUS-HAN-00010585,1
CUS-HAN-00010594,0
CUS-HAN-00010605,1
CUS-HAN-00010607,0
CUS-HAN-00010616,0
CUS-HAN-00010617,1
CUS-HAN-00010622,1
CUS-HAN-00010632,0
CUS-HAN-00010640,0
CUS-HAN-00010646,1
CUS-HAN-00010652,0
CUS-HAN-00010655,0
CUS-HAN-00010667,1
CUS-HAN-00010673,1
CUS-HAN-00010680,1
CUS-HAN-00010702,0
CUS-HAN-00010712,1
CUS-HAN-00010716,1
CUS-HAN-00010722,0
CUS-HAN-00010737,0
CUS-HAN-00010738,0
CUS-HAN-00010740,0
CUS-HAN-00010749,0
CUS-HAN-00010751,1
CUS-HAN-00010766,1
CUS-HAN-00010768,0
CUS-HAN-00010772,0
CUS-HAN-00010773,1
CUS-HAN-00010776,0
CUS-HAN-00010798,0
CUS-HAN-00010807,0
CUS-HAN-00010808,0
CUS-HAN-00010811,0
CUS-HAN-00010813,0
CUS-HAN-00010820,0
CUS-HAN-00010824,0
CUS-HAN-00010825,0
CUS-HAN-00010830,1
CUS-HAN-00010833,1
CUS-HAN-00010835,0
CUS-HAN-00010837,0
CUS-HAN-00010852,1
CUS-HAN-00010856,1
CUS-HAN-00010861,0
CUS-HAN-00010863,1
CUS-HAN-00010879,1
CUS-HAN-00010889,1
CUS-HAN-00010891,1
CUS-HAN-00010897,0
CUS-HAN-00010902,1
CUS-HAN-00010903,1
CUS-HAN-00010917,0
CUS-HAN-00010924,1
CUS-HAN-00010925,1
CUS-HAN-00010930,0
CUS-HAN-00010935,1
CUS-HAN-00010939,1
CUS-HAN-00010951,0
CUS-HAN-00010953,0
CUS-HAN-00010970,1
CUS-HAN-00010974,1
CUS-HAN-00010976,0
CUS-HAN-00010981,0
CUS-HAN-00010982,0
CUS-HAN-00010997,0
CUS-HAN-00011009,1
CUS-HAN-00011014,0
CUS-HAN-00011018,1
CUS-HAN-00011021,1
CUS-HAN-00011031,0
CUS-HAN-00011042,0
CUS-HAN-00011044,0
CUS-HAN-00011048,0
CUS-HAN-00011049,0
CUS-HAN-00011052,0
CUS-HAN-00011054,1
CUS-HAN-00011055,0
CUS-HAN-00011061,1
CUS-HAN-00011064,0
CUS-HAN-00011066,1
CUS-HAN-00011068,1
CUS-HAN-00011069,1
CUS-HAN-00011070,1
CUS-HAN-00011074,1
CUS-HAN-00011076,0
CUS-HAN-00011085,1
CUS-HAN-00011094,1
CUS-HAN-00011100,1
CUS-HAN-00011109,0
CUS-HAN-00011110,0
CUS-HAN-00011111,0
CUS-HAN-00011114,1
CUS-HAN-00011118,1
CUS-HAN-00011119,1
CUS-HAN-00011126,0
CUS-HAN-00011127,1
CUS-HAN-00011132,0
CUS-HAN-00011141,0
CUS-HAN-00011142,0
CUS-HAN-00011177,1
CUS-HAN-00011186,0
CUS-HAN-00011190,1
CUS-HAN-00011191,0
CUS-HAN-00011213,0
CUS-HAN-00011218,0
CUS-HAN-00011221,0
CUS-HAN-00011227,0
CUS-HAN-00011237,0
CUS-HAN-00011258,0
CUS-HAN-00011264,0
CUS-HAN-00011271,1
CUS-HAN-00011272,0
CUS-HAN-00011276,0
CUS-HAN-00011279,0
CUS-HAN-00011280,0
CUS-HAN-00011286,0
CUS-HAN-00011289,0
CUS-HAN-00011292,0
CUS-HAN-00011311,0
CUS-HAN-00011317,0
CUS-HAN-00011321,1
CUS-HAN-00011322,0
CUS-HAN-00011326,0
CUS-HAN-00011333,1
CUS-HAN-00011334,0
CUS-HAN-00011343,1
CUS-HAN-00011349,0
CUS-HAN-00011352,0
CUS-HAN-00011364,0
CUS-HAN-00011372,1
CUS-HAN-00011378,1
CUS-HAN-00011380,0
CUS-HAN-00011385,1
CUS-HAN-00011390,0
CUS-HAN-00011391,1
CUS-HAN-00011394,0
CUS-HAN-00011406,1
CUS-HAN-00011408,0
CUS-HAN-00011437,0
CUS-HAN-00011441,1
CUS-HAN-00011442,1
CUS-HAN-00011445,0
CUS-HAN-00011453,1
CUS-HAN-00011462,1
CUS-HAN-00011464,0
CUS-HAN-00011467,0
CUS-HAN-00011468,1
CUS-HAN-00011471,1
CUS-HAN-00011472,1
CUS-HAN-00011485,1
CUS-HAN-00011496,0
CUS-HAN-00011500,0
CUS-HAN-00011506,0
CUS-HAN-00011510,0
CUS-HAN-00011511,1
CUS-HAN-00011516,1
CUS-HAN-00011518,0
CUS-HAN-00011521,0
CUS-HAN-00011543,0
CUS-HAN-00011545,0
CUS-HAN-00011548,0
CUS-HAN-00011549,0
CUS-HAN-00011556,1
CUS-HAN-00011563,0
CUS-HAN-00011566,0
CUS-HAN-00011569,1
CUS-HAN-00011573,0
CUS-HAN-00011577,1
CUS-HAN-00011583,1
CUS-HAN-00011584,0
CUS-HAN-00011591,0
CUS-HAN-00011595,0
CUS-HAN-00011596,1
CUS-HAN-00011597,1
CUS-HAN-00011608,0
CUS-HAN-00011617,0
CUS-HAN-00011619,0
CUS-HAN-00011622,0
CUS-HAN-00011626,1
CUS-HAN-00011629,1
CUS-HAN-00011643,0
CUS-HAN-00011648,1
CUS-HAN-00011649,0
CUS-HAN-00011651,0
CUS-HAN-00011657,1
CUS-HAN-00011662,1
CUS-HAN-00011663,0
CUS-HAN-00011664,0
CUS-HAN-00011671,0
CUS-HAN-00011677,0
CUS-HAN-00011680,1
CUS-HAN-00011681,1
CUS-HAN-00011695,0
CUS-HAN-00011701,0
CUS-HAN-00011706,0
CUS-HAN-00011714,0
CUS-HAN-00011717,0
CUS-HAN-00011724,0
CUS-HAN-00011732,0
CUS-HAN-00011739,0
CUS-HAN-00011742,1
CUS-HAN-00011744,0
CUS-HAN-00011745,1
CUS-HAN-00011747,0
CUS-HAN-00011749,0
CUS-HAN-00011758,1
CUS-HAN-00011759,0
CUS-HAN-00011761,1
CUS-HAN-00011771,0
CUS-HAN-00011773,0
CUS-HAN-00011778,1
CUS-HAN-00011779,1
CUS-HAN-00011788,0
CUS-HAN-00011798,1
CUS-HAN-00011800,0
CUS-HAN-00011802,0
CUS-HAN-00011822,1
CUS-HAN-00011826,0
CUS-HAN-00011834,0
CUS-HAN-00011853,1
CUS-HAN-00011856,1
CUS-HAN-00011865,1
CUS-HAN-00011867,0
CUS-HAN-00011876,1
CUS-HAN-00011885,1
CUS-HAN-00011886,0
CUS-HAN-00011897,1
CUS-HAN-00011899,1
CUS-HAN-00011902,0
CUS-HAN-00011904,0
CUS-HAN-00011905,0
CUS-HAN-00011909,1
CUS-HAN-00011920,1
CUS-HAN-00011926,0
CUS-HAN-00011927,1
CUS-HAN-00011939,1
CUS-HAN-00011948,0
CUS-HAN-00011950,0
CUS-HAN-00011952,0
CUS-HAN-00011968,0
CUS-HAN-00011970,0
CUS-HAN-00011974,0
CUS-HAN-00011986,0
CUS-HAN-00011994,0
CUS-HAN-00011998,1
CUS-HCM-00000005,0
CUS-HCM-00000009,0
CUS-HCM-00000016,0
CUS-HCM-00000018,0
CUS-HCM-00000026,0
CUS-HCM-00000028,1
CUS-HCM-00000029,1
CUS-HCM-00000036,1
CUS-HCM-00000037,1
CUS-HCM-00000039,1
CUS-HCM-00000050,1
CUS-HCM-00000051,0
CUS-HCM-00000052,0
CUS-HCM-00000059,1
CUS-HCM-00000060,0
CUS-HCM-00000069,0
CUS-HCM-00000071,1
CUS-HCM-00000074,1
CUS-HCM-00000075,1
CUS-HCM-00000084,1
CUS-HCM-00000085,0
CUS-HCM-00000086,0
CUS-HCM-00000089,0
CUS-HCM-00000091,0
CUS-HCM-00000098,0
CUS-HCM-00000099,0
CUS-HCM-00000103,1
CUS-HCM-00000109,0
CUS-HCM-00000112,1
CUS-HCM-00000115,0
CUS-HCM-00000123,0
CUS-HCM-00000125,0
CUS-HCM-00000128,0
CUS-HCM-00000129,0
CUS-HCM-00000131,0
CUS-HCM-00000136,1
CUS-HCM-00000140,0
CUS-HCM-00000146,1
CUS-HCM-00000150,1
CUS-HCM-00000153,0
CUS-HCM-00000155,0
CUS-HCM-00000161,0
CUS-HCM-00000163,1
CUS-HCM-00000164,0
CUS-HCM-00000173,1
CUS-HCM-00000175,1
CUS-HCM-00000176,1
CUS-HCM-00000188,0
CUS-HCM-00000190,0
CUS-HCM-00000192,0
CUS-HCM-00000193,0
CUS-HCM-00000195,1
CUS-HCM-00000196,1
CUS-HCM-00000199,1
CUS-HCM-00000204,0
CUS-HCM-00000205,1
CUS-HCM-00000206,0
CUS-HCM-00000207,0
CUS-HCM-00000209,1
CUS-HCM-00000213,1
CUS-HCM-00000217,1
CUS-HCM-00000218,0
CUS-HCM-00000227,0
CUS-HCM-00000230,0
CUS-HCM-00000231,1
CUS-HCM-00000239,0
CUS-HCM-00000240,1
CUS-HCM-00000243,1
CUS-HCM-00000254,0
CUS-HCM-00000255,0
CUS-HCM-00000258,1
CUS-HCM-00000259,0
CUS-HCM-00000261,1
CUS-HCM-00000264,1
CUS-HCM-00000266,0
CUS-HCM-00000268,0
CUS-HCM-00000269,0
CUS-HCM-00000270,0
CUS-HCM-00000271,0
CUS-HCM-00000272,1
CUS-HCM-00000273,1
CUS-HCM-00000281,0
CUS-HCM-00000282,0
CUS-HCM-00000283,0
CUS-HCM-00000284,0
CUS-HCM-00000287,1
CUS-HCM-00000290,0
CUS-HCM-00000292,0
CUS-HCM-00000294,0
CUS-HCM-00000302,1
CUS-HCM-00000309,0
CUS-HCM-00000310,0
CUS-HCM-00000313,1
CUS-HCM-00000332,0
CUS-HCM-00000335,1
CUS-HCM-00000337,0
CUS-HCM-00000339,0
CUS-HCM-00000341,1
CUS-HCM-00000348,0
CUS-HCM-00000350,1
CUS-HCM-00000352,1
CUS-HCM-00000362,1
CUS-HCM-00000363,1
CUS-HCM-00000364,0
CUS-HCM-00000375,0
CUS-HCM-00000376,0
CUS-HCM-00000389,0
CUS-HCM-00000392,0
CUS-HCM-00000395,1
CUS-HCM-00000404,1
CUS-HCM-00000409,0
CUS-HCM-00000413,1
CUS-HCM-00000415,0
CUS-HCM-00000416,0
CUS-HCM-00000417,1
CUS-HCM-00000419,1
CUS-HCM-00000422,1
CUS-HCM-00000423,1
CUS-HCM-00000424,0
CUS-HCM-00000427,0
CUS-HCM-00000429,0
CUS-HCM-00000435,0
CUS-HCM-00000436,1
CUS-HCM-00000437,1
CUS-HCM-00000442,0
CUS-HCM-00000444,1
CUS-HCM-00000449,1
CUS-HCM-00000451,1
CUS-HCM-00000454,0
CUS-HCM-00000455,1
CUS-HCM-00000456,0
CUS-HCM-00000462,1
CUS-HCM-00000469,1
CUS-HCM-00000473,0
CUS-HCM-00000474,1
CUS-HCM-00000482,0
CUS-HCM-00000485,0
CUS-HCM-00000488,1
CUS-HCM-00000510,0
CUS-HCM-00000511,0
CUS-HCM-00000513,0
CUS-HCM-00000516,1
CUS-HCM-00000519,0
CUS-HCM-00000523,0
CUS-HCM-00000525,0
CUS-HCM-00000535,1
CUS-HCM-00000536,1
CUS-HCM-00000538,1
CUS-HCM-00000539,0
CUS-HCM-00000545,0
CUS-HCM-00000548,1
CUS-HCM-00000552,1
CUS-HCM-00000553,0
CUS-HCM-00000555,0
CUS-HCM-00000556,1
CUS-HCM-00000561,1
CUS-HCM-00000562,0
CUS-HCM-00000568,1
CUS-HCM-00000583,0
CUS-HCM-00000587,1
CUS-HCM-00000589,1
CUS-HCM-00000590,1
CUS-HCM-00000595,1
CUS-HCM-00000608,0
CUS-HCM-00000619,0
CUS-HCM-00000620,0
CUS-HCM-00000628,0
CUS-HCM-00000633,0
CUS-HCM-00000635,1
CUS-HCM-00000636,1
CUS-HCM-00000643,1
CUS-HCM-00000644,0
CUS-HCM-00000647,0
CUS-HCM-00000650,0
CUS-HCM-00000654,0
CUS-HCM-00000663,1
CUS-HCM-00000664,0
CUS-HCM-00000671,0
CUS-HCM-00000679,1
CUS-HCM-00000681,0
CUS-HCM-00000682,1
CUS-HCM-00000683,1
CUS-HCM-00000693,0
CUS-HCM-00000701,0
CUS-HCM-00000703,0
CUS-HCM-00000716,1
CUS-HCM-00000718,0
CUS-HCM-00000723,0
CUS-HCM-00000725,0
CUS-HCM-00000726,0
CUS-HCM-00000727,1
CUS-HCM-00000728,0
CUS-HCM-00000732,1
CUS-HCM-00000733,1
CUS-HCM-00000735,1
CUS-HCM-00000737,1
CUS-HCM-00000741,1
CUS-HCM-00000742,1
CUS-HCM-00000744,1
CUS-HCM-00000751,1
CUS-HCM-00000753,0
CUS-HCM-00000756,0
CUS-HCM-00000759,1
CUS-HCM-00000762,0
CUS-HCM-00000763,1
CUS-HCM-00000764,1
CUS-HCM-00000766,1
CUS-HCM-00000767,0
CUS-HCM-00000768,0
CUS-HCM-00000769,1
CUS-HCM-00000771,1
CUS-HCM-00000775,0
CUS-HCM-00000778,1
CUS-HCM-00000781,1
CUS-HCM-00000791,0
CUS-HCM-00000794,0
CUS-HCM-00000795,0
CUS-HCM-00000797,1
CUS-HCM-00000798,1
CUS-HCM-00000805,0
CUS-HCM-00000806,0
CUS-HCM-00000808,1
CUS-HCM-00000811,0
CUS-HCM-00000812,0
CUS-HCM-00000815,1
CUS-HCM-00000821,0
CUS-HCM-00000826,0
CUS-HCM-00000828,1
CUS-HCM-00000830,1
CUS-HCM-00000841,1
CUS-HCM-00000845,0
CUS-HCM-00000849,1
CUS-HCM-00000851,0
CUS-HCM-00000852,1
CUS-HCM-00000855,0
CUS-HCM-00000865,0
CUS-HCM-00000869,0
CUS-HCM-00000870,0
CUS-HCM-00000872,1
CUS-HCM-00000885,0
CUS-HCM-00000888,1
CUS-HCM-00000889,0
CUS-HCM-00000893,0
CUS-HCM-00000894,1
CUS-HCM-00000898,0
CUS-HCM-00000899,1
CUS-HCM-00000902,0
CUS-HCM-00000903,0
CUS-HCM-00000908,0
CUS-HCM-00000909,1
CUS-HCM-00000917,0
CUS-HCM-00000918,1
CUS-HCM-00000921,1
CUS-HCM-00000925,0
CUS-HCM-00000926,0
CUS-HCM-00000927,0
CUS-HCM-00000936,0
CUS-HCM-00000938,1
CUS-HCM-00000940,1
CUS-HCM-00000941,0
CUS-HCM-00000943,0
CUS-HCM-00000946,0
CUS-HCM-00000952,1
CUS-HCM-00000953,0
CUS-HCM-00000954,1
CUS-HCM-00000963,1
CUS-HCM-00000964,1
CUS-HCM-00000968,0
CUS-HCM-00000970,0
CUS-HCM-00000971,1
CUS-HCM-00000972,1
CUS-HCM-00000973,0
CUS-HCM-00000980,1
CUS-HCM-00000985,1
CUS-HCM-00000988,0
CUS-HCM-00000994,1
CUS-HCM-00000998,0
CUS-HCM-00001001,0
CUS-HCM-00001003,0
CUS-HCM-00001004,0
CUS-HCM-00001016,1
CUS-HCM-00001019,0
CUS-HCM-00001040,1
CUS-HCM-00001041,0
CUS-HCM-00001045,0
CUS-HCM-00001047,0
CUS-HCM-00001050,0
CUS-HCM-00001052,1
CUS-HCM-00001054,1
CUS-HCM-00001058,0
CUS-HCM-00001063,0
CUS-HCM-00001069,1
CUS-HCM-00001081,1
CUS-HCM-00001091,0
CUS-HCM-00001094,0
CUS-HCM-00001097,1
CUS-HCM-00001100,1
CUS-HCM-00001101,1
CUS-HCM-00001105,1
CUS-HCM-00001107,0
CUS-HCM-00001110,0
CUS-HCM-00001111,0
CUS-HCM-00001116,0
CUS-HCM-00001117,1
CUS-HCM-00001122,0
CUS-HCM-00001124,1
CUS-HCM-00001133,1
CUS-HCM-00001139,1
CUS-HCM-00001151,0
CUS-HCM-00001153,1
CUS-HCM-00001154,0
CUS-HCM-00001156,0
CUS-HCM-00001157,1
CUS-HCM-00001158,0
CUS-HCM-00001161,0
CUS-HCM-00001164,0
CUS-HCM-00001165,1
CUS-HCM-00001170,0
CUS-HCM-00001173,0
CUS-HCM-00001179,1
CUS-HCM-00001180,0
CUS-HCM-00001182,1
CUS-HCM-00001183,0
CUS-HCM-00001184,1
CUS-HCM-00001185,0
CUS-HCM-00001189,1
CUS-HCM-00001196,0
CUS-HCM-00001197,0
CUS-HCM-00001205,1
CUS-HCM-00001206,1
CUS-HCM-00001209,1
CUS-HCM-00001220,1
CUS-HCM-00001221,1
CUS-HCM-00001222,1
CUS-HCM-00001225,1
CUS-HCM-00001230,0
CUS-HCM-00001231,1
CUS-HCM-00001233,0
CUS-HCM-00001235,0
CUS-HCM-00001236,1
CUS-HCM-00001237,0
CUS-HCM-00001239,0
CUS-HCM-00001240,0
CUS-HCM-00001244,0
CUS-HCM-00001246,0
CUS-HCM-00001248,0
CUS-HCM-00001251,0
CUS-HCM-00001252,0
CUS-HCM-00001253,0
CUS-HCM-00001255,0
CUS-HCM-00001261,1
CUS-HCM-00001267,0
CUS-HCM-00001275,0
CUS-HCM-00001277,0
CUS-HCM-00001278,1
CUS-HCM-00001297,0
CUS-HCM-00001298,1
CUS-HCM-00001301,0
CUS-HCM-00001304,0
CUS-HCM-00001309,0
CUS-HCM-00001314,0
CUS-HCM-00001315,0
CUS-HCM-00001318,1
CUS-HCM-00001323,1
CUS-HCM-00001330,1
CUS-HCM-00001337,1
CUS-HCM-00001341,0
CUS-HCM-00001350,1
CUS-HCM-00001356,1
CUS-HCM-00001360,0
CUS-HCM-00001364,1
CUS-HCM-00001367,1
CUS-HCM-00001368,1
CUS-HCM-00001369,1
CUS-HCM-00001371,0
CUS-HCM-00001376,0
CUS-HCM-00001382,1
CUS-HCM-00001386,1
CUS-HCM-00001390,0
CUS-HCM-00001393,0
CUS-HCM-00001394,0
CUS-HCM-00001396,0
CUS-HCM-00001402,1
CUS-HCM-00001405,1
CUS-HCM-00001408,0
CUS-HCM-00001415,0
CUS-HCM-00001427,0
CUS-HCM-00001428,1
CUS-HCM-00001433,1
CUS-HCM-00001434,0
CUS-HCM-00001435,0
CUS-HCM-00001437,1
CUS-HCM-00001441,0
CUS-HCM-00001442,1
CUS-HCM-00001443,1
CUS-HCM-00001444,0
CUS-HCM-00001445,1
CUS-HCM-00001450,0
CUS-HCM-00001456,0
CUS-HCM-00001457,0
CUS-HCM-00001463,0
CUS-HCM-00001468,0
CUS-HCM-00001470,0
CUS-HCM-00001472,0
CUS-HCM-00001473,1
CUS-HCM-00001482,1
CUS-HCM-00001484,1
CUS-HCM-00001486,0
CUS-HCM-00001491,0
CUS-HCM-00001509,1
CUS-HCM-00001511,1
CUS-HCM-00001512,1
CUS-HCM-00001517,1
CUS-HCM-00001519,1
CUS-HCM-00001520,1
CUS-HCM-00001526,0
CUS-HCM-00001529,0
CUS-HCM-00001532,1
CUS-HCM-00001535,1
CUS-HCM-00001542,0
CUS-HCM-00001544,0
CUS-HCM-00001547,0
CUS-HCM-00001551,0
CUS-HCM-00001555,0
CUS-HCM-00001567,0
CUS-HCM-00001568,0
CUS-HCM-00001575,1
CUS-HCM-00001576,0
CUS-HCM-00001584,0
CUS-HCM-00001590,0
CUS-HCM-00001591,0
CUS-HCM-00001592,1
CUS-HCM-00001597,0
CUS-HCM-00001598,1
CUS-HCM-00001600,0
CUS-HCM-00001602,0
CUS-HCM-00001605,1
CUS-HCM-00001608,0
CUS-HCM-00001611,1
CUS-HCM-00001616,0
CUS-HCM-00001617,1
CUS-HCM-00001620,0
CUS-HCM-00001621,0
CUS-HCM-00001624,1
CUS-HCM-00001628,1
CUS-HCM-00001629,0
CUS-HCM-00001639,0
CUS-HCM-00001642,1
CUS-HCM-00001644,0
CUS-HCM-00001645,0
CUS-HCM-00001651,1
CUS-HCM-00001653,1
CUS-HCM-00001654,0
CUS-HCM-00001657,0
CUS-HCM-00001660,1
CUS-HCM-00001661,0
CUS-HCM-00001664,1
CUS-HCM-00001668,1
CUS-HCM-00001669,1
CUS-HCM-00001674,1
CUS-HCM-00001685,1
CUS-HCM-00001686,1
CUS-HCM-00001693,0
CUS-HCM-00001697,0
CUS-HCM-00001707,0
CUS-HCM-00001721,0
CUS-HCM-00001722,0
CUS-HCM-00001726,1
CUS-HCM-00001729,0
CUS-HCM-00001732,0
CUS-HCM-00001734,0
CUS-HCM-00001738,1
CUS-HCM-00001741,1
CUS-HCM-00001742,0
CUS-HCM-00001743,0
CUS-HCM-00001752,1
CUS-HCM-00001757,0
CUS-HCM-00001762,1
CUS-HCM-00001763,1
CUS-HCM-00001764,0
CUS-HCM-00001765,0
CUS-HCM-00001766,0
CUS-HCM-00001768,1
CUS-HCM-00001769,0
CUS-HCM-00001781,1
CUS-HCM-00001783,0
CUS-HCM-00001784,1
CUS-HCM-00001785,0
CUS-HCM-00001790,1
CUS-HCM-00001793,1
CUS-HCM-00001803,0
CUS-HCM-00001807,0
CUS-HCM-00001810,0
CUS-HCM-00001811,0
CUS-HCM-00001814,0
CUS-HCM-00001826,0
CUS-HCM-00001834,0
CUS-HCM-00001835,0
CUS-HCM-00001836,1
CUS-HCM-00001837,0
CUS-HCM-00001841,1
CUS-HCM-00001843,0
CUS-HCM-00001845,0
CUS-HCM-00001851,1
CUS-HCM-00001857,0
CUS-HCM-00001859,0
CUS-HCM-00001860,0
CUS-HCM-00001868,0
CUS-HCM-00001877,0
CUS-HCM-00001887,0
CUS-HCM-00001888,0
CUS-HCM-00001891,0
CUS-HCM-00001894,1
CUS-HCM-00001896,0
CUS-HCM-00001899,0
CUS-HCM-00001900,1
CUS-HCM-00001902,1
CUS-HCM-00001904,0
CUS-HCM-00001908,0
CUS-HCM-00001911,0
CUS-HCM-00001912,0
CUS-HCM-00001915,1
CUS-HCM-00001916,0
CUS-HCM-00001925,0
CUS-HCM-00001926,1
CUS-HCM-00001929,0
CUS-HCM-00001936,1
CUS-HCM-00001939,1
CUS-HCM-00001940,0
CUS-HCM-00001941,0
CUS-HCM-00001944,0
CUS-HCM-00001947,0
CUS-HCM-00001949,0
CUS-HCM-00001952,1
CUS-HCM-00001958,0
CUS-HCM-00001964,1
CUS-HCM-00001966,0
CUS-HCM-00001975,0
CUS-HCM-00001976,1
CUS-HCM-00001980,0
CUS-HCM-00001984,0
CUS-HCM-00001987,0
CUS-HCM-00001990,0
CUS-HCM-00001991,0
CUS-HCM-00001994,1
CUS-HCM-00002005,0
CUS-HCM-00002008,1
CUS-HCM-00002009,1
CUS-HCM-00002011,0
CUS-HCM-00002013,0
CUS-HCM-00002018,0
CUS-HCM-00002022,0
CUS-HCM-00002023,0
CUS-HCM-00002024,1
CUS-HCM-00002031,0
CUS-HCM-00002035,1
CUS-HCM-00002038,1
CUS-HCM-00002046,1
CUS-HCM-00002049,0
CUS-HCM-00002052,0
CUS-HCM-00002059,0
CUS-HCM-00002060,0
CUS-HCM-00002062,0
CUS-HCM-00002064,1
CUS-HCM-00002069,0
CUS-HCM-00002078,1
CUS-HCM-00002080,0
CUS-HCM-00002082,0
CUS-HCM-00002084,1
CUS-HCM-00002086,1
CUS-HCM-00002094,0
CUS-HCM-00002097,1
CUS-HCM-00002099,0
CUS-HCM-00002100,1
CUS-HCM-00002102,0
CUS-HCM-00002110,0
CUS-HCM-00002113,0
CUS-HCM-00002115,1
CUS-HCM-00002117,1
CUS-HCM-00002118,0
CUS-HCM-00002119,1
CUS-HCM-00002120,0
CUS-HCM-00002122,0
CUS-HCM-00002124,0
CUS-HCM-00002129,0
CUS-HCM-00002130,1
CUS-HCM-00002131,1
CUS-HCM-00002147,0
CUS-HCM-00002150,0
CUS-HCM-00002152,1
CUS-HCM-00002157,0
CUS-HCM-00002160,0
CUS-HCM-00002162,0
CUS-HCM-00002172,0
CUS-HCM-00002174,0
CUS-HCM-00002179,0
CUS-HCM-00002184,0
CUS-HCM-00002186,1
CUS-HCM-00002189,0
CUS-HCM-00002191,0
CUS-HCM-00002194,1
CUS-HCM-00002197,1
CUS-HCM-00002199,0
CUS-HCM-00002201,0
CUS-HCM-00002204,0
CUS-HCM-00002209,1
CUS-HCM-00002210,1
CUS-HCM-00002216,1
CUS-HCM-00002217,0
CUS-HCM-00002224,0
CUS-HCM-00002226,1
CUS-HCM-00002228,0
CUS-HCM-00002229,0
CUS-HCM-00002233,1
CUS-HCM-00002237,1
CUS-HCM-00002242,0
CUS-HCM-00002244,0
CUS-HCM-00002246,0
CUS-HCM-00002247,0
CUS-HCM-00002259,1
CUS-HCM-00002264,1
CUS-HCM-00002266,0
CUS-HCM-00002276,1
CUS-HCM-00002278,0
CUS-HCM-00002282,1
CUS-HCM-00002285,1
CUS-HCM-00002286,1
CUS-HCM-00002289,1
CUS-HCM-00002296,1
CUS-HCM-00002298,1
CUS-HCM-00002299,1
CUS-HCM-00002312,0
CUS-HCM-00002314,1
CUS-HCM-00002317,1
CUS-HCM-00002321,0
CUS-HCM-00002322,0
CUS-HCM-00002324,1
CUS-HCM-00002325,1
CUS-HCM-00002327,1
CUS-HCM-00002328,0
CUS-HCM-00002334,0
CUS-HCM-00002340,0
CUS-HCM-00002341,0
CUS-HCM-00002342,1
CUS-HCM-00002346,1
CUS-HCM-00002349,1
CUS-HCM-00002350,0
CUS-HCM-00002351,1
CUS-HCM-00002353,0
CUS-HCM-00002360,0
CUS-HCM-00002362,0
CUS-HCM-00002367,1
CUS-HCM-00002374,0
CUS-HCM-00002376,1
CUS-HCM-00002379,0
CUS-HCM-00002382,1
CUS-HCM-00002383,0
CUS-HCM-00002384,0
CUS-HCM-00002385,1
CUS-HCM-00002388,0
CUS-HCM-00002390,1
CUS-HCM-00002394,0
CUS-HCM-00002397,0
CUS-HCM-00002398,0
CUS-HCM-00002399,1
CUS-HCM-00002406,0
CUS-HCM-00002416,0
CUS-HCM-00002417,0
CUS-HCM-00002419,1
CUS-HCM-00002421,1
CUS-HCM-00002422,1
CUS-HCM-00002424,1
CUS-HCM-00002427,0
CUS-HCM-00002442,0
CUS-HCM-00002443,1
CUS-HCM-00002447,1
CUS-HCM-00002458,1
CUS-HCM-00002463,0
CUS-HCM-00002465,0
CUS-HCM-00002476,0
CUS-HCM-00002477,0
CUS-HCM-00002478,0
CUS-HCM-00002482,1
CUS-HCM-00002483,0
CUS-HCM-00002489,0
CUS-HCM-00002493,1
CUS-HCM-00002498,0
CUS-HCM-00002501,0
CUS-HCM-00002506,0
CUS-HCM-00002513,0
CUS-HCM-00002514,1
CUS-HCM-00002515,1
CUS-HCM-00002517,0
CUS-HCM-00002518,1
CUS-HCM-00002520,0
CUS-HCM-00002521,0
CUS-HCM-00002526,0
CUS-HCM-00002534,0
CUS-HCM-00002539,1
CUS-HCM-00002544,0
CUS-HCM-00002548,1
CUS-HCM-00002557,0
CUS-HCM-00002558,0
CUS-HCM-00002560,1
CUS-HCM-00002567,0
CUS-HCM-00002568,1
CUS-HCM-00002571,0
CUS-HCM-00002579,0
CUS-HCM-00002581,0
CUS-HCM-00002583,1
CUS-HCM-00002584,1
CUS-HCM-00002585,0
CUS-HCM-00002588,0
CUS-HCM-00002594,0
CUS-HCM-00002597,0
CUS-HCM-00002605,0
CUS-HCM-00002606,0
CUS-HCM-00002608,0
CUS-HCM-00002617,1
CUS-HCM-00002623,0
CUS-HCM-00002630,1
CUS-HCM-00002631,1
CUS-HCM-00002638,0
CUS-HCM-00002640,1
CUS-HCM-00002659,1
CUS-HCM-00002660,0
CUS-HCM-00002664,1
CUS-HCM-00002668,0
CUS-HCM-00002683,0
CUS-HCM-00002687,0
CUS-HCM-00002689,0
CUS-HCM-00002696,0
CUS-HCM-00002698,1
CUS-HCM-00002708,1
CUS-HCM-00002709,0
CUS-HCM-00002712,0
CUS-HCM-00002713,1
CUS-HCM-00002714,0
CUS-HCM-00002716,1
CUS-HCM-00002719,1
CUS-HCM-00002725,0
CUS-HCM-00002728,0
CUS-HCM-00002731,0
CUS-HCM-00002737,1
CUS-HCM-00002741,0
CUS-HCM-00002743,0
CUS-HCM-00002747,1
CUS-HCM-00002748,1
CUS-HCM-00002750,1
CUS-HCM-00002751,0
CUS-HCM-00002754,0
CUS-HCM-00002763,0
CUS-HCM-00002765,0
CUS-HCM-00002771,0
CUS-HCM-00002774,0
CUS-HCM-00002779,1
CUS-HCM-00002780,1
CUS-HCM-00002781,1
CUS-HCM-00002782,0
CUS-HCM-00002785,0
CUS-HCM-00002792,1
CUS-HCM-00002803,1
CUS-HCM-00002805,0
CUS-HCM-00002806,0
CUS-HCM-00002809,0
CUS-HCM-00002810,1
CUS-HCM-00002811,0
CUS-HCM-00002814,1
CUS-HCM-00002815,0
CUS-HCM-00002823,0
CUS-HCM-00002828,0
CUS-HCM-00002831,0
CUS-HCM-00002840,1
CUS-HCM-00002844,0
CUS-HCM-00002845,1
CUS-HCM-00002847,1
CUS-HCM-00002848,0
CUS-HCM-00002864,0
CUS-HCM-00002866,0
CUS-HCM-00002870,0
CUS-HCM-00002873,0
CUS-HCM-00002874,0
CUS-HCM-00002875,1
CUS-HCM-00002876,0
CUS-HCM-00002880,1
CUS-HCM-00002881,1
CUS-HCM-00002882,0
CUS-HCM-00002886,1
CUS-HCM-00002887,0
CUS-HCM-00002889,1
CUS-HCM-00002890,1
CUS-HCM-00002891,0
CUS-HCM-00002896,0
CUS-HCM-00002898,1
CUS-HCM-00002903,0
CUS-HCM-00002908,1
CUS-HCM-00002912,1
CUS-HCM-00002916,0
CUS-HCM-00002917,1
CUS-HCM-00002919,1
CUS-HCM-00002922,1
CUS-HCM-00002923,0
CUS-HCM-00002925,0
CUS-HCM-00002932,0
CUS-HCM-00002938,0
CUS-HCM-00002939,0
CUS-HCM-00002940,1
CUS-HCM-00002942,1
CUS-HCM-00002944,1
CUS-HCM-00002951,0
CUS-HCM-00002953,1
CUS-HCM-00002957,1
CUS-HCM-00002958,1
CUS-HCM-00002959,1
CUS-HCM-00002963,0
CUS-HCM-00002965,0
CUS-HCM-00002970,1
CUS-HCM-00002973,1
CUS-HCM-00002983,0
CUS-HCM-00002985,1
CUS-HCM-00002986,1
CUS-HCM-00002987,1
CUS-HCM-00002989,1
CUS-HCM-00002998,0
CUS-HCM-00003000,1
CUS-HCM-00003003,1
CUS-HCM-00003005,0
CUS-HCM-00003008,0
CUS-HCM-00003009,0
CUS-HCM-00003018,0
CUS-HCM-00003020,1
CUS-HCM-00003026,0
CUS-HCM-00003027,1
CUS-HCM-00003032,0
CUS-HCM-00003033,0
CUS-HCM-00003034,1
CUS-HCM-00003038,1
CUS-HCM-00003039,1
CUS-HCM-00003050,0
CUS-HCM-00003052,0
CUS-HCM-00003058,1
CUS-HCM-00003059,0
CUS-HCM-00003060,1
CUS-HCM-00003063,1
CUS-HCM-00003068,0
CUS-HCM-00003071,1
CUS-HCM-00003080,0
CUS-HCM-00003081,0
CUS-HCM-00003082,0
CUS-HCM-00003087,0
CUS-HCM-00003096,0
CUS-HCM-00003097,0
CUS-HCM-00003099,1
CUS-HCM-00003100,0
CUS-HCM-00003102,0
CUS-HCM-00003109,1
CUS-HCM-00003112,0
CUS-HCM-00003117,1
CUS-HCM-00003121,1
CUS-HCM-00003125,1
CUS-HCM-00003126,0
CUS-HCM-00003128,0
CUS-HCM-00003133,0
CUS-HCM-00003134,0
CUS-HCM-00003138,0
CUS-HCM-00003142,0
CUS-HCM-00003144,1
CUS-HCM-00003150,1
CUS-HCM-00003151,0
CUS-HCM-00003154,0
CUS-HCM-00003155,0
CUS-HCM-00003157,0
CUS-HCM-00003158,0
CUS-HCM-00003163,1
CUS-HCM-00003167,1
CUS-HCM-00003168,1
CUS-HCM-00003169,0
CUS-HCM-00003176,0
CUS-HCM-00003179,1
CUS-HCM-00003182,0
CUS-HCM-00003184,0
CUS-HCM-00003185,0
CUS-HCM-00003186,0
CUS-HCM-00003189,0
CUS-HCM-00003191,0
CUS-HCM-00003192,0
CUS-HCM-00003198,0
CUS-HCM-00003199,1
CUS-HCM-00003207,0
CUS-HCM-00003208,0
CUS-HCM-00003209,0
CUS-HCM-00003210,0
CUS-HCM-00003215,0
CUS-HCM-00003218,1
CUS-HCM-00003225,0
CUS-HCM-00003228,0
CUS-HCM-00003232,1
CUS-HCM-00003234,1
CUS-HCM-00003235,1
CUS-HCM-00003236,1
CUS-HCM-00003245,1
CUS-HCM-00003255,0
CUS-HCM-00003257,0
CUS-HCM-00003260,1
CUS-HCM-00003261,1
CUS-HCM-00003263,1
CUS-HCM-00003266,1
CUS-HCM-00003267,1
CUS-HCM-00003270,0
CUS-HCM-00003280,1
CUS-HCM-00003282,0
CUS-HCM-00003284,0
CUS-HCM-00003285,1
CUS-HCM-00003289,0
CUS-HCM-00003300,0
CUS-HCM-00003303,0
CUS-HCM-00003306,1
CUS-HCM-00003307,1
CUS-HCM-00003308,0
CUS-HCM-00003310,1
CUS-HCM-00003316,1
CUS-HCM-00003318,0
CUS-HCM-00003319,1
CUS-HCM-00003321,0
CUS-HCM-00003330,0
CUS-HCM-00003333,1
CUS-HCM-00003334,1
CUS-HCM-00003343,1
CUS-HCM-00003344,0
CUS-HCM-00003351,0
CUS-HCM-00003352,1
CUS-HCM-00003353,0
CUS-HCM-00003369,0
CUS-HCM-00003372,1
CUS-HCM-00003374,0
CUS-HCM-00003377,0
CUS-HCM-00003385,0
CUS-HCM-00003390,1
CUS-HCM-00003391,0
CUS-HCM-00003394,0
CUS-HCM-00003397,0
CUS-HCM-00003398,1
CUS-HCM-00003401,0
CUS-HCM-00003408,0
CUS-HCM-00003410,1
CUS-HCM-00003412,1
CUS-HCM-00003414,1
CUS-HCM-00003416,1
CUS-HCM-00003419,1
CUS-HCM-00003425,1
CUS-HCM-00003427,0
CUS-HCM-00003434,1
CUS-HCM-00003435,1
CUS-HCM-00003439,0
CUS-HCM-00003441,0
CUS-HCM-00003442,0
CUS-HCM-00003443,0
CUS-HCM-00003453,0
CUS-HCM-00003454,1
CUS-HCM-00003459,1
CUS-HCM-00003463,0
CUS-HCM-00003489,1
CUS-HCM-00003492,0
CUS-HCM-00003495,0
CUS-HCM-00003503,0
CUS-HCM-00003518,1
CUS-HCM-00003523,1
CUS-HCM-00003527,0
CUS-HCM-00003528,0
CUS-HCM-00003531,0
CUS-HCM-00003532,0
CUS-HCM-00003534,1
CUS-HCM-00003537,0
CUS-HCM-00003539,1
CUS-HCM-00003544,1
CUS-HCM-00003549,0
CUS-HCM-00003564,0
CUS-HCM-00003572,0
CUS-HCM-00003578,1
CUS-HCM-00003580,0
CUS-HCM-00003594,0
CUS-HCM-00003595,0
CUS-HCM-00003602,0
CUS-HCM-00003604,1
CUS-HCM-00003606,1
CUS-HCM-00003607,0
CUS-HCM-00003608,1
CUS-HCM-00003609,0
CUS-HCM-00003610,1
CUS-HCM-00003618,1
CUS-HCM-00003630,1
CUS-HCM-00003631,0
CUS-HCM-00003636,1
CUS-HCM-00003638,0
CUS-HCM-00003642,0
CUS-HCM-00003644,0
CUS-HCM-00003645,1
CUS-HCM-00003649,0
CUS-HCM-00003652,0
CUS-HCM-00003654,1
CUS-HCM-00003656,0
CUS-HCM-00003657,0
CUS-HCM-00003660,0
CUS-HCM-00003661,0
CUS-HCM-00003665,0
CUS-HCM-00003667,0
CUS-HCM-00003668,1
CUS-HCM-00003680,0
CUS-HCM-00003682,1
CUS-HCM-00003685,0
CUS-HCM-00003686,0
CUS-HCM-00003691,1
CUS-HCM-00003693,1
CUS-HCM-00003698,0
CUS-HCM-00003699,0
CUS-HCM-00003702,0
CUS-HCM-00003705,0
CUS-HCM-00003706,0
CUS-HCM-00003728,0
CUS-HCM-00003735,1
CUS-HCM-00003737,0
CUS-HCM-00003741,0
CUS-HCM-00003742,1
CUS-HCM-00003745,0
CUS-HCM-00003747,0
CUS-HCM-00003750,1
CUS-HCM-00003751,0
CUS-HCM-00003757,0
CUS-HCM-00003760,0
CUS-HCM-00003763,0
CUS-HCM-00003764,1
CUS-HCM-00003765,1
CUS-HCM-00003778,0
CUS-HCM-00003781,0
CUS-HCM-00003784,0
CUS-HCM-00003788,1
CUS-HCM-00003791,0
CUS-HCM-00003793,0
CUS-HCM-00003794,0
CUS-HCM-00003801,1
CUS-HCM-00003802,0
CUS-HCM-00003804,0
CUS-HCM-00003805,0
CUS-HCM-00003806,0
CUS-HCM-00003812,0
CUS-HCM-00003814,1
CUS-HCM-00003824,0
CUS-HCM-00003838,0
CUS-HCM-00003849,0
CUS-HCM-00003856,0
CUS-HCM-00003860,0
CUS-HCM-00003862,1
CUS-HCM-00003868,1
CUS-HCM-00003872,0
CUS-HCM-00003873,0
CUS-HCM-00003874,0
CUS-HCM-00003877,0
CUS-HCM-00003879,0
CUS-HCM-00003886,0
CUS-HCM-00003890,1
CUS-HCM-00003891,1
CUS-HCM-00003899,0
CUS-HCM-00003900,1
CUS-HCM-00003901,0
CUS-HCM-00003921,1
CUS-HCM-00003925,1
CUS-HCM-00003929,1
CUS-HCM-00003934,0
CUS-HCM-00003936,0
CUS-HCM-00003940,1
CUS-HCM-00003941,1
CUS-HCM-00003942,1
CUS-HCM-00003943,1
CUS-HCM-00003945,0
CUS-HCM-00003947,1
CUS-HCM-00003948,0
CUS-HCM-00003955,1
CUS-HCM-00003959,1
CUS-HCM-00003962,1
CUS-HCM-00003966,0
CUS-HCM-00003968,0
CUS-HCM-00003970,0
CUS-HCM-00003972,0
CUS-HCM-00003974,1
CUS-HCM-00003975,1
CUS-HCM-00003976,0
CUS-HCM-00003977,1
CUS-HCM-00003978,0
CUS-HCM-00003981,1
CUS-HCM-00003984,0
CUS-HCM-00003986,1
CUS-HCM-00003987,1
CUS-HCM-00003993,1
CUS-HCM-00003995,1
CUS-HCM-00003996,1
CUS-HCM-00003997,0
CUS-HCM-00004000,1
CUS-HCM-00004004,0
CUS-HCM-00004006,0
CUS-HCM-00004008,0
CUS-HCM-00004009,1
CUS-HCM-00004011,1
CUS-HCM-00004012,0
CUS-HCM-00004014,0
CUS-HCM-00004017,0
CUS-HCM-00004019,0
CUS-HCM-00004021,1
CUS-HCM-00004022,1
CUS-HCM-00004035,0
CUS-HCM-00004043,0
CUS-HCM-00004046,0
CUS-HCM-00004047,0
CUS-HCM-00004048,1
CUS-HCM-00004063,1
CUS-HCM-00004065,1
CUS-HCM-00004070,0
CUS-HCM-00004074,0
CUS-HCM-00004075,0
CUS-HCM-00004079,0
CUS-HCM-00004089,1
CUS-HCM-00004090,0
CUS-HCM-00004091,1
CUS-HCM-00004094,1
CUS-HCM-00004095,0
CUS-HCM-00004106,1
CUS-HCM-00004116,0
CUS-HCM-00004126,0
CUS-HCM-00004136,1
CUS-HCM-00004143,0
CUS-HCM-00004146,0
CUS-HCM-00004147,1
CUS-HCM-00004151,0
CUS-HCM-00004156,0
CUS-HCM-00004158,1
CUS-HCM-00004160,1
CUS-HCM-00004166,0
CUS-HCM-00004167,1
CUS-HCM-00004182,0
CUS-HCM-00004187,0
CUS-HCM-00004188,0
CUS-HCM-00004189,0
CUS-HCM-00004191,0
CUS-HCM-00004197,1
CUS-HCM-00004199,1
CUS-HCM-00004200,0
CUS-HCM-00004201,1
CUS-HCM-00004203,0
CUS-HCM-00004207,1
CUS-HCM-00004208,0
CUS-HCM-00004210,0
CUS-HCM-00004214,1
CUS-HCM-00004216,0
CUS-HCM-00004218,0
CUS-HCM-00004221,0
CUS-HCM-00004222,0
CUS-HCM-00004224,1
CUS-HCM-00004225,1
CUS-HCM-00004228,0
CUS-HCM-00004230,1
CUS-HCM-00004232,0
CUS-HCM-00004235,0
CUS-HCM-00004236,1
CUS-HCM-00004246,0
CUS-HCM-00004248,1
CUS-HCM-00004249,1
CUS-HCM-00004252,1
CUS-HCM-00004253,1
CUS-HCM-00004256,0
CUS-HCM-00004257,0
CUS-HCM-00004275,0
CUS-HCM-00004276,1
CUS-HCM-00004281,0
CUS-HCM-00004284,1
CUS-HCM-00004286,0
CUS-HCM-00004288,1
CUS-HCM-00004291,1
CUS-HCM-00004292,1
CUS-HCM-00004293,1
CUS-HCM-00004305,0
CUS-HCM-00004306,0
CUS-HCM-00004313,0
CUS-HCM-00004315,0
CUS-HCM-00004324,0
CUS-HCM-00004325,0
CUS-HCM-00004327,1
CUS-HCM-00004331,1
CUS-HCM-00004333,0
CUS-HCM-00004336,1
CUS-HCM-00004337,0
CUS-HCM-00004338,1
CUS-HCM-00004341,1
CUS-HCM-00004342,1
CUS-HCM-00004344,0
CUS-HCM-00004351,0
CUS-HCM-00004352,1
CUS-HCM-00004354,0
CUS-HCM-00004361,1
CUS-HCM-00004366,0
CUS-HCM-00004369,0
CUS-HCM-00004372,0
CUS-HCM-00004374,0
CUS-HCM-00004376,1
CUS-HCM-00004378,1
CUS-HCM-00004380,1
CUS-HCM-00004383,0
CUS-HCM-00004388,0
CUS-HCM-00004391,0
CUS-HCM-00004397,1
CUS-HCM-00004399,0
CUS-HCM-00004403,0
CUS-HCM-00004410,0
CUS-HCM-00004412,1
CUS-HCM-00004414,0
CUS-HCM-00004415,0
CUS-HCM-00004418,0
CUS-HCM-00004419,1
CUS-HCM-00004422,1
CUS-HCM-00004424,0
CUS-HCM-00004427,0
CUS-HCM-00004428,0
CUS-HCM-00004429,1
CUS-HCM-00004430,0
CUS-HCM-00004438,1
CUS-HCM-00004441,1
CUS-HCM-00004445,1
CUS-HCM-00004450,0
CUS-HCM-00004457,0
CUS-HCM-00004459,1
CUS-HCM-00004465,0
CUS-HCM-00004466,1
CUS-HCM-00004467,0
CUS-HCM-00004470,1
CUS-HCM-00004474,0
CUS-HCM-00004478,0
CUS-HCM-00004484,1
CUS-HCM-00004488,0
CUS-HCM-00004494,0
CUS-HCM-00004501,1
CUS-HCM-00004505,1
CUS-HCM-00004508,1
CUS-HCM-00004514,1
CUS-HCM-00004515,1
CUS-HCM-00004520,1
CUS-HCM-00004521,0
CUS-HCM-00004529,0
CUS-HCM-00004536,1
CUS-HCM-00004539,0
CUS-HCM-00004541,0
CUS-HCM-00004542,1
CUS-HCM-00004548,1
CUS-HCM-00004551,0
CUS-HCM-00004553,0
CUS-HCM-00004555,1
CUS-HCM-00004559,0
CUS-HCM-00004562,1
CUS-HCM-00004565,1
CUS-HCM-00004568,1
CUS-HCM-00004573,0
CUS-HCM-00004576,0
CUS-HCM-00004578,0
CUS-HCM-00004580,1
CUS-HCM-00004591,1
CUS-HCM-00004594,0
CUS-HCM-00004595,0
CUS-HCM-00004598,0
CUS-HCM-00004608,0
CUS-HCM-00004609,0
CUS-HCM-00004617,0
CUS-HCM-00004621,1
CUS-HCM-00004625,0
CUS-HCM-00004629,0
CUS-HCM-00004630,0
CUS-HCM-00004636,0
CUS-HCM-00004639,0
CUS-HCM-00004640,1
CUS-HCM-00004641,1
CUS-HCM-00004642,1
CUS-HCM-00004644,1
CUS-HCM-00004648,1
CUS-HCM-00004653,0
CUS-HCM-00004654,0
CUS-HCM-00004658,1
CUS-HCM-00004660,0
CUS-HCM-00004664,1
CUS-HCM-00004671,0
CUS-HCM-00004673,0
CUS-HCM-00004676,0
CUS-HCM-00004677,1
CUS-HCM-00004678,0
CUS-HCM-00004679,0
CUS-HCM-00004682,0
CUS-HCM-00004692,0
CUS-HCM-00004705,0
CUS-HCM-00004707,0
CUS-HCM-00004709,0
CUS-HCM-00004712,1
CUS-HCM-00004716,0
CUS-HCM-00004720,1
CUS-HCM-00004723,1
CUS-HCM-00004725,1
CUS-HCM-00004728,1
CUS-HCM-00004734,0
CUS-HCM-00004738,1
CUS-HCM-00004739,1
CUS-HCM-00004741,1
CUS-HCM-00004742,0
CUS-HCM-00004745,0
CUS-HCM-00004746,0
CUS-HCM-00004750,0
CUS-HCM-00004751,0
CUS-HCM-00004759,1
CUS-HCM-00004769,1
CUS-HCM-00004773,0
CUS-HCM-00004775,1
CUS-HCM-00004776,0
CUS-HCM-00004778,1
CUS-HCM-00004789,1
CUS-HCM-00004792,1
CUS-HCM-00004796,0
CUS-HCM-00004797,1
CUS-HCM-00004802,1
CUS-HCM-00004803,0
CUS-HCM-00004816,1
CUS-HCM-00004817,0
CUS-HCM-00004827,0
CUS-HCM-00004837,0
CUS-HCM-00004838,0
CUS-HCM-00004839,0
CUS-HCM-00004840,0
CUS-HCM-00004847,1
CUS-HCM-00004849,0
CUS-HCM-00004851,0
CUS-HCM-00004854,0
CUS-HCM-00004855,0
CUS-HCM-00004859,0
CUS-HCM-00004866,0
CUS-HCM-00004868,0
CUS-HCM-00004872,1
CUS-HCM-00004877,1
CUS-HCM-00004881,1
CUS-HCM-00004887,0
CUS-HCM-00004891,0
CUS-HCM-00004894,1
CUS-HCM-00004897,0
CUS-HCM-00004903,0
CUS-HCM-00004908,0
CUS-HCM-00004910,0
CUS-HCM-00004911,0
CUS-HCM-00004922,1
CUS-HCM-00004927,0
CUS-HCM-00004934,1
CUS-HCM-00004936,0
CUS-HCM-00004940,1
CUS-HCM-00004942,1
CUS-HCM-00004951,0
CUS-HCM-00004953,1
CUS-HCM-00004955,1
CUS-HCM-00004956,1
CUS-HCM-00004958,0
CUS-HCM-00004961,0
CUS-HCM-00004962,0
CUS-HCM-00004964,1
CUS-HCM-00004965,0
CUS-HCM-00004966,0
CUS-HCM-00004969,0
CUS-HCM-00004972,0
CUS-HCM-00004978,1
CUS-HCM-00004982,0
CUS-HCM-00004984,0
CUS-HCM-00004988,0
CUS-HCM-00004990,1
CUS-HCM-00004991,1
CUS-HCM-00004996,0
CUS-HCM-00004997,1
CUS-HCM-00005001,0
CUS-HCM-00005004,1
CUS-HCM-00005005,1
CUS-HCM-00005011,1
CUS-HCM-00005013,0
CUS-HCM-00005015,1
CUS-HCM-00005030,0
CUS-HCM-00005031,0
CUS-HCM-00005033,0
CUS-HCM-00005036,0
CUS-HCM-00005038,1
CUS-HCM-00005041,1
CUS-HCM-00005042,0
CUS-HCM-00005045,0
CUS-HCM-00005047,0
CUS-HCM-00005049,1
CUS-HCM-00005051,1
CUS-HCM-00005054,0
CUS-HCM-00005060,1
CUS-HCM-00005061,0
CUS-HCM-00005062,0
CUS-HCM-00005064,1
CUS-HCM-00005076,1
CUS-HCM-00005078,0
CUS-HCM-00005081,0
CUS-HCM-00005084,0
CUS-HCM-00005103,0
CUS-HCM-00005107,0
CUS-HCM-00005111,1
CUS-HCM-00005115,0
CUS-HCM-00005119,0
CUS-HCM-00005126,0
CUS-HCM-00005128,0
CUS-HCM-00005132,1
CUS-HCM-00005133,0
CUS-HCM-00005137,0
CUS-HCM-00005138,0
CUS-HCM-00005139,0
CUS-HCM-00005152,0
CUS-HCM-00005154,1
CUS-HCM-00005155,0
CUS-HCM-00005156,1
CUS-HCM-00005163,0
CUS-HCM-00005169,1
CUS-HCM-00005174,0
CUS-HCM-00005175,0
CUS-HCM-00005176,1
CUS-HCM-00005177,1
CUS-HCM-00005178,0
CUS-HCM-00005183,0
CUS-HCM-00005185,0
CUS-HCM-00005187,0
CUS-HCM-00005193,0
CUS-HCM-00005201,0
CUS-HCM-00005202,0
CUS-HCM-00005203,0
CUS-HCM-00005205,0
CUS-HCM-00005206,0
CUS-HCM-00005207,1
CUS-HCM-00005209,1
CUS-HCM-00005210,1
CUS-HCM-00005212,0
CUS-HCM-00005218,0
CUS-HCM-00005220,1
CUS-HCM-00005221,0
CUS-HCM-00005223,1
CUS-HCM-00005224,0
CUS-HCM-00005227,0
CUS-HCM-00005228,1
CUS-HCM-00005229,0
CUS-HCM-00005230,0
CUS-HCM-00005237,0
CUS-HCM-00005238,1
CUS-HCM-00005241,0
CUS-HCM-00005244,0
CUS-HCM-00005248,1
CUS-HCM-00005249,1
CUS-HCM-00005252,0
CUS-HCM-00005253,1
CUS-HCM-00005260,0
CUS-HCM-00005263,0
CUS-HCM-00005266,1
CUS-HCM-00005279,0
CUS-HCM-00005285,0
CUS-HCM-00005286,1
CUS-HCM-00005298,1
CUS-HCM-00005299,1
CUS-HCM-00005300,1
CUS-HCM-00005305,1
CUS-HCM-00005309,1
CUS-HCM-00005312,0
CUS-HCM-00005317,0
CUS-HCM-00005321,0
CUS-HCM-00005324,0
CUS-HCM-00005325,0
CUS-HCM-00005326,0
CUS-HCM-00005333,1
CUS-HCM-00005334,0
CUS-HCM-00005342,0
CUS-HCM-00005346,1
CUS-HCM-00005350,1
CUS-HCM-00005362,1
CUS-HCM-00005363,1
CUS-HCM-00005371,0
CUS-HCM-00005373,0
CUS-HCM-00005377,0
CUS-HCM-00005379,0
CUS-HCM-00005381,0
CUS-HCM-00005384,0
CUS-HCM-00005385,1
CUS-HCM-00005387,1
CUS-HCM-00005388,0
CUS-HCM-00005400,1
CUS-HCM-00005402,1
CUS-HCM-00005404,0
CUS-HCM-00005408,1
CUS-HCM-00005409,1
CUS-HCM-00005411,1
CUS-HCM-00005414,0
CUS-HCM-00005417,0
CUS-HCM-00005419,1
CUS-HCM-00005424,0
CUS-HCM-00005436,1
CUS-HCM-00005438,1
CUS-HCM-00005440,0
CUS-HCM-00005441,0
CUS-HCM-00005451,1
CUS-HCM-00005454,1
CUS-HCM-00005457,0
CUS-HCM-00005459,1
CUS-HCM-00005460,1
CUS-HCM-00005462,0
CUS-HCM-00005463,1
CUS-HCM-00005465,1
CUS-HCM-00005468,0
CUS-HCM-00005470,0
CUS-HCM-00005472,1
CUS-HCM-00005474,0
CUS-HCM-00005476,0
CUS-HCM-00005477,1
CUS-HCM-00005481,0
CUS-HCM-00005482,0
CUS-HCM-00005488,0
CUS-HCM-00005493,0
CUS-HCM-00005496,0
CUS-HCM-00005499,0
CUS-HCM-00005500,0
CUS-HCM-00005501,0
CUS-HCM-00005503,0
CUS-HCM-00005507,0
CUS-HCM-00005511,1
CUS-HCM-00005515,0
CUS-HCM-00005517,0
CUS-HCM-00005518,1
CUS-HCM-00005519,1
CUS-HCM-00005522,1
CUS-HCM-00005528,0
CUS-HCM-00005540,0
CUS-HCM-00005552,0
CUS-HCM-00005554,1
CUS-HCM-00005560,0
CUS-HCM-00005563,1
CUS-HCM-00005564,0
CUS-HCM-00005566,1
CUS-HCM-00005568,1
CUS-HCM-00005569,0
CUS-HCM-00005571,1
CUS-HCM-00005572,1
CUS-HCM-00005576,1
CUS-HCM-00005594,1
CUS-HCM-00005602,0
CUS-HCM-00005607,0
CUS-HCM-00005611,1
CUS-HCM-00005616,0
CUS-HCM-00005620,0
CUS-HCM-00005625,0
CUS-HCM-00005629,0
CUS-HCM-00005632,0
CUS-HCM-00005634,1
CUS-HCM-00005635,0
CUS-HCM-00005637,0
CUS-HCM-00005639,0
CUS-HCM-00005646,0
CUS-HCM-00005648,1
CUS-HCM-00005650,0
CUS-HCM-00005656,1
CUS-HCM-00005659,0
CUS-HCM-00005662,0
CUS-HCM-00005664,0
CUS-HCM-00005665,1
CUS-HCM-00005667,1
CUS-HCM-00005677,0
CUS-HCM-00005683,1
CUS-HCM-00005686,1
CUS-HCM-00005687,0
CUS-HCM-00005688,0
CUS-HCM-00005692,1
CUS-HCM-00005697,1
CUS-HCM-00005700,1
CUS-HCM-00005702,0
CUS-HCM-00005703,0
CUS-HCM-00005709,0
CUS-HCM-00005715,1
CUS-HCM-00005716,0
CUS-HCM-00005719,0
CUS-HCM-00005720,1
CUS-HCM-00005722,1
CUS-HCM-00005723,0
CUS-HCM-00005735,1
CUS-HCM-00005746,0
CUS-HCM-00005747,1
CUS-HCM-00005751,1
CUS-HCM-00005755,0
CUS-HCM-00005757,1
CUS-HCM-00005759,0
CUS-HCM-00005760,0
CUS-HCM-00005761,0
CUS-HCM-00005773,0
CUS-HCM-00005775,0
CUS-HCM-00005776,1
CUS-HCM-00005780,1
CUS-HCM-00005785,1
CUS-HCM-00005793,1
CUS-HCM-00005794,0
CUS-HCM-00005809,1
CUS-HCM-00005812,0
CUS-HCM-00005818,0
CUS-HCM-00005824,0
CUS-HCM-00005826,0
CUS-HCM-00005828,1
CUS-HCM-00005836,0
CUS-HCM-00005840,0
CUS-HCM-00005848,0
CUS-HCM-00005849,0
CUS-HCM-00005853,0
CUS-HCM-00005854,1
CUS-HCM-00005855,1
CUS-HCM-00005860,0
CUS-HCM-00005862,0
CUS-HCM-00005869,0
CUS-HCM-00005870,0
CUS-HCM-00005873,1
CUS-HCM-00005874,1
CUS-HCM-00005875,0
CUS-HCM-00005878,0
CUS-HCM-00005882,1
CUS-HCM-00005886,0
CUS-HCM-00005887,0
CUS-HCM-00005888,1
CUS-HCM-00005890,1
CUS-HCM-00005895,0
CUS-HCM-00005897,0
CUS-HCM-00005900,1
CUS-HCM-00005902,0
CUS-HCM-00005903,0
CUS-HCM-00005910,1
CUS-HCM-00005912,0
CUS-HCM-00005915,1
CUS-HCM-00005922,0
CUS-HCM-00005926,1
CUS-HCM-00005930,0
CUS-HCM-00005932,1
CUS-HCM-00005934,0
CUS-HCM-00005935,1
CUS-HCM-00005937,1
CUS-HCM-00005943,0
CUS-HCM-00005945,0
CUS-HCM-00005946,0
CUS-HCM-00005947,1
CUS-HCM-00005954,1
CUS-HCM-00005958,0
CUS-HCM-00005961,1
CUS-HCM-00005962,1
CUS-HCM-00005966,0
CUS-HCM-00005972,1
CUS-HCM-00005976,1
CUS-HCM-00005979,1
CUS-HCM-00005987,0
CUS-HCM-00005991,0
CUS-HCM-00006002,0
CUS-HCM-00006004,1
CUS-HCM-00006005,1
CUS-HCM-00006013,0
CUS-HCM-00006015,1
CUS-HCM-00006016,0
CUS-HCM-00006017,1
CUS-HCM-00006023,1
CUS-HCM-00006027,0
CUS-HCM-00006028,1
CUS-HCM-00006030,0
CUS-HCM-00006033,0
CUS-HCM-00006034,1
CUS-HCM-00006039,1
CUS-HCM-00006042,0
CUS-HCM-00006048,0
CUS-HCM-00006049,1
CUS-HCM-00006054,0
CUS-HCM-00006055,0
CUS-HCM-00006056,0
CUS-HCM-00006057,1
CUS-HCM-00006063,0
CUS-HCM-00006068,0
CUS-HCM-00006070,1
CUS-HCM-00006072,0
CUS-HCM-00006073,1
CUS-HCM-00006074,1
CUS-HCM-00006079,0
CUS-HCM-00006081,1
CUS-HCM-00006082,1
CUS-HCM-00006084,0
CUS-HCM-00006085,0
CUS-HCM-00006088,0
CUS-HCM-00006091,0
CUS-HCM-00006092,1
CUS-HCM-00006097,1
CUS-HCM-00006100,1
CUS-HCM-00006102,1
CUS-HCM-00006108,0
CUS-HCM-00006111,1
CUS-HCM-00006113,0
CUS-HCM-00006118,0
CUS-HCM-00006120,0
CUS-HCM-00006121,0
CUS-HCM-00006125,0
CUS-HCM-00006127,1
CUS-HCM-00006128,0
CUS-HCM-00006130,1
CUS-HCM-00006134,1
CUS-HCM-00006136,1
CUS-HCM-00006138,1
CUS-HCM-00006139,0
CUS-HCM-00006141,0
CUS-HCM-00006142,0
CUS-HCM-00006143,0
CUS-HCM-00006156,0
CUS-HCM-00006158,0
CUS-HCM-00006159,0
CUS-HCM-00006181,1
CUS-HCM-00006185,0
CUS-HCM-00006188,1
CUS-HCM-00006192,1
CUS-HCM-00006193,1
CUS-HCM-00006195,0
CUS-HCM-00006198,0
CUS-HCM-00006204,0
CUS-HCM-00006205,1
CUS-HCM-00006209,0
CUS-HCM-00006211,0
CUS-HCM-00006215,0
CUS-HCM-00006216,0
CUS-HCM-00006219,1
CUS-HCM-00006222,0
CUS-HCM-00006224,0
CUS-HCM-00006226,0
CUS-HCM-00006234,0
CUS-HCM-00006236,0
CUS-HCM-00006242,0
CUS-HCM-00006243,1
CUS-HCM-00006245,0
CUS-HCM-00006246,0
CUS-HCM-00006252,1
CUS-HCM-00006258,0
CUS-HCM-00006260,0
CUS-HCM-00006262,1
CUS-HCM-00006263,0
CUS-HCM-00006267,1
CUS-HCM-00006269,0
CUS-HCM-00006270,0
CUS-HCM-00006272,0
CUS-HCM-00006274,0
CUS-HCM-00006275,0
CUS-HCM-00006277,0
CUS-HCM-00006280,1
CUS-HCM-00006282,0
CUS-HCM-00006284,1
CUS-HCM-00006295,0
CUS-HCM-00006301,0
CUS-HCM-00006304,1
CUS-HCM-00006306,0
CUS-HCM-00006311,0
CUS-HCM-00006314,1
CUS-HCM-00006321,1
CUS-HCM-00006324,1
CUS-HCM-00006326,0
CUS-HCM-00006330,1
CUS-HCM-00006339,1
CUS-HCM-00006364,1
CUS-HCM-00006368,0
CUS-HCM-00006372,1
CUS-HCM-00006376,1
CUS-HCM-00006385,1
CUS-HCM-00006388,1
CUS-HCM-00006390,1
CUS-HCM-00006391,0
CUS-HCM-00006394,0
CUS-HCM-00006398,0
CUS-HCM-00006401,0
CUS-HCM-00006402,0
CUS-HCM-00006403,0
CUS-HCM-00006405,0
CUS-HCM-00006408,0
CUS-HCM-00006410,1
CUS-HCM-00006411,1
CUS-HCM-00006416,1
CUS-HCM-00006418,0
CUS-HCM-00006425,0
CUS-HCM-00006426,1
CUS-HCM-00006427,0
CUS-HCM-00006430,1
CUS-HCM-00006433,1
CUS-HCM-00006445,0
CUS-HCM-00006446,1
CUS-HCM-00006461,0
CUS-HCM-00006464,1
CUS-HCM-00006467,1
CUS-HCM-00006475,0
CUS-HCM-00006476,0
CUS-HCM-00006479,0
CUS-HCM-00006487,1
CUS-HCM-00006489,1
CUS-HCM-00006491,1
CUS-HCM-00006494,0
CUS-HCM-00006496,0
CUS-HCM-00006506,1
CUS-HCM-00006508,0
CUS-HCM-00006512,0
CUS-HCM-00006513,0
CUS-HCM-00006515,1
CUS-HCM-00006519,0
CUS-HCM-00006523,0
CUS-HCM-00006524,0
CUS-HCM-00006528,0
CUS-HCM-00006530,0
CUS-HCM-00006534,0
CUS-HCM-00006536,0
CUS-HCM-00006537,1
CUS-HCM-00006542,0
CUS-HCM-00006545,0
CUS-HCM-00006547,0
CUS-HCM-00006552,0
CUS-HCM-00006554,0
CUS-HCM-00006555,0
CUS-HCM-00006558,0
CUS-HCM-00006560,0
CUS-HCM-00006563,1
CUS-HCM-00006584,1
CUS-HCM-00006586,1
CUS-HCM-00006587,0
CUS-HCM-00006591,0
CUS-HCM-00006597,0
CUS-HCM-00006598,0
CUS-HCM-00006599,1
CUS-HCM-00006601,1
CUS-HCM-00006602,0
CUS-HCM-00006604,0
CUS-HCM-00006606,0
CUS-HCM-00006608,0
CUS-HCM-00006609,0
CUS-HCM-00006610,1
CUS-HCM-00006612,1
CUS-HCM-00006614,0
CUS-HCM-00006616,1
CUS-HCM-00006619,0
CUS-HCM-00006620,0
CUS-HCM-00006623,0
CUS-HCM-00006625,1
CUS-HCM-00006629,1
CUS-HCM-00006632,0
CUS-HCM-00006636,0
CUS-HCM-00006637,0
CUS-HCM-00006641,1
CUS-HCM-00006643,0
CUS-HCM-00006646,1
CUS-HCM-00006647,0
CUS-HCM-00006648,1
CUS-HCM-00006663,1
CUS-HCM-00006665,1
CUS-HCM-00006669,0
CUS-HCM-00006676,1
CUS-HCM-00006679,1
CUS-HCM-00006685,1
CUS-HCM-00006692,1
CUS-HCM-00006698,0
CUS-HCM-00006701,0
CUS-HCM-00006704,0
CUS-HCM-00006707,0
CUS-HCM-00006710,0
CUS-HCM-00006711,1
CUS-HCM-00006724,1
CUS-HCM-00006727,0
CUS-HCM-00006735,0
CUS-HCM-00006737,0
CUS-HCM-00006743,1
CUS-HCM-00006744,0
CUS-HCM-00006745,0
CUS-HCM-00006746,1
CUS-HCM-00006751,1
CUS-HCM-00006756,1
CUS-HCM-00006760,1
CUS-HCM-00006761,1
CUS-HCM-00006784,0
CUS-HCM-00006798,1
CUS-HCM-00006800,1
CUS-HCM-00006811,1
CUS-HCM-00006814,1
CUS-HCM-00006816,1
CUS-HCM-00006818,0
CUS-HCM-00006819,0
CUS-HCM-00006824,1
CUS-HCM-00006827,1
CUS-HCM-00006833,1
CUS-HCM-00006836,0
CUS-HCM-00006837,0
CUS-HCM-00006846,1
CUS-HCM-00006847,1
CUS-HCM-00006849,0
CUS-HCM-00006855,1
CUS-HCM-00006857,1
CUS-HCM-00006859,0
CUS-HCM-00006860,0
CUS-HCM-00006861,0
CUS-HCM-00006863,0
CUS-HCM-00006868,0
CUS-HCM-00006875,0
CUS-HCM-00006877,0
CUS-HCM-00006880,0
CUS-HCM-00006881,0
CUS-HCM-00006888,0
CUS-HCM-00006893,1
CUS-HCM-00006894,0
CUS-HCM-00006895,1
CUS-HCM-00006896,1
CUS-HCM-00006898,0
CUS-HCM-00006926,0
CUS-HCM-00006927,1
CUS-HCM-00006931,1
CUS-HCM-00006939,0
CUS-HCM-00006953,0
CUS-HCM-00006962,0
CUS-HCM-00006965,0
CUS-HCM-00006968,1
CUS-HCM-00006973,0
CUS-HCM-00006976,0
CUS-HCM-00006978,1
CUS-HCM-00006988,1
CUS-HCM-00006989,0
CUS-HCM-00006990,0
CUS-HCM-00006991,1
CUS-HCM-00006992,1
CUS-HCM-00007008,0
CUS-HCM-00007009,1
CUS-HCM-00007011,0
CUS-HCM-00007013,0
CUS-HCM-00007015,0
CUS-HCM-00007018,0
CUS-HCM-00007019,1
CUS-HCM-00007025,0
CUS-HCM-00007028,0
CUS-HCM-00007031,0
CUS-HCM-00007032,0
CUS-HCM-00007033,0
CUS-HCM-00007034,0
CUS-HCM-00007035,1
CUS-HCM-00007037,0
CUS-HCM-00007042,1
CUS-HCM-00007043,1
CUS-HCM-00007044,1
CUS-HCM-00007052,0
CUS-HCM-00007055,0
CUS-HCM-00007058,1
CUS-HCM-00007061,0
CUS-HCM-00007062,1
CUS-HCM-00007064,1
CUS-HCM-00007072,0
CUS-HCM-00007077,1
CUS-HCM-00007079,0
CUS-HCM-00007084,1
CUS-HCM-00007089,0
CUS-HCM-00007096,1
CUS-HCM-00007099,1
CUS-HCM-00007100,0
CUS-HCM-00007102,1
CUS-HCM-00007104,0
CUS-HCM-00007106,1
CUS-HCM-00007110,1
CUS-HCM-00007119,0
CUS-HCM-00007122,1
CUS-HCM-00007133,0
CUS-HCM-00007137,0
CUS-HCM-00007138,1
CUS-HCM-00007140,0
CUS-HCM-00007144,0
CUS-HCM-00007159,0
CUS-HCM-00007160,0
CUS-HCM-00007168,1
CUS-HCM-00007170,0
CUS-HCM-00007176,0
CUS-HCM-00007177,1
CUS-HCM-00007181,0
CUS-HCM-00007185,0
CUS-HCM-00007187,0
CUS-HCM-00007189,0
CUS-HCM-00007197,1
CUS-HCM-00007203,1
CUS-HCM-00007208,0
CUS-HCM-00007209,1
CUS-HCM-00007216,0
CUS-HCM-00007220,0
CUS-HCM-00007221,0
CUS-HCM-00007222,0
CUS-HCM-00007224,0
CUS-HCM-00007226,1
CUS-HCM-00007227,1
CUS-HCM-00007229,1
CUS-HCM-00007232,0
CUS-HCM-00007233,1
CUS-HCM-00007248,0
CUS-HCM-00007256,0
CUS-HCM-00007260,0
CUS-HCM-00007264,1
CUS-HCM-00007266,1
CUS-HCM-00007273,0
CUS-HCM-00007274,1
CUS-HCM-00007282,0
CUS-HCM-00007283,1
CUS-HCM-00007284,0
CUS-HCM-00007288,0
CUS-HCM-00007290,1
CUS-HCM-00007292,0
CUS-HCM-00007294,0
CUS-HCM-00007298,1
CUS-HCM-00007307,1
CUS-HCM-00007309,0
CUS-HCM-00007316,0
CUS-HCM-00007321,0
CUS-HCM-00007322,1
CUS-HCM-00007331,0
CUS-HCM-00007339,0
CUS-HCM-00007344,0
CUS-HCM-00007349,1
CUS-HCM-00007350,0
CUS-HCM-00007351,0
CUS-HCM-00007352,0
CUS-HCM-00007358,1
CUS-HCM-00007365,1
CUS-HCM-00007366,0
CUS-HCM-00007367,0
CUS-HCM-00007376,1
CUS-HCM-00007377,0
CUS-HCM-00007384,0
CUS-HCM-00007385,0
CUS-HCM-00007388,0
CUS-HCM-00007389,1
CUS-HCM-00007390,1
CUS-HCM-00007391,0
CUS-HCM-00007392,1
CUS-HCM-00007393,0
CUS-HCM-00007402,0
CUS-HCM-00007406,0
CUS-HCM-00007410,0
CUS-HCM-00007413,0
CUS-HCM-00007417,1
CUS-HCM-00007420,1
CUS-HCM-00007421,1
CUS-HCM-00007422,0
CUS-HCM-00007426,0
CUS-HCM-00007428,1
CUS-HCM-00007434,0
CUS-HCM-00007435,0
CUS-HCM-00007437,1
CUS-HCM-00007439,0
CUS-HCM-00007444,1
CUS-HCM-00007445,0
CUS-HCM-00007451,1
CUS-HCM-00007459,0
CUS-HCM-00007463,0
CUS-HCM-00007466,0
CUS-HCM-00007467,1
CUS-HCM-00007468,0
CUS-HCM-00007471,0
CUS-HCM-00007487,0
CUS-HCM-00007488,0
CUS-HCM-00007489,0
CUS-HCM-00007490,0
CUS-HCM-00007494,1
CUS-HCM-00007500,0
CUS-HCM-00007503,0
CUS-HCM-00007513,0
CUS-HCM-00007520,1
CUS-HCM-00007521,0
CUS-HCM-00007524,1
CUS-HCM-00007525,0
CUS-HCM-00007526,1
CUS-HCM-00007530,0
CUS-HCM-00007531,1
CUS-HCM-00007532,0
CUS-HCM-00007534,1
CUS-HCM-00007539,1
CUS-HCM-00007540,0
CUS-HCM-00007548,0
CUS-HCM-00007549,1
CUS-HCM-00007550,1
CUS-HCM-00007554,0
CUS-HCM-00007563,1
CUS-HCM-00007567,0
CUS-HCM-00007573,1
CUS-HCM-00007575,1
CUS-HCM-00007578,1
CUS-HCM-00007579,1
CUS-HCM-00007581,1
CUS-HCM-00007583,0
CUS-HCM-00007587,0
CUS-HCM-00007608,0
CUS-HCM-00007623,1
CUS-HCM-00007624,0
CUS-HCM-00007626,1
CUS-HCM-00007629,0
CUS-HCM-00007635,0
CUS-HCM-00007636,1
CUS-HCM-00007641,0
CUS-HCM-00007646,0
CUS-HCM-00007647,1
CUS-HCM-00007652,1
CUS-HCM-00007654,1
CUS-HCM-00007655,0
CUS-HCM-00007659,0
CUS-HCM-00007665,1
CUS-HCM-00007672,1
CUS-HCM-00007677,0
CUS-HCM-00007685,0
CUS-HCM-00007691,0
CUS-HCM-00007694,1
CUS-HCM-00007695,1
CUS-HCM-00007699,0
CUS-HCM-00007701,0
CUS-HCM-00007707,0
CUS-HCM-00007714,1
CUS-HCM-00007716,0
CUS-HCM-00007721,0
CUS-HCM-00007723,1
CUS-HCM-00007727,0
CUS-HCM-00007728,0
CUS-HCM-00007730,0
CUS-HCM-00007734,0
CUS-HCM-00007739,0
CUS-HCM-00007752,1
CUS-HCM-00007757,0
CUS-HCM-00007758,0
CUS-HCM-00007763,0
CUS-HCM-00007766,0
CUS-HCM-00007771,0
CUS-HCM-00007772,0
CUS-HCM-00007773,0
CUS-HCM-00007777,1
CUS-HCM-00007779,0
CUS-HCM-00007784,1
CUS-HCM-00007790,0
CUS-HCM-00007793,0
CUS-HCM-00007797,1
CUS-HCM-00007801,0
CUS-HCM-00007805,0
CUS-HCM-00007810,0
CUS-HCM-00007811,0
CUS-HCM-00007814,1
CUS-HCM-00007824,1
CUS-HCM-00007826,1
CUS-HCM-00007828,0
CUS-HCM-00007830,0
CUS-HCM-00007833,0
CUS-HCM-00007837,0
CUS-HCM-00007842,0
CUS-HCM-00007843,1
CUS-HCM-00007845,0
CUS-HCM-00007849,0
CUS-HCM-00007855,0
CUS-HCM-00007857,1
CUS-HCM-00007858,0
CUS-HCM-00007862,0
CUS-HCM-00007863,0
CUS-HCM-00007867,0
CUS-HCM-00007868,0
CUS-HCM-00007871,1
CUS-HCM-00007872,1
CUS-HCM-00007873,0
CUS-HCM-00007874,1
CUS-HCM-00007876,0
CUS-HCM-00007882,0
CUS-HCM-00007885,1
CUS-HCM-00007888,0
CUS-HCM-00007893,0
CUS-HCM-00007894,1
CUS-HCM-00007898,0
CUS-HCM-00007906,0
CUS-HCM-00007912,1
CUS-HCM-00007918,1
CUS-HCM-00007926,0
CUS-HCM-00007927,1
CUS-HCM-00007929,0
CUS-HCM-00007933,0
CUS-HCM-00007934,1
CUS-HCM-00007937,1
CUS-HCM-00007938,0
CUS-HCM-00007939,1
CUS-HCM-00007941,1
CUS-HCM-00007946,0
CUS-HCM-00007954,0
CUS-HCM-00007958,1
CUS-HCM-00007959,0
CUS-HCM-00007961,0
CUS-HCM-00007962,0
CUS-HCM-00007965,1
CUS-HCM-00007969,0
CUS-HCM-00007970,0
CUS-HCM-00007972,0
CUS-HCM-00007974,0
CUS-HCM-00007986,1
CUS-HCM-00007993,0
CUS-HCM-00007995,0
CUS-HCM-00007997,1
CUS-HCM-00007999,0
CUS-HCM-00008004,0
CUS-HCM-00008015,0
CUS-HCM-00008016,0
CUS-HCM-00008021,1
CUS-HCM-00008022,1
CUS-HCM-00008025,0
CUS-HCM-00008035,0
CUS-HCM-00008039,0
CUS-HCM-00008041,0
CUS-HCM-00008046,0
CUS-HCM-00008062,0
CUS-HCM-00008066,0
CUS-HCM-00008067,1
CUS-HCM-00008069,1
CUS-HCM-00008073,1
CUS-HCM-00008077,1
CUS-HCM-00008078,0
CUS-HCM-00008081,1
CUS-HCM-00008083,1
CUS-HCM-00008085,0
CUS-HCM-00008088,1
CUS-HCM-00008090,1
CUS-HCM-00008092,1
CUS-HCM-00008093,1
CUS-HCM-00008095,1
CUS-HCM-00008097,1
CUS-HCM-00008101,1
CUS-HCM-00008102,1
CUS-HCM-00008106,1
CUS-HCM-00008107,1
CUS-HCM-00008112,0
CUS-HCM-00008115,1
CUS-HCM-00008124,0
CUS-HCM-00008135,0
CUS-HCM-00008138,0
CUS-HCM-00008142,0
CUS-HCM-00008147,0
CUS-HCM-00008148,1
CUS-HCM-00008150,0
CUS-HCM-00008158,0
CUS-HCM-00008159,1
CUS-HCM-00008163,0
CUS-HCM-00008164,0
CUS-HCM-00008169,0
CUS-HCM-00008175,0
CUS-HCM-00008181,0
CUS-HCM-00008184,0
CUS-HCM-00008193,0
CUS-HCM-00008198,0
CUS-HCM-00008200,0
CUS-HCM-00008201,0
CUS-HCM-00008203,0
CUS-HCM-00008215,1
CUS-HCM-00008216,0
CUS-HCM-00008225,0
CUS-HCM-00008226,1
CUS-HCM-00008228,0
CUS-HCM-00008231,0
CUS-HCM-00008232,1
CUS-HCM-00008236,0
CUS-HCM-00008241,1
CUS-HCM-00008246,1
CUS-HCM-00008247,1
CUS-HCM-00008248,0
CUS-HCM-00008250,1
CUS-HCM-00008252,0
CUS-HCM-00008256,1
CUS-HCM-00008258,0
CUS-HCM-00008262,0
CUS-HCM-00008268,0
CUS-HCM-00008272,1
CUS-HCM-00008275,0
CUS-HCM-00008285,0
CUS-HCM-00008286,1
CUS-HCM-00008290,1
CUS-HCM-00008294,1
CUS-HCM-00008299,1
CUS-HCM-00008303,0
CUS-HCM-00008306,0
CUS-HCM-00008313,0
CUS-HCM-00008315,1
CUS-HCM-00008321,0
CUS-HCM-00008323,0
CUS-HCM-00008326,1
CUS-HCM-00008331,0
CUS-HCM-00008333,1
CUS-HCM-00008335,0
CUS-HCM-00008338,1
CUS-HCM-00008341,0
CUS-HCM-00008348,1
CUS-HCM-00008349,0
CUS-HCM-00008350,1
CUS-HCM-00008354,1
CUS-HCM-00008358,0
CUS-HCM-00008360,0
CUS-HCM-00008361,0
CUS-HCM-00008367,0
CUS-HCM-00008370,1
CUS-HCM-00008373,0
CUS-HCM-00008383,0
CUS-HCM-00008385,1
CUS-HCM-00008395,0
CUS-HCM-00008402,0
CUS-HCM-00008407,0
CUS-HCM-00008415,0
CUS-HCM-00008420,1
CUS-HCM-00008428,1
CUS-HCM-00008431,0
CUS-HCM-00008432,0
CUS-HCM-00008440,1
CUS-HCM-00008446,0
CUS-HCM-00008449,0
CUS-HCM-00008452,0
CUS-HCM-00008453,0
CUS-HCM-00008455,0
CUS-HCM-00008456,0
CUS-HCM-00008474,0
CUS-HCM-00008476,1
CUS-HCM-00008481,0
CUS-HCM-00008482,1
CUS-HCM-00008488,0
CUS-HCM-00008491,0
CUS-HCM-00008497,0
CUS-HCM-00008500,1
CUS-HCM-00008501,0
CUS-HCM-00008503,1
CUS-HCM-00008508,0
CUS-HCM-00008518,1
CUS-HCM-00008520,0
CUS-HCM-00008525,0
CUS-HCM-00008530,0
CUS-HCM-00008532,0
CUS-HCM-00008533,0
CUS-HCM-00008536,1
CUS-HCM-00008537,0
CUS-HCM-00008539,0
CUS-HCM-00008540,1
CUS-HCM-00008541,0
CUS-HCM-00008542,1
CUS-HCM-00008556,1
CUS-HCM-00008562,0
CUS-HCM-00008564,0
CUS-HCM-00008577,0
CUS-HCM-00008578,1
CUS-HCM-00008580,1
CUS-HCM-00008584,1
CUS-HCM-00008587,0
CUS-HCM-00008592,1
CUS-HCM-00008595,0
CUS-HCM-00008602,1
CUS-HCM-00008607,1
CUS-HCM-00008609,0
CUS-HCM-00008610,0
CUS-HCM-00008611,0
CUS-HCM-00008614,0
CUS-HCM-00008615,1
CUS-HCM-00008619,1
CUS-HCM-00008623,0
CUS-HCM-00008626,0
CUS-HCM-00008633,1
CUS-HCM-00008635,1
CUS-HCM-00008637,0
CUS-HCM-00008640,0
CUS-HCM-00008643,1
CUS-HCM-00008648,0
CUS-HCM-00008654,0
CUS-HCM-00008656,0
CUS-HCM-00008657,0
CUS-HCM-00008665,0
CUS-HCM-00008671,0
CUS-HCM-00008674,1
CUS-HCM-00008675,0
CUS-HCM-00008681,0
CUS-HCM-00008685,0
CUS-HCM-00008686,0
CUS-HCM-00008688,0
CUS-HCM-00008689,0
CUS-HCM-00008693,1
CUS-HCM-00008694,0
CUS-HCM-00008697,1
CUS-HCM-00008699,0
CUS-HCM-00008700,0
CUS-HCM-00008703,1
CUS-HCM-00008707,0
CUS-HCM-00008708,0
CUS-HCM-00008709,0
CUS-HCM-00008712,0
CUS-HCM-00008715,0
CUS-HCM-00008716,0
CUS-HCM-00008717,0
CUS-HCM-00008718,0
CUS-HCM-00008720,1
CUS-HCM-00008729,1
CUS-HCM-00008731,0
CUS-HCM-00008741,0
CUS-HCM-00008743,0
CUS-HCM-00008755,0
CUS-HCM-00008756,1
CUS-HCM-00008757,1
CUS-HCM-00008758,0
CUS-HCM-00008760,0
CUS-HCM-00008762,0
CUS-HCM-00008763,0
CUS-HCM-00008770,0
CUS-HCM-00008771,0
CUS-HCM-00008776,0
CUS-HCM-00008780,0
CUS-HCM-00008782,0
CUS-HCM-00008784,1
CUS-HCM-00008786,0
CUS-HCM-00008799,1
CUS-HCM-00008801,0
CUS-HCM-00008803,0
CUS-HCM-00008804,0
CUS-HCM-00008807,0
CUS-HCM-00008829,0
CUS-HCM-00008831,0
CUS-HCM-00008833,1
CUS-HCM-00008836,0
CUS-HCM-00008839,0
CUS-HCM-00008841,1
CUS-HCM-00008842,0
CUS-HCM-00008843,1
CUS-HCM-00008852,0
CUS-HCM-00008853,0
CUS-HCM-00008856,1
CUS-HCM-00008859,1
CUS-HCM-00008860,1
CUS-HCM-00008861,1
CUS-HCM-00008865,1
CUS-HCM-00008867,1
CUS-HCM-00008873,1
CUS-HCM-00008875,0
CUS-HCM-00008879,1
CUS-HCM-00008884,0
CUS-HCM-00008886,1
CUS-HCM-00008887,1
CUS-HCM-00008890,0
CUS-HCM-00008894,1
CUS-HCM-00008896,0
CUS-HCM-00008897,1
CUS-HCM-00008900,1
CUS-HCM-00008901,1
CUS-HCM-00008906,0
CUS-HCM-00008910,0
CUS-HCM-00008916,0
CUS-HCM-00008918,1
CUS-HCM-00008923,0
CUS-HCM-00008933,0
CUS-HCM-00008937,0
CUS-HCM-00008938,1
CUS-HCM-00008941,0
CUS-HCM-00008942,0
CUS-HCM-00008943,0
CUS-HCM-00008947,1
CUS-HCM-00008950,0
CUS-HCM-00008959,1
CUS-HCM-00008961,0
CUS-HCM-00008966,1
CUS-HCM-00008974,0
CUS-HCM-00008976,0
CUS-HCM-00008977,0
CUS-HCM-00008989,0
CUS-HCM-00008992,1
CUS-HCM-00008993,0
CUS-HCM-00009002,0
CUS-HCM-00009004,0
CUS-HCM-00009005,0
CUS-HCM-00009007,0
CUS-HCM-00009010,0
CUS-HCM-00009029,1
CUS-HCM-00009030,1
CUS-HCM-00009040,1
CUS-HCM-00009041,0
CUS-HCM-00009042,0
CUS-HCM-00009046,1
CUS-HCM-00009047,1
CUS-HCM-00009051,1
CUS-HCM-00009059,0
CUS-HCM-00009065,1
CUS-HCM-00009071,0
CUS-HCM-00009076,0
CUS-HCM-00009079,0
CUS-HCM-00009083,1
CUS-HCM-00009084,0
CUS-HCM-00009085,0
CUS-HCM-00009086,0
CUS-HCM-00009087,1
CUS-HCM-00009093,1
CUS-HCM-00009094,1
CUS-HCM-00009095,0
CUS-HCM-00009107,0
CUS-HCM-00009117,0
CUS-HCM-00009127,0
CUS-HCM-00009131,0
CUS-HCM-00009135,1
CUS-HCM-00009140,1
CUS-HCM-00009143,1
CUS-HCM-00009145,0
CUS-HCM-00009147,1
CUS-HCM-00009150,1
CUS-HCM-00009158,0
CUS-HCM-00009159,1
CUS-HCM-00009168,1
CUS-HCM-00009169,0
CUS-HCM-00009171,1
CUS-HCM-00009173,0
CUS-HCM-00009174,1
CUS-HCM-00009180,0
CUS-HCM-00009182,0
CUS-HCM-00009194,0
CUS-HCM-00009196,1
CUS-HCM-00009198,0
CUS-HCM-00009201,0
CUS-HCM-00009205,1
CUS-HCM-00009209,0
CUS-HCM-00009213,0
CUS-HCM-00009214,1
CUS-HCM-00009215,0
CUS-HCM-00009220,0
CUS-HCM-00009225,1
CUS-HCM-00009231,0
CUS-HCM-00009235,0
CUS-HCM-00009243,1
CUS-HCM-00009244,0
CUS-HCM-00009251,1
CUS-HCM-00009256,0
CUS-HCM-00009262,0
CUS-HCM-00009265,1
CUS-HCM-00009271,0
CUS-HCM-00009276,0
CUS-HCM-00009278,0
CUS-HCM-00009284,1
CUS-HCM-00009286,0
CUS-HCM-00009290,1
CUS-HCM-00009294,1
CUS-HCM-00009295,0
CUS-HCM-00009297,1
CUS-HCM-00009300,0
CUS-HCM-00009303,1
CUS-HCM-00009305,0
CUS-HCM-00009311,1
CUS-HCM-00009313,0
CUS-HCM-00009315,1
CUS-HCM-00009320,0
CUS-HCM-00009323,0
CUS-HCM-00009328,1
CUS-HCM-00009329,0
CUS-HCM-00009332,0
CUS-HCM-00009341,0
CUS-HCM-00009342,1
CUS-HCM-00009344,0
CUS-HCM-00009350,1
CUS-HCM-00009360,0
CUS-HCM-00009366,0
CUS-HCM-00009372,1
CUS-HCM-00009376,0
CUS-HCM-00009378,1
CUS-HCM-00009380,0
CUS-HCM-00009389,0
CUS-HCM-00009390,0
CUS-HCM-00009394,0
CUS-HCM-00009408,0
CUS-HCM-00009413,0
CUS-HCM-00009421,0
CUS-HCM-00009422,0
CUS-HCM-00009424,1
CUS-HCM-00009427,0
CUS-HCM-00009432,1
CUS-HCM-00009440,1
CUS-HCM-00009449,1
CUS-HCM-00009452,0
CUS-HCM-00009456,1
CUS-HCM-00009457,1
CUS-HCM-00009458,0
CUS-HCM-00009462,0
CUS-HCM-00009464,0
CUS-HCM-00009466,1
CUS-HCM-00009467,0
CUS-HCM-00009470,1
CUS-HCM-00009472,0
CUS-HCM-00009473,0
CUS-HCM-00009474,1
CUS-HCM-00009486,0
CUS-HCM-00009495,0
CUS-HCM-00009496,0
CUS-HCM-00009497,0
CUS-HCM-00009498,1
CUS-HCM-00009500,0
CUS-HCM-00009504,0
CUS-HCM-00009508,0
CUS-HCM-00009510,1
CUS-HCM-00009513,1
CUS-HCM-00009515,1
CUS-HCM-00009520,1
CUS-HCM-00009523,0
CUS-HCM-00009525,0
CUS-HCM-00009528,0
CUS-HCM-00009530,1
CUS-HCM-00009538,0
CUS-HCM-00009540,0
CUS-HCM-00009550,1
CUS-HCM-00009552,0
CUS-HCM-00009554,0
CUS-HCM-00009555,0
CUS-HCM-00009556,0
CUS-HCM-00009562,1
CUS-HCM-00009563,0
CUS-HCM-00009567,0
CUS-HCM-00009569,0
CUS-HCM-00009571,0
CUS-HCM-00009575,1
CUS-HCM-00009577,0
CUS-HCM-00009579,0
CUS-HCM-00009580,1
CUS-HCM-00009582,1
CUS-HCM-00009583,0
CUS-HCM-00009590,1
CUS-HCM-00009592,1
CUS-HCM-00009597,0
CUS-HCM-00009602,0
CUS-HCM-00009605,1
CUS-HCM-00009614,1
CUS-HCM-00009615,1
CUS-HCM-00009617,0
CUS-HCM-00009618,1
CUS-HCM-00009621,0
CUS-HCM-00009627,0
CUS-HCM-00009633,0
CUS-HCM-00009636,0
CUS-HCM-00009642,1
CUS-HCM-00009644,1
CUS-HCM-00009649,0
CUS-HCM-00009653,0
CUS-HCM-00009658,1
CUS-HCM-00009663,1
CUS-HCM-00009665,1
CUS-HCM-00009676,0
CUS-HCM-00009682,0
CUS-HCM-00009685,0
CUS-HCM-00009686,1
CUS-HCM-00009689,0
CUS-HCM-00009690,1
CUS-HCM-00009692,1
CUS-HCM-00009694,1
CUS-HCM-00009699,0
CUS-HCM-00009700,0
CUS-HCM-00009701,0
CUS-HCM-00009702,0
CUS-HCM-00009706,1
CUS-HCM-00009715,0
CUS-HCM-00009717,0
CUS-HCM-00009718,0
CUS-HCM-00009720,0
CUS-HCM-00009727,0
CUS-HCM-00009728,0
CUS-HCM-00009734,0
CUS-HCM-00009735,1
CUS-HCM-00009737,0
CUS-HCM-00009738,1
CUS-HCM-00009750,1
CUS-HCM-00009754,0
CUS-HCM-00009759,1
CUS-HCM-00009760,1
CUS-HCM-00009762,0
CUS-HCM-00009767,0
CUS-HCM-00009770,0
CUS-HCM-00009776,0
CUS-HCM-00009777,0
CUS-HCM-00009781,1
CUS-HCM-00009784,1
CUS-HCM-00009787,0
CUS-HCM-00009789,0
CUS-HCM-00009791,0
CUS-HCM-00009792,0
CUS-HCM-00009793,1
CUS-HCM-00009794,0
CUS-HCM-00009795,0
CUS-HCM-00009797,0
CUS-HCM-00009799,1
CUS-HCM-00009801,1
CUS-HCM-00009805,0
CUS-HCM-00009808,0
CUS-HCM-00009814,0
CUS-HCM-00009816,0
CUS-HCM-00009817,0
CUS-HCM-00009818,0
CUS-HCM-00009826,1
CUS-HCM-00009832,1
CUS-HCM-00009836,1
CUS-HCM-00009837,1
CUS-HCM-00009842,0
CUS-HCM-00009843,1
CUS-HCM-00009845,0
CUS-HCM-00009850,0
CUS-HCM-00009851,1
CUS-HCM-00009854,1
CUS-HCM-00009855,0
CUS-HCM-00009856,1
CUS-HCM-00009861,0
CUS-HCM-00009863,1
CUS-HCM-00009865,0
CUS-HCM-00009867,0
CUS-HCM-00009869,1
CUS-HCM-00009871,0
CUS-HCM-00009874,0
CUS-HCM-00009875,0
CUS-HCM-00009879,0
CUS-HCM-00009881,1
CUS-HCM-00009882,0
CUS-HCM-00009885,1
CUS-HCM-00009889,0
CUS-HCM-00009893,0
CUS-HCM-00009901,1
CUS-HCM-00009902,1
CUS-HCM-00009911,1
CUS-HCM-00009914,0
CUS-HCM-00009919,0
CUS-HCM-00009921,0
CUS-HCM-00009924,0
CUS-HCM-00009925,0
CUS-HCM-00009928,1
CUS-HCM-00009931,1
CUS-HCM-00009934,1
CUS-HCM-00009942,1
CUS-HCM-00009946,1
CUS-HCM-00009948,1
CUS-HCM-00009951,0
CUS-HCM-00009958,1
CUS-HCM-00009963,0
CUS-HCM-00009965,0
CUS-HCM-00009966,0
CUS-HCM-00009969,0
CUS-HCM-00009972,0
CUS-HCM-00009976,1
CUS-HCM-00009979,1
CUS-HCM-00009980,0
CUS-HCM-00009982,0
CUS-HCM-00009994,1
CUS-HCM-00009998,0
CUS-HCM-00010003,1
CUS-HCM-00010004,1
CUS-HCM-00010006,0
CUS-HCM-00010009,0
CUS-HCM-00010013,0
CUS-HCM-00010014,0
CUS-HCM-00010016,0
CUS-HCM-00010019,0
CUS-HCM-00010021,1
CUS-HCM-00010025,0
CUS-HCM-00010026,0
CUS-HCM-00010028,1
CUS-HCM-00010034,0
CUS-HCM-00010041,0
CUS-HCM-00010051,0
CUS-HCM-00010052,0
CUS-HCM-00010056,1
CUS-HCM-00010057,0
CUS-HCM-00010064,1
CUS-HCM-00010069,0
CUS-HCM-00010070,1
CUS-HCM-00010075,1
CUS-HCM-00010078,1
CUS-HCM-00010082,1
CUS-HCM-00010083,0
CUS-HCM-00010089,1
CUS-HCM-00010092,0
CUS-HCM-00010093,0
CUS-HCM-00010097,0
CUS-HCM-00010099,0
CUS-HCM-00010100,1
CUS-HCM-00010115,0
CUS-HCM-00010121,0
CUS-HCM-00010122,0
CUS-HCM-00010123,1
CUS-HCM-00010124,1
CUS-HCM-00010125,1
CUS-HCM-00010127,1
CUS-HCM-00010129,0
CUS-HCM-00010132,1
CUS-HCM-00010136,1
CUS-HCM-00010140,0
CUS-HCM-00010141,0
CUS-HCM-00010144,0
CUS-HCM-00010147,0
CUS-HCM-00010148,1
CUS-HCM-00010153,1
CUS-HCM-00010161,1
CUS-HCM-00010165,1
CUS-HCM-00010170,1
CUS-HCM-00010174,0
CUS-HCM-00010175,1
CUS-HCM-00010177,0
CUS-HCM-00010179,0
CUS-HCM-00010183,1
CUS-HCM-00010184,1
CUS-HCM-00010185,0
CUS-HCM-00010186,0
CUS-HCM-00010189,1
CUS-HCM-00010190,1
CUS-HCM-00010192,0
CUS-HCM-00010195,0
CUS-HCM-00010197,0
CUS-HCM-00010208,0
CUS-HCM-00010209,0
CUS-HCM-00010211,0
CUS-HCM-00010213,0
CUS-HCM-00010218,1
CUS-HCM-00010219,0
CUS-HCM-00010228,0
CUS-HCM-00010229,1
CUS-HCM-00010236,0
CUS-HCM-00010238,1
CUS-HCM-00010242,0
CUS-HCM-00010243,1
CUS-HCM-00010247,0
CUS-HCM-00010249,0
CUS-HCM-00010263,1
CUS-HCM-00010264,0
CUS-HCM-00010270,1
CUS-HCM-00010275,0
CUS-HCM-00010276,1
CUS-HCM-00010279,0
CUS-HCM-00010285,0
CUS-HCM-00010286,1
CUS-HCM-00010290,1
CUS-HCM-00010295,1
CUS-HCM-00010301,1
CUS-HCM-00010308,0
CUS-HCM-00010310,0
CUS-HCM-00010311,0
CUS-HCM-00010323,0
CUS-HCM-00010325,0
CUS-HCM-00010326,0
CUS-HCM-00010327,0
CUS-HCM-00010328,0
CUS-HCM-00010334,0
CUS-HCM-00010335,1
CUS-HCM-00010343,1
CUS-HCM-00010351,0
CUS-HCM-00010363,1
CUS-HCM-00010365,0
CUS-HCM-00010366,1
CUS-HCM-00010371,0
CUS-HCM-00010372,0
CUS-HCM-00010373,1
CUS-HCM-00010374,0
CUS-HCM-00010378,0
CUS-HCM-00010380,0
CUS-HCM-00010383,1
CUS-HCM-00010389,0
CUS-HCM-00010390,0
CUS-HCM-00010397,0
CUS-HCM-00010402,1
CUS-HCM-00010405,1
CUS-HCM-00010406,1
CUS-HCM-00010410,0
CUS-HCM-00010412,0
CUS-HCM-00010413,0
CUS-HCM-00010418,1
CUS-HCM-00010419,0
CUS-HCM-00010421,0
CUS-HCM-00010422,0
CUS-HCM-00010424,0
CUS-HCM-00010427,1
CUS-HCM-00010431,1
CUS-HCM-00010437,1
CUS-HCM-00010446,1
CUS-HCM-00010448,0
CUS-HCM-00010449,0
CUS-HCM-00010454,1
CUS-HCM-00010458,0
CUS-HCM-00010463,0
CUS-HCM-00010465,1
CUS-HCM-00010468,0
CUS-HCM-00010470,1
CUS-HCM-00010471,1
CUS-HCM-00010476,0
CUS-HCM-00010479,0
CUS-HCM-00010482,0
CUS-HCM-00010485,1
CUS-HCM-00010487,0
CUS-HCM-00010488,0
CUS-HCM-00010491,1
CUS-HCM-00010502,1
CUS-HCM-00010503,0
CUS-HCM-00010508,0
CUS-HCM-00010509,1
CUS-HCM-00010513,1
CUS-HCM-00010516,0
CUS-HCM-00010517,0
CUS-HCM-00010523,0
CUS-HCM-00010529,1
CUS-HCM-00010532,0
CUS-HCM-00010535,0
CUS-HCM-00010543,1
CUS-HCM-00010545,0
CUS-HCM-00010552,1
CUS-HCM-00010554,0
CUS-HCM-00010558,0
CUS-HCM-00010564,0
CUS-HCM-00010567,0
CUS-HCM-00010579,0
CUS-HCM-00010580,0
CUS-HCM-00010589,1
CUS-HCM-00010591,0
CUS-HCM-00010597,0
CUS-HCM-00010599,1
CUS-HCM-00010606,1
CUS-HCM-00010611,0
CUS-HCM-00010612,0
CUS-HCM-00010614,0
CUS-HCM-00010627,0
CUS-HCM-00010628,1
CUS-HCM-00010631,0
CUS-HCM-00010636,0
CUS-HCM-00010649,0
CUS-HCM-00010650,1
CUS-HCM-00010654,1
CUS-HCM-00010656,0
CUS-HCM-00010661,1
CUS-HCM-00010665,0
CUS-HCM-00010668,0
CUS-HCM-00010669,0
CUS-HCM-00010670,0
CUS-HCM-00010671,1
CUS-HCM-00010679,0
CUS-HCM-00010693,0
CUS-HCM-00010694,1
CUS-HCM-00010696,1
CUS-HCM-00010703,1
CUS-HCM-00010705,0
CUS-HCM-00010714,1
CUS-HCM-00010719,0
CUS-HCM-00010721,0
CUS-HCM-00010723,0
CUS-HCM-00010724,1
CUS-HCM-00010732,1
CUS-HCM-00010735,1
CUS-HCM-00010743,0
CUS-HCM-00010750,0
CUS-HCM-00010752,0
CUS-HCM-00010754,0
CUS-HCM-00010761,1
CUS-HCM-00010763,0
CUS-HCM-00010767,0
CUS-HCM-00010771,1
CUS-HCM-00010775,1
CUS-HCM-00010783,0
CUS-HCM-00010784,1
CUS-HCM-00010788,0
CUS-HCM-00010789,1
CUS-HCM-00010790,0
CUS-HCM-00010795,0
CUS-HCM-00010797,0
CUS-HCM-00010801,0
CUS-HCM-00010802,0
CUS-HCM-00010804,0
CUS-HCM-00010809,0
CUS-HCM-00010815,0
CUS-HCM-00010816,0
CUS-HCM-00010819,0
CUS-HCM-00010822,0
CUS-HCM-00010823,1
CUS-HCM-00010832,0
CUS-HCM-00010836,0
CUS-HCM-00010839,0
CUS-HCM-00010843,0
CUS-HCM-00010845,1
CUS-HCM-00010848,0
CUS-HCM-00010864,1
CUS-HCM-00010866,0
CUS-HCM-00010867,0
CUS-HCM-00010868,1
CUS-HCM-00010872,1
CUS-HCM-00010874,0
CUS-HCM-00010877,0
CUS-HCM-00010881,0
CUS-HCM-00010886,1
CUS-HCM-00010890,1
CUS-HCM-00010892,0
CUS-HCM-00010899,0
CUS-HCM-00010900,1
CUS-HCM-00010901,0
CUS-HCM-00010905,0
CUS-HCM-00010906,0
CUS-HCM-00010908,1
CUS-HCM-00010920,0
CUS-HCM-00010926,0
CUS-HCM-00010931,1
CUS-HCM-00010936,0
CUS-HCM-00010950,1
CUS-HCM-00010961,1
CUS-HCM-00010962,0
CUS-HCM-00010966,0
CUS-HCM-00010978,0
CUS-HCM-00010983,0
CUS-HCM-00010984,0
CUS-HCM-00010986,1
CUS-HCM-00010987,1
CUS-HCM-00010989,0
CUS-HCM-00010994,1
CUS-HCM-00011002,1
CUS-HCM-00011006,0
CUS-HCM-00011019,0
CUS-HCM-00011025,0
CUS-HCM-00011027,1
CUS-HCM-00011032,0
CUS-HCM-00011050,1
CUS-HCM-00011051,1
CUS-HCM-00011057,1
CUS-HCM-00011058,1
CUS-HCM-00011060,1
CUS-HCM-00011063,0
CUS-HCM-00011065,1
CUS-HCM-00011072,1
CUS-HCM-00011077,1
CUS-HCM-00011079,0
CUS-HCM-00011083,1
CUS-HCM-00011092,1
CUS-HCM-00011095,1
CUS-HCM-00011097,0
CUS-HCM-00011099,0
CUS-HCM-00011102,1
CUS-HCM-00011106,1
CUS-HCM-00011113,0
CUS-HCM-00011117,0
CUS-HCM-00011124,0
CUS-HCM-00011128,0
CUS-HCM-00011129,0
CUS-HCM-00011131,0
CUS-HCM-00011133,0
CUS-HCM-00011140,0
CUS-HCM-00011144,0
CUS-HCM-00011145,0
CUS-HCM-00011147,1
CUS-HCM-00011148,1
CUS-HCM-00011149,0
CUS-HCM-00011151,1
CUS-HCM-00011152,1
CUS-HCM-00011153,1
CUS-HCM-00011155,1
CUS-HCM-00011156,0
CUS-HCM-00011159,1
CUS-HCM-00011160,0
CUS-HCM-00011161,0
CUS-HCM-00011163,0
CUS-HCM-00011167,0
CUS-HCM-00011171,0
CUS-HCM-00011181,1
CUS-HCM-00011182,0
CUS-HCM-00011185,0
CUS-HCM-00011189,0
CUS-HCM-00011192,0
CUS-HCM-00011197,0
CUS-HCM-00011198,1
CUS-HCM-00011199,1
CUS-HCM-00011200,1
CUS-HCM-00011202,0
CUS-HCM-00011204,1
CUS-HCM-00011205,1
CUS-HCM-00011206,0
CUS-HCM-00011210,1
CUS-HCM-00011214,0
CUS-HCM-00011215,1
CUS-HCM-00011216,0
CUS-HCM-00011223,1
CUS-HCM-00011225,1
CUS-HCM-00011226,0
CUS-HCM-00011231,0
CUS-HCM-00011233,0
CUS-HCM-00011240,1
CUS-HCM-00011242,1
CUS-HCM-00011247,0
CUS-HCM-00011249,1
CUS-HCM-00011253,0
CUS-HCM-00011254,0
CUS-HCM-00011256,1
CUS-HCM-00011257,1
CUS-HCM-00011260,0
CUS-HCM-00011265,0
CUS-HCM-00011266,1
CUS-HCM-00011269,1
CUS-HCM-00011270,0
CUS-HCM-00011274,1
CUS-HCM-00011275,0
CUS-HCM-00011277,1
CUS-HCM-00011278,1
CUS-HCM-00011281,1
CUS-HCM-00011284,0
CUS-HCM-00011290,0
CUS-HCM-00011293,1
CUS-HCM-00011307,0
CUS-HCM-00011309,0
CUS-HCM-00011310,0
CUS-HCM-00011314,1
CUS-HCM-00011315,0
CUS-HCM-00011316,0
CUS-HCM-00011318,0
CUS-HCM-00011320,1
CUS-HCM-00011325,1
CUS-HCM-00011328,1
CUS-HCM-00011335,0
CUS-HCM-00011336,1
CUS-HCM-00011337,0
CUS-HCM-00011340,0
CUS-HCM-00011342,0
CUS-HCM-00011344,0
CUS-HCM-00011348,0
CUS-HCM-00011351,0
CUS-HCM-00011353,0
CUS-HCM-00011354,0
CUS-HCM-00011356,0
CUS-HCM-00011359,0
CUS-HCM-00011360,1
CUS-HCM-00011367,0
CUS-HCM-00011371,0
CUS-HCM-00011373,0
CUS-HCM-00011375,0
CUS-HCM-00011376,0
CUS-HCM-00011382,0
CUS-HCM-00011386,0
CUS-HCM-00011387,0
CUS-HCM-00011389,1
CUS-HCM-00011399,0
CUS-HCM-00011403,0
CUS-HCM-00011404,0
CUS-HCM-00011410,1
CUS-HCM-00011411,1
CUS-HCM-00011412,1
CUS-HCM-00011422,1
CUS-HCM-00011424,1
CUS-HCM-00011425,1
CUS-HCM-00011428,1
CUS-HCM-00011429,1
CUS-HCM-00011431,0
CUS-HCM-00011432,0
CUS-HCM-00011438,0
CUS-HCM-00011443,0
CUS-HCM-00011444,1
CUS-HCM-00011446,0
CUS-HCM-00011448,1
CUS-HCM-00011454,0
CUS-HCM-00011456,1
CUS-HCM-00011457,1
CUS-HCM-00011458,0
CUS-HCM-00011460,0
CUS-HCM-00011473,0
CUS-HCM-00011474,1
CUS-HCM-00011475,0
CUS-HCM-00011476,0
CUS-HCM-00011477,0
CUS-HCM-00011483,1
CUS-HCM-00011489,0
CUS-HCM-00011491,0
CUS-HCM-00011492,1
CUS-HCM-00011493,1
CUS-HCM-00011494,0
CUS-HCM-00011497,0
CUS-HCM-00011508,1
CUS-HCM-00011514,0
CUS-HCM-00011515,0
CUS-HCM-00011519,1
CUS-HCM-00011522,1
CUS-HCM-00011524,0
CUS-HCM-00011527,1
CUS-HCM-00011532,1
CUS-HCM-00011533,1
CUS-HCM-00011535,0
CUS-HCM-00011536,0
CUS-HCM-00011538,1
CUS-HCM-00011542,0
CUS-HCM-00011551,0
CUS-HCM-00011554,1
CUS-HCM-00011557,0
CUS-HCM-00011564,1
CUS-HCM-00011565,1
CUS-HCM-00011576,0
CUS-HCM-00011578,0
CUS-HCM-00011588,0
CUS-HCM-00011589,0
CUS-HCM-00011590,1
CUS-HCM-00011592,0
CUS-HCM-00011600,1
CUS-HCM-00011602,0
CUS-HCM-00011603,0
CUS-HCM-00011605,1
CUS-HCM-00011606,0
CUS-HCM-00011609,1
CUS-HCM-00011610,0
CUS-HCM-00011611,0
CUS-HCM-00011613,1
CUS-HCM-00011616,0
CUS-HCM-00011618,1
CUS-HCM-00011620,0
CUS-HCM-00011627,0
CUS-HCM-00011633,1
CUS-HCM-00011634,0
CUS-HCM-00011642,0
CUS-HCM-00011646,0
CUS-HCM-00011655,1
CUS-HCM-00011659,0
CUS-HCM-00011675,1
CUS-HCM-00011676,1
CUS-HCM-00011687,0
CUS-HCM-00011688,1
CUS-HCM-00011691,1
CUS-HCM-00011693,1
CUS-HCM-00011694,1
CUS-HCM-00011703,0
CUS-HCM-00011705,1
CUS-HCM-00011708,1
CUS-HCM-00011712,1
CUS-HCM-00011713,0
CUS-HCM-00011721,0
CUS-HCM-00011725,1
CUS-HCM-00011726,0
CUS-HCM-00011730,1
CUS-HCM-00011734,0
CUS-HCM-00011748,0
CUS-HCM-00011752,0
CUS-HCM-00011763,1
CUS-HCM-00011764,1
CUS-HCM-00011766,1
CUS-HCM-00011769,1
CUS-HCM-00011770,0
CUS-HCM-00011775,0
CUS-HCM-00011776,0
CUS-HCM-00011777,1
CUS-HCM-00011781,1
CUS-HCM-00011786,0
CUS-HCM-00011790,0
CUS-HCM-00011794,1
CUS-HCM-00011799,0
CUS-HCM-00011809,0
CUS-HCM-00011818,0
CUS-HCM-00011819,0
CUS-HCM-00011828,1
CUS-HCM-00011829,0
CUS-HCM-00011830,0
CUS-HCM-00011831,0
CUS-HCM-00011832,1
CUS-HCM-00011835,1
CUS-HCM-00011840,1
CUS-HCM-00011849,1
CUS-HCM-00011850,0
CUS-HCM-00011851,0
CUS-HCM-00011852,0
CUS-HCM-00011855,0
CUS-HCM-00011857,1
CUS-HCM-00011869,1
CUS-HCM-00011870,1
CUS-HCM-00011871,0
CUS-HCM-00011874,0
CUS-HCM-00011878,0
CUS-HCM-00011879,0
CUS-HCM-00011888,1
CUS-HCM-00011890,0
CUS-HCM-00011892,1
CUS-HCM-00011895,1
CUS-HCM-00011896,1
CUS-HCM-00011898,0
CUS-HCM-00011901,1
CUS-HCM-00011914,1
CUS-HCM-00011925,1
CUS-HCM-00011933,0
CUS-HCM-00011943,0
CUS-HCM-00011944,0
CUS-HCM-00011945,0
CUS-HCM-00011947,0
CUS-HCM-00011953,0
CUS-HCM-00011958,0
CUS-HCM-00011960,1
CUS-HCM-00011962,1
CUS-HCM-00011964,0
CUS-HCM-00011965,1
CUS-HCM-00011966,0
CUS-HCM-00011972,1
CUS-HCM-00011975,0
CUS-HCM-00011976,0
CUS-HCM-00011977,0
CUS-HCM-00011979,1
CUS-HCM-00011982,1
CUS-HCM-00011984,0
CUS-HCM-00011985,0
CUS-HCM-00011987,0
CUS-HCM-00011988,0
CUS-HCM-00011992,0
CUS-HCM-00011995,1
CUS-HCM-00011997,1
CUS-HPH-00000017,0
CUS-HPH-00000058,1
CUS-HPH-00000063,0
CUS-HPH-00000066,0
CUS-HPH-00000067,0
CUS-HPH-00000079,1
CUS-HPH-00000114,0
CUS-HPH-00000121,1
CUS-HPH-00000130,0
CUS-HPH-00000133,0
CUS-HPH-00000135,0
CUS-HPH-00000144,0
CUS-HPH-00000154,1
CUS-HPH-00000165,0
CUS-HPH-00000197,1
CUS-HPH-00000212,0
CUS-HPH-00000228,1
CUS-HPH-00000234,1
CUS-HPH-00000245,1
CUS-HPH-00000247,0
CUS-HPH-00000260,1
CUS-HPH-00000274,0
CUS-HPH-00000285,0
CUS-HPH-00000344,0
CUS-HPH-00000349,0
CUS-HPH-00000353,0
CUS-HPH-00000354,0
CUS-HPH-00000360,1
CUS-HPH-00000381,0
CUS-HPH-00000393,0
CUS-HPH-00000425,0
CUS-HPH-00000461,0
CUS-HPH-00000465,0
CUS-HPH-00000483,0
CUS-HPH-00000489,1
CUS-HPH-00000490,1
CUS-HPH-00000496,0
CUS-HPH-00000524,0
CUS-HPH-00000542,1
CUS-HPH-00000559,0
CUS-HPH-00000578,1
CUS-HPH-00000594,1
CUS-HPH-00000611,0
CUS-HPH-00000629,1
CUS-HPH-00000659,0
CUS-HPH-00000672,0
CUS-HPH-00000675,1
CUS-HPH-00000690,1
CUS-HPH-00000698,0
CUS-HPH-00000706,0
CUS-HPH-00000717,0
CUS-HPH-00000772,0
CUS-HPH-00000773,1
CUS-HPH-00000784,1
CUS-HPH-00000790,0
CUS-HPH-00000804,0
CUS-HPH-00000814,0
CUS-HPH-00000822,0
CUS-HPH-00000827,1
CUS-HPH-00000832,1
CUS-HPH-00000836,0
CUS-HPH-00000864,1
CUS-HPH-00000879,0
CUS-HPH-00000880,1
CUS-HPH-00000882,0
CUS-HPH-00000920,0
CUS-HPH-00000924,0
CUS-HPH-00000929,1
CUS-HPH-00000969,1
CUS-HPH-00000976,0
CUS-HPH-00001012,1
CUS-HPH-00001031,0
CUS-HPH-00001059,1
CUS-HPH-00001077,0
CUS-HPH-00001095,1
CUS-HPH-00001126,0
CUS-HPH-00001201,0
CUS-HPH-00001202,0
CUS-HPH-00001207,1
CUS-HPH-00001213,1
CUS-HPH-00001218,0
CUS-HPH-00001232,0
CUS-HPH-00001265,1
CUS-HPH-00001274,0
CUS-HPH-00001280,1
CUS-HPH-00001290,1
CUS-HPH-00001293,0
CUS-HPH-00001302,1
CUS-HPH-00001307,0
CUS-HPH-00001313,1
CUS-HPH-00001317,0
CUS-HPH-00001328,1
CUS-HPH-00001338,0
CUS-HPH-00001344,1
CUS-HPH-00001346,1
CUS-HPH-00001399,0
CUS-HPH-00001417,1
CUS-HPH-00001418,1
CUS-HPH-00001446,1
CUS-HPH-00001462,1
CUS-HPH-00001483,0
CUS-HPH-00001533,1
CUS-HPH-00001572,1
CUS-HPH-00001573,1
CUS-HPH-00001585,1
CUS-HPH-00001588,0
CUS-HPH-00001618,1
CUS-HPH-00001689,0
CUS-HPH-00001718,0
CUS-HPH-00001724,0
CUS-HPH-00001756,0
CUS-HPH-00001771,1
CUS-HPH-00001797,0
CUS-HPH-00001799,0
CUS-HPH-00001816,1
CUS-HPH-00001824,1
CUS-HPH-00001842,1
CUS-HPH-00001861,0
CUS-HPH-00001879,0
CUS-HPH-00001880,1
CUS-HPH-00001893,1
CUS-HPH-00001901,1
CUS-HPH-00001905,0
CUS-HPH-00001914,0
CUS-HPH-00001919,0
CUS-HPH-00001938,1
CUS-HPH-00001957,0
CUS-HPH-00001963,1
CUS-HPH-00002030,1
CUS-HPH-00002039,1
CUS-HPH-00002048,0
CUS-HPH-00002093,1
CUS-HPH-00002105,1
CUS-HPH-00002155,1
CUS-HPH-00002176,1
CUS-HPH-00002188,1
CUS-HPH-00002192,1
CUS-HPH-00002195,1
CUS-HPH-00002206,1
CUS-HPH-00002254,0
CUS-HPH-00002265,1
CUS-HPH-00002277,0
CUS-HPH-00002309,0
CUS-HPH-00002329,0
CUS-HPH-00002331,0
CUS-HPH-00002339,1
CUS-HPH-00002354,1
CUS-HPH-00002378,1
CUS-HPH-00002391,0
CUS-HPH-00002395,0
CUS-HPH-00002400,0
CUS-HPH-00002401,1
CUS-HPH-00002407,0
CUS-HPH-00002433,1
CUS-HPH-00002437,0
CUS-HPH-00002446,1
CUS-HPH-00002449,0
CUS-HPH-00002450,0
CUS-HPH-00002457,1
CUS-HPH-00002464,0
CUS-HPH-00002468,0
CUS-HPH-00002469,0
CUS-HPH-00002490,1
CUS-HPH-00002497,0
CUS-HPH-00002519,1
CUS-HPH-00002522,0
CUS-HPH-00002536,0
CUS-HPH-00002551,1
CUS-HPH-00002565,0
CUS-HPH-00002572,1
CUS-HPH-00002575,0
CUS-HPH-00002625,1
CUS-HPH-00002627,0
CUS-HPH-00002643,0
CUS-HPH-00002658,1
CUS-HPH-00002669,0
CUS-HPH-00002675,1
CUS-HPH-00002684,0
CUS-HPH-00002720,0
CUS-HPH-00002733,0
CUS-HPH-00002740,0
CUS-HPH-00002796,0
CUS-HPH-00002804,0
CUS-HPH-00002816,0
CUS-HPH-00002818,1
CUS-HPH-00002846,1
CUS-HPH-00002868,0
CUS-HPH-00002883,1
CUS-HPH-00002885,0
CUS-HPH-00002910,0
CUS-HPH-00002926,0
CUS-HPH-00002928,0
CUS-HPH-00002931,0
CUS-HPH-00002933,0
CUS-HPH-00002964,1
CUS-HPH-00002966,0
CUS-HPH-00002969,0
CUS-HPH-00002984,0
CUS-HPH-00002988,0
CUS-HPH-00002994,1
CUS-HPH-00002995,0
CUS-HPH-00003002,0
CUS-HPH-00003007,1
CUS-HPH-00003024,0
CUS-HPH-00003029,0
CUS-HPH-00003061,1
CUS-HPH-00003079,0
CUS-HPH-00003089,0
CUS-HPH-00003127,0
CUS-HPH-00003152,0
CUS-HPH-00003165,1
CUS-HPH-00003170,0
CUS-HPH-00003193,1
CUS-HPH-00003197,0
CUS-HPH-00003214,0
CUS-HPH-00003242,1
CUS-HPH-00003246,0
CUS-HPH-00003252,0
CUS-HPH-00003259,0
CUS-HPH-00003272,1
CUS-HPH-00003293,0
CUS-HPH-00003309,0
CUS-HPH-00003313,0
CUS-HPH-00003325,0
CUS-HPH-00003348,0
CUS-HPH-00003357,1
CUS-HPH-00003363,0
CUS-HPH-00003364,1
CUS-HPH-00003384,0
CUS-HPH-00003387,0
CUS-HPH-00003431,0
CUS-HPH-00003432,0
CUS-HPH-00003436,0
CUS-HPH-00003440,0
CUS-HPH-00003452,0
CUS-HPH-00003473,0
CUS-HPH-00003475,1
CUS-HPH-00003480,0
CUS-HPH-00003484,1
CUS-HPH-00003491,0
CUS-HPH-00003502,1
CUS-HPH-00003506,0
CUS-HPH-00003517,0
CUS-HPH-00003519,0
CUS-HPH-00003538,0
CUS-HPH-00003542,1
CUS-HPH-00003552,1
CUS-HPH-00003615,0
CUS-HPH-00003626,1
CUS-HPH-00003633,1
CUS-HPH-00003635,0
CUS-HPH-00003670,1
CUS-HPH-00003678,0
CUS-HPH-00003692,1
CUS-HPH-00003694,0
CUS-HPH-00003703,1
CUS-HPH-00003733,0
CUS-HPH-00003734,0
CUS-HPH-00003795,0
CUS-HPH-00003811,0
CUS-HPH-00003813,1
CUS-HPH-00003826,0
CUS-HPH-00003844,0
CUS-HPH-00003855,0
CUS-HPH-00003867,0
CUS-HPH-00003909,1
CUS-HPH-00003918,0
CUS-HPH-00003926,0
CUS-HPH-00003932,1
CUS-HPH-00003944,1
CUS-HPH-00003956,0
CUS-HPH-00003983,0
CUS-HPH-00004015,0
CUS-HPH-00004016,0
CUS-HPH-00004034,1
CUS-HPH-00004053,1
CUS-HPH-00004064,0
CUS-HPH-00004078,1
CUS-HPH-00004085,0
CUS-HPH-00004097,0
CUS-HPH-00004103,0
CUS-HPH-00004117,0
CUS-HPH-00004155,1
CUS-HPH-00004176,0
CUS-HPH-00004193,0
CUS-HPH-00004215,1
CUS-HPH-00004227,0
CUS-HPH-00004229,0
CUS-HPH-00004290,1
CUS-HPH-00004294,1
CUS-HPH-00004298,1
CUS-HPH-00004307,1
CUS-HPH-00004322,0
CUS-HPH-00004326,1
CUS-HPH-00004343,1
CUS-HPH-00004362,1
CUS-HPH-00004368,0
CUS-HPH-00004375,0
CUS-HPH-00004390,0
CUS-HPH-00004406,1
CUS-HPH-00004425,1
CUS-HPH-00004435,0
CUS-HPH-00004436,0
CUS-HPH-00004449,0
CUS-HPH-00004458,1
CUS-HPH-00004511,1
CUS-HPH-00004526,1
CUS-HPH-00004530,0
CUS-HPH-00004569,0
CUS-HPH-00004570,1
CUS-HPH-00004618,0
CUS-HPH-00004659,1
CUS-HPH-00004665,1
CUS-HPH-00004715,0
CUS-HPH-00004718,0
CUS-HPH-00004722,1
CUS-HPH-00004729,0
CUS-HPH-00004756,0
CUS-HPH-00004768,0
CUS-HPH-00004784,0
CUS-HPH-00004808,1
CUS-HPH-00004810,0
CUS-HPH-00004819,1
CUS-HPH-00004820,0
CUS-HPH-00004831,0
CUS-HPH-00004874,0
CUS-HPH-00004876,0
CUS-HPH-00004882,0
CUS-HPH-00004883,1
CUS-HPH-00004906,1
CUS-HPH-00004943,1
CUS-HPH-00004947,1
CUS-HPH-00004975,1
CUS-HPH-00004995,1
CUS-HPH-00005019,1
CUS-HPH-00005026,0
CUS-HPH-00005029,0
CUS-HPH-00005053,0
CUS-HPH-00005057,1
CUS-HPH-00005058,0
CUS-HPH-00005059,1
CUS-HPH-00005082,0
CUS-HPH-00005096,0
CUS-HPH-00005101,0
CUS-HPH-00005117,1
CUS-HPH-00005124,0
CUS-HPH-00005125,0
CUS-HPH-00005142,1
CUS-HPH-00005158,0
CUS-HPH-00005190,0
CUS-HPH-00005191,1
CUS-HPH-00005200,0
CUS-HPH-00005222,0
CUS-HPH-00005240,0
CUS-HPH-00005257,1
CUS-HPH-00005262,0
CUS-HPH-00005277,0
CUS-HPH-00005288,1
CUS-HPH-00005290,0
CUS-HPH-00005296,0
CUS-HPH-00005301,0
CUS-HPH-00005327,0
CUS-HPH-00005344,0
CUS-HPH-00005357,0
CUS-HPH-00005374,1
CUS-HPH-00005391,0
CUS-HPH-00005405,0
CUS-HPH-00005430,1
CUS-HPH-00005452,1
CUS-HPH-00005479,1
CUS-HPH-00005510,0
CUS-HPH-00005520,1
CUS-HPH-00005538,1
CUS-HPH-00005542,0
CUS-HPH-00005543,1
CUS-HPH-00005544,1
CUS-HPH-00005545,0
CUS-HPH-00005587,0
CUS-HPH-00005593,1
CUS-HPH-00005595,0
CUS-HPH-00005599,1
CUS-HPH-00005605,0
CUS-HPH-00005606,0
CUS-HPH-00005608,1
CUS-HPH-00005619,1
CUS-HPH-00005626,0
CUS-HPH-00005640,0
CUS-HPH-00005647,1
CUS-HPH-00005653,0
CUS-HPH-00005674,0
CUS-HPH-00005678,0
CUS-HPH-00005684,0
CUS-HPH-00005691,0
CUS-HPH-00005712,1
CUS-HPH-00005756,0
CUS-HPH-00005778,0
CUS-HPH-00005802,0
CUS-HPH-00005804,1
CUS-HPH-00005835,1
CUS-HPH-00005844,1
CUS-HPH-00005857,0
CUS-HPH-00005859,0
CUS-HPH-00005861,0
CUS-HPH-00005877,1
CUS-HPH-00005892,1
CUS-HPH-00005916,0
CUS-HPH-00005925,1
CUS-HPH-00005936,1
CUS-HPH-00005942,1
CUS-HPH-00005957,1
CUS-HPH-00005995,1
CUS-HPH-00005997,0
CUS-HPH-00006003,0
CUS-HPH-00006052,1
CUS-HPH-00006058,0
CUS-HPH-00006083,0
CUS-HPH-00006094,1
CUS-HPH-00006101,1
CUS-HPH-00006110,0
CUS-HPH-00006162,0
CUS-HPH-00006164,0
CUS-HPH-00006167,0
CUS-HPH-00006203,1
CUS-HPH-00006214,0
CUS-HPH-00006223,0
CUS-HPH-00006240,1
CUS-HPH-00006273,0
CUS-HPH-00006286,1
CUS-HPH-00006320,1
CUS-HPH-00006325,0
CUS-HPH-00006328,1
CUS-HPH-00006369,0
CUS-HPH-00006395,1
CUS-HPH-00006399,0
CUS-HPH-00006435,0
CUS-HPH-00006440,0
CUS-HPH-00006465,1
CUS-HPH-00006472,1
CUS-HPH-00006474,1
CUS-HPH-00006500,1
CUS-HPH-00006503,0
CUS-HPH-00006509,1
CUS-HPH-00006510,0
CUS-HPH-00006538,0
CUS-HPH-00006548,0
CUS-HPH-00006567,1
CUS-HPH-00006574,0
CUS-HPH-00006582,1
CUS-HPH-00006628,0
CUS-HPH-00006634,0
CUS-HPH-00006657,0
CUS-HPH-00006683,0
CUS-HPH-00006689,0
CUS-HPH-00006700,0
CUS-HPH-00006709,0
CUS-HPH-00006730,0
CUS-HPH-00006732,1
CUS-HPH-00006738,0
CUS-HPH-00006741,0
CUS-HPH-00006762,1
CUS-HPH-00006772,1
CUS-HPH-00006778,1
CUS-HPH-00006794,1
CUS-HPH-00006796,1
CUS-HPH-00006799,0
CUS-HPH-00006825,0
CUS-HPH-00006826,1
CUS-HPH-00006845,1
CUS-HPH-00006870,1
CUS-HPH-00006872,1
CUS-HPH-00006889,1
CUS-HPH-00006899,0
CUS-HPH-00006912,0
CUS-HPH-00006920,1
CUS-HPH-00006933,0
CUS-HPH-00006938,0
CUS-HPH-00006943,1
CUS-HPH-00006944,0
CUS-HPH-00006951,1
CUS-HPH-00006958,0
CUS-HPH-00006963,0
CUS-HPH-00006966,0
CUS-HPH-00006969,1
CUS-HPH-00006970,1
CUS-HPH-00006975,1
CUS-HPH-00006987,0
CUS-HPH-00007003,0
CUS-HPH-00007020,0
CUS-HPH-00007027,0
CUS-HPH-00007059,1
CUS-HPH-00007092,1
CUS-HPH-00007103,1
CUS-HPH-00007108,0
CUS-HPH-00007112,0
CUS-HPH-00007150,0
CUS-HPH-00007151,1
CUS-HPH-00007154,1
CUS-HPH-00007161,1
CUS-HPH-00007163,1
CUS-HPH-00007172,1
CUS-HPH-00007193,1
CUS-HPH-00007205,1
CUS-HPH-00007207,0
CUS-HPH-00007214,0
CUS-HPH-00007235,0
CUS-HPH-00007241,0
CUS-HPH-00007250,1
CUS-HPH-00007263,1
CUS-HPH-00007265,1
CUS-HPH-00007289,1
CUS-HPH-00007341,0
CUS-HPH-00007354,0
CUS-HPH-00007375,1
CUS-HPH-00007387,0
CUS-HPH-00007405,1
CUS-HPH-00007408,1
CUS-HPH-00007409,0
CUS-HPH-00007414,1
CUS-HPH-00007429,1
CUS-HPH-00007454,0
CUS-HPH-00007462,0
CUS-HPH-00007470,0
CUS-HPH-00007483,0
CUS-HPH-00007510,0
CUS-HPH-00007511,1
CUS-HPH-00007512,0
CUS-HPH-00007545,0
CUS-HPH-00007585,0
CUS-HPH-00007600,1
CUS-HPH-00007604,0
CUS-HPH-00007634,0
CUS-HPH-00007639,1
CUS-HPH-00007660,0
CUS-HPH-00007696,1
CUS-HPH-00007700,1
CUS-HPH-00007703,1
CUS-HPH-00007729,0
CUS-HPH-00007746,0
CUS-HPH-00007747,0
CUS-HPH-00007760,1
CUS-HPH-00007789,0
CUS-HPH-00007812,0
CUS-HPH-00007815,0
CUS-HPH-00007817,0
CUS-HPH-00007822,1
CUS-HPH-00007835,0
CUS-HPH-00007844,0
CUS-HPH-00007851,1
CUS-HPH-00007853,1
CUS-HPH-00007869,0
CUS-HPH-00007875,1
CUS-HPH-00007897,1
CUS-HPH-00007924,0
CUS-HPH-00007932,1
CUS-HPH-00007945,0
CUS-HPH-00007991,0
CUS-HPH-00008001,0
CUS-HPH-00008007,0
CUS-HPH-00008010,0
CUS-HPH-00008030,0
CUS-HPH-00008031,0
CUS-HPH-00008033,0
CUS-HPH-00008049,1
CUS-HPH-00008056,1
CUS-HPH-00008057,1
CUS-HPH-00008063,1
CUS-HPH-00008084,1
CUS-HPH-00008109,0
CUS-HPH-00008110,0
CUS-HPH-00008117,1
CUS-HPH-00008122,1
CUS-HPH-00008129,0
CUS-HPH-00008137,0
CUS-HPH-00008145,1
CUS-HPH-00008146,1
CUS-HPH-00008153,0
CUS-HPH-00008162,0
CUS-HPH-00008173,0
CUS-HPH-00008178,0
CUS-HPH-00008204,1
CUS-HPH-00008214,0
CUS-HPH-00008218,0
CUS-HPH-00008234,1
CUS-HPH-00008260,0
CUS-HPH-00008282,1
CUS-HPH-00008316,0
CUS-HPH-00008322,0
CUS-HPH-00008328,1
CUS-HPH-00008334,1
CUS-HPH-00008342,0
CUS-HPH-00008365,0
CUS-HPH-00008372,1
CUS-HPH-00008376,1
CUS-HPH-00008382,1
CUS-HPH-00008388,0
CUS-HPH-00008390,0
CUS-HPH-00008396,0
CUS-HPH-00008397,1
CUS-HPH-00008403,0
CUS-HPH-00008426,1
CUS-HPH-00008430,0
CUS-HPH-00008460,0
CUS-HPH-00008484,1
CUS-HPH-00008495,0
CUS-HPH-00008499,1
CUS-HPH-00008504,0
CUS-HPH-00008507,0
CUS-HPH-00008516,0
CUS-HPH-00008519,0
CUS-HPH-00008548,0
CUS-HPH-00008551,1
CUS-HPH-00008581,0
CUS-HPH-00008617,0
CUS-HPH-00008622,1
CUS-HPH-00008659,1
CUS-HPH-00008669,0
CUS-HPH-00008682,0
CUS-HPH-00008702,0
CUS-HPH-00008745,0
CUS-HPH-00008750,0
CUS-HPH-00008761,1
CUS-HPH-00008769,1
CUS-HPH-00008781,1
CUS-HPH-00008795,0
CUS-HPH-00008796,1
CUS-HPH-00008798,0
CUS-HPH-00008806,0
CUS-HPH-00008813,0
CUS-HPH-00008832,0
CUS-HPH-00008834,1
CUS-HPH-00008844,0
CUS-HPH-00008846,0
CUS-HPH-00008848,0
CUS-HPH-00008854,0
CUS-HPH-00008855,1
CUS-HPH-00008864,0
CUS-HPH-00008871,1
CUS-HPH-00008888,1
CUS-HPH-00008964,0
CUS-HPH-00008982,0
CUS-HPH-00008985,1
CUS-HPH-00009008,0
CUS-HPH-00009038,1
CUS-HPH-00009044,0
CUS-HPH-00009052,1
CUS-HPH-00009066,0
CUS-HPH-00009068,1
CUS-HPH-00009092,0
CUS-HPH-00009096,1
CUS-HPH-00009099,0
CUS-HPH-00009118,0
CUS-HPH-00009121,0
CUS-HPH-00009134,0
CUS-HPH-00009164,0
CUS-HPH-00009188,0
CUS-HPH-00009197,0
CUS-HPH-00009233,0
CUS-HPH-00009246,0
CUS-HPH-00009275,0
CUS-HPH-00009288,0
CUS-HPH-00009304,1
CUS-HPH-00009312,1
CUS-HPH-00009314,1
CUS-HPH-00009330,0
CUS-HPH-00009338,1
CUS-HPH-00009339,0
CUS-HPH-00009346,1
CUS-HPH-00009359,0
CUS-HPH-00009375,1
CUS-HPH-00009393,1
CUS-HPH-00009397,0
CUS-HPH-00009416,0
CUS-HPH-00009423,0
CUS-HPH-00009425,1
CUS-HPH-00009433,0
CUS-HPH-00009436,1
CUS-HPH-00009441,0
CUS-HPH-00009447,0
CUS-HPH-00009459,0
CUS-HPH-00009469,1
CUS-HPH-00009477,0
CUS-HPH-00009494,0
CUS-HPH-00009505,1
CUS-HPH-00009507,0
CUS-HPH-00009511,0
CUS-HPH-00009526,0
CUS-HPH-00009531,0
CUS-HPH-00009545,0
CUS-HPH-00009566,1
CUS-HPH-00009576,0
CUS-HPH-00009600,0
CUS-HPH-00009619,1
CUS-HPH-00009637,1
CUS-HPH-00009677,0
CUS-HPH-00009681,0
CUS-HPH-00009695,1
CUS-HPH-00009725,0
CUS-HPH-00009729,0
CUS-HPH-00009736,0
CUS-HPH-00009743,0
CUS-HPH-00009755,1
CUS-HPH-00009774,1
CUS-HPH-00009796,0
CUS-HPH-00009802,0
CUS-HPH-00009841,0
CUS-HPH-00009846,0
CUS-HPH-00009891,0
CUS-HPH-00009895,0
CUS-HPH-00009905,1
CUS-HPH-00009907,1
CUS-HPH-00009917,1
CUS-HPH-00009923,1
CUS-HPH-00009944,1
CUS-HPH-00009950,1
CUS-HPH-00009984,0
CUS-HPH-00009985,1
CUS-HPH-00010031,0
CUS-HPH-00010065,0
CUS-HPH-00010077,0
CUS-HPH-00010118,1
CUS-HPH-00010135,0
CUS-HPH-00010162,0
CUS-HPH-00010182,1
CUS-HPH-00010187,1
CUS-HPH-00010206,0
CUS-HPH-00010214,1
CUS-HPH-00010216,0
CUS-HPH-00010273,1
CUS-HPH-00010299,0
CUS-HPH-00010302,1
CUS-HPH-00010304,0
CUS-HPH-00010306,1
CUS-HPH-00010313,0
CUS-HPH-00010324,0
CUS-HPH-00010333,1
CUS-HPH-00010337,1
CUS-HPH-00010347,1
CUS-HPH-00010348,0
CUS-HPH-00010353,1
CUS-HPH-00010362,1
CUS-HPH-00010377,0
CUS-HPH-00010388,0
CUS-HPH-00010393,0
CUS-HPH-00010394,0
CUS-HPH-00010404,0
CUS-HPH-00010445,1
CUS-HPH-00010472,1
CUS-HPH-00010507,1
CUS-HPH-00010511,1
CUS-HPH-00010519,1
CUS-HPH-00010547,0
CUS-HPH-00010549,1
CUS-HPH-00010571,1
CUS-HPH-00010587,0
CUS-HPH-00010590,1
CUS-HPH-00010615,0
CUS-HPH-00010624,0
CUS-HPH-00010630,0
CUS-HPH-00010639,1
CUS-HPH-00010676,0
CUS-HPH-00010698,0
CUS-HPH-00010706,1
CUS-HPH-00010708,0
CUS-HPH-00010720,1
CUS-HPH-00010774,1
CUS-HPH-00010796,1
CUS-HPH-00010803,1
CUS-HPH-00010805,1
CUS-HPH-00010806,1
CUS-HPH-00010812,1
CUS-HPH-00010853,1
CUS-HPH-00010865,0
CUS-HPH-00010876,1
CUS-HPH-00010912,1
CUS-HPH-00010927,0
CUS-HPH-00010958,0
CUS-HPH-00010969,0
CUS-HPH-00010971,0
CUS-HPH-00010975,0
CUS-HPH-00010980,1
CUS-HPH-00010991,1
CUS-HPH-00010993,1
CUS-HPH-00010999,0
CUS-HPH-00011011,1
CUS-HPH-00011016,1
CUS-HPH-00011039,1
CUS-HPH-00011062,0
CUS-HPH-00011088,0
CUS-HPH-00011090,0
CUS-HPH-00011091,1
CUS-HPH-00011122,0
CUS-HPH-00011166,0
CUS-HPH-00011175,0
CUS-HPH-00011180,1
CUS-HPH-00011194,1
CUS-HPH-00011236,0
CUS-HPH-00011261,1
CUS-HPH-00011263,0
CUS-HPH-00011267,0
CUS-HPH-00011282,0
CUS-HPH-00011294,1
CUS-HPH-00011306,0
CUS-HPH-00011312,0
CUS-HPH-00011313,1
CUS-HPH-00011331,1
CUS-HPH-00011379,0
CUS-HPH-00011402,1
CUS-HPH-00011414,1
CUS-HPH-00011450,0
CUS-HPH-00011513,0
CUS-HPH-00011520,0
CUS-HPH-00011530,0
CUS-HPH-00011531,0
CUS-HPH-00011547,0
CUS-HPH-00011553,0
CUS-HPH-00011560,0
CUS-HPH-00011562,0
CUS-HPH-00011570,0
CUS-HPH-00011580,0
CUS-HPH-00011644,0
CUS-HPH-00011645,1
CUS-HPH-00011647,0
CUS-HPH-00011653,0
CUS-HPH-00011654,0
CUS-HPH-00011656,0
CUS-HPH-00011689,0
CUS-HPH-00011719,0
CUS-HPH-00011722,0
CUS-HPH-00011723,1
CUS-HPH-00011741,1
CUS-HPH-00011754,0
CUS-HPH-00011760,1
CUS-HPH-00011767,1
CUS-HPH-00011783,0
CUS-HPH-00011833,1
CUS-HPH-00011858,1
CUS-HPH-00011866,1
CUS-HPH-00011872,0
CUS-HPH-00011881,1
CUS-HPH-00011883,0
CUS-HPH-00011893,1
CUS-HPH-00011910,0
CUS-HPH-00011932,0
CUS-HUI-00000003,0
CUS-HUI-00000014,0
CUS-HUI-00000019,0
CUS-HUI-00000042,1
CUS-HUI-00000045,1
CUS-HUI-00000073,1
CUS-HUI-00000083,1
CUS-HUI-00000116,0
CUS-HUI-00000151,1
CUS-HUI-00000167,1
CUS-HUI-00000194,1
CUS-HUI-00000241,0
CUS-HUI-00000257,0
CUS-HUI-00000262,0
CUS-HUI-00000280,0
CUS-HUI-00000291,0
CUS-HUI-00000295,1
CUS-HUI-00000305,0
CUS-HUI-00000325,0
CUS-HUI-00000390,1
CUS-HUI-00000397,1
CUS-HUI-00000408,1
CUS-HUI-00000428,0
CUS-HUI-00000434,0
CUS-HUI-00000441,0
CUS-HUI-00000508,1
CUS-HUI-00000512,1
CUS-HUI-00000520,0
CUS-HUI-00000521,1
CUS-HUI-00000540,0
CUS-HUI-00000543,1
CUS-HUI-00000563,0
CUS-HUI-00000572,1
CUS-HUI-00000575,0
CUS-HUI-00000579,1
CUS-HUI-00000632,0
CUS-HUI-00000646,0
CUS-HUI-00000655,0
CUS-HUI-00000657,0
CUS-HUI-00000713,1
CUS-HUI-00000750,0
CUS-HUI-00000774,0
CUS-HUI-00000776,0
CUS-HUI-00000780,0
CUS-HUI-00000787,0
CUS-HUI-00000825,0
CUS-HUI-00000853,0
CUS-HUI-00000922,1
CUS-HUI-00000928,0
CUS-HUI-00000942,0
CUS-HUI-00000948,1
CUS-HUI-00000982,1
CUS-HUI-00001018,1
CUS-HUI-00001075,1
CUS-HUI-00001084,1
CUS-HUI-00001098,0
CUS-HUI-00001104,0
CUS-HUI-00001123,0
CUS-HUI-00001143,0
CUS-HUI-00001144,0
CUS-HUI-00001163,0
CUS-HUI-00001167,1
CUS-HUI-00001169,1
CUS-HUI-00001186,0
CUS-HUI-00001203,1
CUS-HUI-00001212,1
CUS-HUI-00001256,0
CUS-HUI-00001258,1
CUS-HUI-00001305,0
CUS-HUI-00001320,0
CUS-HUI-00001336,1
CUS-HUI-00001342,1
CUS-HUI-00001352,0
CUS-HUI-00001392,0
CUS-HUI-00001395,0
CUS-HUI-00001411,1
CUS-HUI-00001413,0
CUS-HUI-00001492,0
CUS-HUI-00001497,1
CUS-HUI-00001505,0
CUS-HUI-00001539,0
CUS-HUI-00001541,1
CUS-HUI-00001574,0
CUS-HUI-00001578,0
CUS-HUI-00001595,1
CUS-HUI-00001599,0
CUS-HUI-00001604,0
CUS-HUI-00001615,1
CUS-HUI-00001658,0
CUS-HUI-00001666,1
CUS-HUI-00001667,0
CUS-HUI-00001682,1
CUS-HUI-00001720,0
CUS-HUI-00001754,1
CUS-HUI-00001770,1
CUS-HUI-00001786,0
CUS-HUI-00001789,1
CUS-HUI-00001815,1
CUS-HUI-00001855,1
CUS-HUI-00001866,0
CUS-HUI-00001870,0
CUS-HUI-00001889,1
CUS-HUI-00001903,0
CUS-HUI-00001934,1
CUS-HUI-00001945,0
CUS-HUI-00001959,0
CUS-HUI-00001968,0
CUS-HUI-00001981,1
CUS-HUI-00001983,0
CUS-HUI-00001999,1
CUS-HUI-00002001,1
CUS-HUI-00002027,1
CUS-HUI-00002054,1
CUS-HUI-00002071,0
CUS-HUI-00002074,0
CUS-HUI-00002092,0
CUS-HUI-00002140,1
CUS-HUI-00002156,1
CUS-HUI-00002178,0
CUS-HUI-00002183,0
CUS-HUI-00002187,1
CUS-HUI-00002196,0
CUS-HUI-00002274,0
CUS-HUI-00002333,1
CUS-HUI-00002348,0
CUS-HUI-00002352,0
CUS-HUI-00002361,0
CUS-HUI-00002381,1
CUS-HUI-00002431,0
CUS-HUI-00002467,0
CUS-HUI-00002485,1
CUS-HUI-00002499,1
CUS-HUI-00002504,0
CUS-HUI-00002516,0
CUS-HUI-00002529,0
CUS-HUI-00002574,1
CUS-HUI-00002578,0
CUS-HUI-00002582,1
CUS-HUI-00002612,1
CUS-HUI-00002619,0
CUS-HUI-00002639,1
CUS-HUI-00002650,0
CUS-HUI-00002653,1
CUS-HUI-00002661,0
CUS-HUI-00002678,0
CUS-HUI-00002682,0
CUS-HUI-00002697,1
CUS-HUI-00002704,0
CUS-HUI-00002742,1
CUS-HUI-00002753,0
CUS-HUI-00002769,0
CUS-HUI-00002791,0
CUS-HUI-00002795,1
CUS-HUI-00002829,1
CUS-HUI-00002834,0
CUS-HUI-00002853,0
CUS-HUI-00002918,0
CUS-HUI-00002943,1
CUS-HUI-00002976,0
CUS-HUI-00002992,0
CUS-HUI-00003001,0
CUS-HUI-00003028,0
CUS-HUI-00003073,1
CUS-HUI-00003093,1
CUS-HUI-00003137,0
CUS-HUI-00003145,1
CUS-HUI-00003149,1
CUS-HUI-00003222,1
CUS-HUI-00003276,0
CUS-HUI-00003326,1
CUS-HUI-00003328,0
CUS-HUI-00003342,0
CUS-HUI-00003373,0
CUS-HUI-00003402,0
CUS-HUI-00003406,0
CUS-HUI-00003420,1
CUS-HUI-00003430,0
CUS-HUI-00003450,1
CUS-HUI-00003477,1
CUS-HUI-00003483,0
CUS-HUI-00003493,1
CUS-HUI-00003496,0
CUS-HUI-00003500,0
CUS-HUI-00003529,1
CUS-HUI-00003550,0
CUS-HUI-00003566,0
CUS-HUI-00003569,1
CUS-HUI-00003577,0
CUS-HUI-00003624,1
CUS-HUI-00003637,1
CUS-HUI-00003643,0
CUS-HUI-00003650,1
CUS-HUI-00003715,0
CUS-HUI-00003716,0
CUS-HUI-00003723,1
CUS-HUI-00003725,1
CUS-HUI-00003743,0
CUS-HUI-00003774,0
CUS-HUI-00003782,0
CUS-HUI-00003820,1
CUS-HUI-00003888,0
CUS-HUI-00003902,1
CUS-HUI-00003907,1
CUS-HUI-00003910,1
CUS-HUI-00003928,0
CUS-HUI-00004003,1
CUS-HUI-00004038,0
CUS-HUI-00004040,0
CUS-HUI-00004055,1
CUS-HUI-00004056,0
CUS-HUI-00004093,0
CUS-HUI-00004112,1
CUS-HUI-00004138,0
CUS-HUI-00004194,1
CUS-HUI-00004242,0
CUS-HUI-00004247,1
CUS-HUI-00004255,0
CUS-HUI-00004264,0
CUS-HUI-00004268,0
CUS-HUI-00004278,0
CUS-HUI-00004314,0
CUS-HUI-00004319,0
CUS-HUI-00004321,0
CUS-HUI-00004329,1
CUS-HUI-00004335,0
CUS-HUI-00004340,0
CUS-HUI-00004350,1
CUS-HUI-00004385,1
CUS-HUI-00004433,1
CUS-HUI-00004437,0
CUS-HUI-00004451,1
CUS-HUI-00004460,0
CUS-HUI-00004479,1
CUS-HUI-00004492,1
CUS-HUI-00004499,0
CUS-HUI-00004524,0
CUS-HUI-00004564,0
CUS-HUI-00004575,1
CUS-HUI-00004577,0
CUS-HUI-00004583,1
CUS-HUI-00004607,0
CUS-HUI-00004627,0
CUS-HUI-00004651,0
CUS-HUI-00004667,0
CUS-HUI-00004689,0
CUS-HUI-00004694,1
CUS-HUI-00004799,1
CUS-HUI-00004805,0
CUS-HUI-00004836,0
CUS-HUI-00004885,1
CUS-HUI-00004886,0
CUS-HUI-00004916,1
CUS-HUI-00004941,0
CUS-HUI-00004957,0
CUS-HUI-00004979,0
CUS-HUI-00004992,0
CUS-HUI-00005022,0
CUS-HUI-00005032,0
CUS-HUI-00005048,0
CUS-HUI-00005055,0
CUS-HUI-00005099,1
CUS-HUI-00005105,0
CUS-HUI-00005110,0
CUS-HUI-00005140,0
CUS-HUI-00005146,0
CUS-HUI-00005173,0
CUS-HUI-00005250,0
CUS-HUI-00005273,1
CUS-HUI-00005274,0
CUS-HUI-00005339,0
CUS-HUI-00005360,0
CUS-HUI-00005369,0
CUS-HUI-00005380,1
CUS-HUI-00005410,1
CUS-HUI-00005428,0
CUS-HUI-00005437,1
CUS-HUI-00005442,1
CUS-HUI-00005443,0
CUS-HUI-00005447,0
CUS-HUI-00005530,1
CUS-HUI-00005532,1
CUS-HUI-00005535,0
CUS-HUI-00005579,0
CUS-HUI-00005618,1
CUS-HUI-00005670,0
CUS-HUI-00005694,1
CUS-HUI-00005699,0
CUS-HUI-00005701,0
CUS-HUI-00005708,0
CUS-HUI-00005717,0
CUS-HUI-00005788,1
CUS-HUI-00005789,0
CUS-HUI-00005791,0
CUS-HUI-00005808,0
CUS-HUI-00005822,0
CUS-HUI-00005856,0
CUS-HUI-00005867,1
CUS-HUI-00005889,0
CUS-HUI-00005894,1
CUS-HUI-00005898,1
CUS-HUI-00005901,1
CUS-HUI-00005927,0
CUS-HUI-00005928,1
CUS-HUI-00005940,0
CUS-HUI-00005944,1
CUS-HUI-00005983,0
CUS-HUI-00005998,1
CUS-HUI-00006000,1
CUS-HUI-00006008,1
CUS-HUI-00006010,0
CUS-HUI-00006018,1
CUS-HUI-00006025,0
CUS-HUI-00006053,1
CUS-HUI-00006075,1
CUS-HUI-00006080,1
CUS-HUI-00006103,0
CUS-HUI-00006104,1
CUS-HUI-00006183,0
CUS-HUI-00006191,1
CUS-HUI-00006210,1
CUS-HUI-00006233,0
CUS-HUI-00006239,1
CUS-HUI-00006251,1
CUS-HUI-00006266,0
CUS-HUI-00006285,0
CUS-HUI-00006308,1
CUS-HUI-00006312,1
CUS-HUI-00006327,1
CUS-HUI-00006400,1
CUS-HUI-00006439,0
CUS-HUI-00006443,0
CUS-HUI-00006444,0
CUS-HUI-00006466,1
CUS-HUI-00006493,1
CUS-HUI-00006495,0
CUS-HUI-00006546,0
CUS-HUI-00006553,0
CUS-HUI-00006557,1
CUS-HUI-00006581,1
CUS-HUI-00006618,1
CUS-HUI-00006642,0
CUS-HUI-00006664,0
CUS-HUI-00006670,1
CUS-HUI-00006684,1
CUS-HUI-00006694,0
CUS-HUI-00006712,0
CUS-HUI-00006718,0
CUS-HUI-00006733,0
CUS-HUI-00006767,0
CUS-HUI-00006769,0
CUS-HUI-00006790,0
CUS-HUI-00006906,0
CUS-HUI-00006977,1
CUS-HUI-00006996,0
CUS-HUI-00007007,0
CUS-HUI-00007057,1
CUS-HUI-00007066,1
CUS-HUI-00007082,1
CUS-HUI-00007093,0
CUS-HUI-00007129,0
CUS-HUI-00007145,0
CUS-HUI-00007157,0
CUS-HUI-00007215,1
CUS-HUI-00007240,0
CUS-HUI-00007244,0
CUS-HUI-00007253,0
CUS-HUI-00007262,0
CUS-HUI-00007293,0
CUS-HUI-00007364,1
CUS-HUI-00007372,0
CUS-HUI-00007374,0
CUS-HUI-00007395,1
CUS-HUI-00007416,0
CUS-HUI-00007431,1
CUS-HUI-00007442,0
CUS-HUI-00007472,1
CUS-HUI-00007508,1
CUS-HUI-00007538,0
CUS-HUI-00007559,1
CUS-HUI-00007582,1
CUS-HUI-00007593,1
CUS-HUI-00007594,0
CUS-HUI-00007620,0
CUS-HUI-00007630,1
CUS-HUI-00007651,1
CUS-HUI-00007684,0
CUS-HUI-00007686,0
CUS-HUI-00007698,1
CUS-HUI-00007718,0
CUS-HUI-00007725,0
CUS-HUI-00007735,1
CUS-HUI-00007743,0
CUS-HUI-00007750,0
CUS-HUI-00007751,0
CUS-HUI-00007754,1
CUS-HUI-00007788,1
CUS-HUI-00007852,0
CUS-HUI-00007859,0
CUS-HUI-00007908,0
CUS-HUI-00007923,0
CUS-HUI-00007925,1
CUS-HUI-00007955,0
CUS-HUI-00007966,0
CUS-HUI-00007968,0
CUS-HUI-00007977,0
CUS-HUI-00007990,0
CUS-HUI-00008008,1
CUS-HUI-00008009,1
CUS-HUI-00008040,1
CUS-HUI-00008043,0
CUS-HUI-00008086,1
CUS-HUI-00008096,0
CUS-HUI-00008108,0
CUS-HUI-00008134,0
CUS-HUI-00008149,1
CUS-HUI-00008192,0
CUS-HUI-00008217,1
CUS-HUI-00008220,0
CUS-HUI-00008254,0
CUS-HUI-00008263,1
CUS-HUI-00008337,1
CUS-HUI-00008345,0
CUS-HUI-00008378,1
CUS-HUI-00008404,0
CUS-HUI-00008406,0
CUS-HUI-00008416,0
CUS-HUI-00008418,1
CUS-HUI-00008422,1
CUS-HUI-00008464,1
CUS-HUI-00008480,1
CUS-HUI-00008483,0
CUS-HUI-00008486,0
CUS-HUI-00008526,0
CUS-HUI-00008527,0
CUS-HUI-00008585,1
CUS-HUI-00008690,1
CUS-HUI-00008748,1
CUS-HUI-00008754,0
CUS-HUI-00008790,0
CUS-HUI-00008792,0
CUS-HUI-00008811,0
CUS-HUI-00008863,0
CUS-HUI-00008908,0
CUS-HUI-00008973,1
CUS-HUI-00008984,0
CUS-HUI-00008997,0
CUS-HUI-00009016,1
CUS-HUI-00009020,1
CUS-HUI-00009028,1
CUS-HUI-00009055,0
CUS-HUI-00009060,1
CUS-HUI-00009061,0
CUS-HUI-00009077,1
CUS-HUI-00009088,0
CUS-HUI-00009109,1
CUS-HUI-00009116,1
CUS-HUI-00009120,0
CUS-HUI-00009125,1
CUS-HUI-00009206,0
CUS-HUI-00009226,0
CUS-HUI-00009250,1
CUS-HUI-00009255,0
CUS-HUI-00009264,1
CUS-HUI-00009268,0
CUS-HUI-00009277,0
CUS-HUI-00009307,1
CUS-HUI-00009336,0
CUS-HUI-00009343,0
CUS-HUI-00009348,0
CUS-HUI-00009368,1
CUS-HUI-00009388,0
CUS-HUI-00009392,1
CUS-HUI-00009430,0
CUS-HUI-00009529,0
CUS-HUI-00009537,1
CUS-HUI-00009568,0
CUS-HUI-00009584,1
CUS-HUI-00009586,1
CUS-HUI-00009651,0
CUS-HUI-00009655,1
CUS-HUI-00009656,0
CUS-HUI-00009664,0
CUS-HUI-00009687,0
CUS-HUI-00009711,1
CUS-HUI-00009713,0
CUS-HUI-00009719,1
CUS-HUI-00009749,0
CUS-HUI-00009780,0
CUS-HUI-00009821,0
CUS-HUI-00009835,1
CUS-HUI-00009839,0
CUS-HUI-00009847,1
CUS-HUI-00009872,0
CUS-HUI-00009877,0
CUS-HUI-00009896,1
CUS-HUI-00009910,0
CUS-HUI-00009947,0
CUS-HUI-00009953,1
CUS-HUI-00009978,1
CUS-HUI-00009987,1
CUS-HUI-00009988,0
CUS-HUI-00010055,0
CUS-HUI-00010063,0
CUS-HUI-00010088,0
CUS-HUI-00010134,1
CUS-HUI-00010142,1
CUS-HUI-00010168,0
CUS-HUI-00010237,0
CUS-HUI-00010261,1
CUS-HUI-00010272,0
CUS-HUI-00010282,0
CUS-HUI-00010293,0
CUS-HUI-00010316,0
CUS-HUI-00010332,0
CUS-HUI-00010346,0
CUS-HUI-00010350,0
CUS-HUI-00010361,0
CUS-HUI-00010384,1
CUS-HUI-00010447,0
CUS-HUI-00010474,1
CUS-HUI-00010546,1
CUS-HUI-00010560,0
CUS-HUI-00010568,1
CUS-HUI-00010575,1
CUS-HUI-00010629,1
CUS-HUI-00010642,1
CUS-HUI-00010648,0
CUS-HUI-00010653,1
CUS-HUI-00010682,0
CUS-HUI-00010683,0
CUS-HUI-00010684,0
CUS-HUI-00010687,0
CUS-HUI-00010700,0
CUS-HUI-00010711,0
CUS-HUI-00010744,0
CUS-HUI-00010748,0
CUS-HUI-00010757,0
CUS-HUI-00010764,0
CUS-HUI-00010792,1
CUS-HUI-00010873,0
CUS-HUI-00010882,1
CUS-HUI-00010888,0
CUS-HUI-00010948,0
CUS-HUI-00010995,1
CUS-HUI-00010996,0
CUS-HUI-00011012,0
CUS-HUI-00011028,0
CUS-HUI-00011040,1
CUS-HUI-00011096,0
CUS-HUI-00011101,1
CUS-HUI-00011165,1
CUS-HUI-00011209,0
CUS-HUI-00011234,1
CUS-HUI-00011245,0
CUS-HUI-00011291,0
CUS-HUI-00011296,0
CUS-HUI-00011304,0
CUS-HUI-00011324,1
CUS-HUI-00011329,0
CUS-HUI-00011361,1
CUS-HUI-00011370,0
CUS-HUI-00011397,1
CUS-HUI-00011413,0
CUS-HUI-00011419,0
CUS-HUI-00011427,1
CUS-HUI-00011434,0
CUS-HUI-00011440,0
CUS-HUI-00011451,0
CUS-HUI-00011469,0
CUS-HUI-00011478,1
CUS-HUI-00011480,0
CUS-HUI-00011509,0
CUS-HUI-00011541,0
CUS-HUI-00011544,0
CUS-HUI-00011561,1
CUS-HUI-00011571,0
CUS-HUI-00011601,0
CUS-HUI-00011615,0
CUS-HUI-00011625,1
CUS-HUI-00011650,0
CUS-HUI-00011685,0
CUS-HUI-00011686,1
CUS-HUI-00011696,0
CUS-HUI-00011699,1
CUS-HUI-00011700,1
CUS-HUI-00011715,0
CUS-HUI-00011731,1
CUS-HUI-00011735,1
CUS-HUI-00011737,0
CUS-HUI-00011751,1
CUS-HUI-00011810,0
CUS-HUI-00011842,0
CUS-HUI-00011863,1
CUS-HUI-00011882,0
CUS-HUI-00011908,1
CUS-HUI-00011912,0
CUS-HUI-00011916,0
CUS-HUI-00011930,1
CUS-HUI-00011951,0
CUS-HUI-00011955,1
CUS-HUI-00011993,0
CUS-HUI-00011999,1
CUS-NTR-00000024,0
CUS-NTR-00000101,0
CUS-NTR-00000110,0
CUS-NTR-00000152,1
CUS-NTR-00000179,1
CUS-NTR-00000181,1
CUS-NTR-00000182,0
CUS-NTR-00000198,0
CUS-NTR-00000246,0
CUS-NTR-00000252,1
CUS-NTR-00000279,1
CUS-NTR-00000296,1
CUS-NTR-00000334,0
CUS-NTR-00000370,0
CUS-NTR-00000406,0
CUS-NTR-00000414,1
CUS-NTR-00000452,0
CUS-NTR-00000502,1
CUS-NTR-00000554,1
CUS-NTR-00000577,0
CUS-NTR-00000603,1
CUS-NTR-00000607,1
CUS-NTR-00000640,1
CUS-NTR-00000652,1
CUS-NTR-00000662,1
CUS-NTR-00000692,0
CUS-NTR-00000695,1
CUS-NTR-00000704,0
CUS-NTR-00000714,1
CUS-NTR-00000743,1
CUS-NTR-00000803,1
CUS-NTR-00000816,0
CUS-NTR-00000817,0
CUS-NTR-00000829,0
CUS-NTR-00000846,1
CUS-NTR-00000858,1
CUS-NTR-00000866,0
CUS-NTR-00000867,0
CUS-NTR-00000876,0
CUS-NTR-00000896,1
CUS-NTR-00000912,0
CUS-NTR-00000913,1
CUS-NTR-00000939,1
CUS-NTR-00000949,1
CUS-NTR-00000956,1
CUS-NTR-00001021,0
CUS-NTR-00001034,0
CUS-NTR-00001049,0
CUS-NTR-00001071,0
CUS-NTR-00001099,1
CUS-NTR-00001120,1
CUS-NTR-00001150,0
CUS-NTR-00001152,0
CUS-NTR-00001166,0
CUS-NTR-00001193,1
CUS-NTR-00001195,0
CUS-NTR-00001223,1
CUS-NTR-00001226,1
CUS-NTR-00001241,0
CUS-NTR-00001249,0
CUS-NTR-00001279,1
CUS-NTR-00001326,0
CUS-NTR-00001339,0
CUS-NTR-00001355,0
CUS-NTR-00001378,1
CUS-NTR-00001389,1
CUS-NTR-00001409,1
CUS-NTR-00001419,0
CUS-NTR-00001453,0
CUS-NTR-00001489,0
CUS-NTR-00001515,1
CUS-NTR-00001523,1
CUS-NTR-00001560,0
CUS-NTR-00001563,1
CUS-NTR-00001564,1
CUS-NTR-00001580,0
CUS-NTR-00001581,1
CUS-NTR-00001632,0
CUS-NTR-00001649,0
CUS-NTR-00001670,0
CUS-NTR-00001679,0
CUS-NTR-00001709,0
CUS-NTR-00001714,1
CUS-NTR-00001728,0
CUS-NTR-00001735,1
CUS-NTR-00001737,1
CUS-NTR-00001753,1
CUS-NTR-00001759,1
CUS-NTR-00001774,1
CUS-NTR-00001795,0
CUS-NTR-00001852,1
CUS-NTR-00001875,1
CUS-NTR-00001910,1
CUS-NTR-00001913,0
CUS-NTR-00001955,1
CUS-NTR-00002006,1
CUS-NTR-00002095,0
CUS-NTR-00002141,1
CUS-NTR-00002165,0
CUS-NTR-00002167,1
CUS-NTR-00002203,0
CUS-NTR-00002213,0
CUS-NTR-00002225,0
CUS-NTR-00002236,1
CUS-NTR-00002257,1
CUS-NTR-00002270,1
CUS-NTR-00002275,1
CUS-NTR-00002279,0
CUS-NTR-00002287,0
CUS-NTR-00002310,0
CUS-NTR-00002337,0
CUS-NTR-00002347,1
CUS-NTR-00002364,1
CUS-NTR-00002377,0
CUS-NTR-00002404,1
CUS-NTR-00002425,0
CUS-NTR-00002461,1
CUS-NTR-00002472,0
CUS-NTR-00002495,0
CUS-NTR-00002528,0
CUS-NTR-00002592,1
CUS-NTR-00002611,1
CUS-NTR-00002618,1
CUS-NTR-00002620,0
CUS-NTR-00002621,0
CUS-NTR-00002633,0
CUS-NTR-00002644,0
CUS-NTR-00002646,0
CUS-NTR-00002667,1
CUS-NTR-00002693,0
CUS-NTR-00002695,1
CUS-NTR-00002700,0
CUS-NTR-00002707,0
CUS-NTR-00002715,1
CUS-NTR-00002730,0
CUS-NTR-00002755,0
CUS-NTR-00002757,0
CUS-NTR-00002773,0
CUS-NTR-00002812,0
CUS-NTR-00002934,0
CUS-NTR-00002950,0
CUS-NTR-00002980,0
CUS-NTR-00003012,1
CUS-NTR-00003051,1
CUS-NTR-00003064,0
CUS-NTR-00003075,0
CUS-NTR-00003076,1
CUS-NTR-00003091,0
CUS-NTR-00003132,1
CUS-NTR-00003177,1
CUS-NTR-00003188,0
CUS-NTR-00003241,0
CUS-NTR-00003249,0
CUS-NTR-00003338,0
CUS-NTR-00003371,0
CUS-NTR-00003382,0
CUS-NTR-00003404,1
CUS-NTR-00003405,1
CUS-NTR-00003421,0
CUS-NTR-00003428,0
CUS-NTR-00003445,0
CUS-NTR-00003458,0
CUS-NTR-00003478,0
CUS-NTR-00003522,0
CUS-NTR-00003541,0
CUS-NTR-00003543,1
CUS-NTR-00003551,1
CUS-NTR-00003563,0
CUS-NTR-00003567,0
CUS-NTR-00003597,1
CUS-NTR-00003598,1
CUS-NTR-00003614,0
CUS-NTR-00003627,1
CUS-NTR-00003659,0
CUS-NTR-00003662,1
CUS-NTR-00003663,0
CUS-NTR-00003676,0
CUS-NTR-00003701,0
CUS-NTR-00003711,0
CUS-NTR-00003732,1
CUS-NTR-00003748,0
CUS-NTR-00003908,0
CUS-NTR-00003913,1
CUS-NTR-00003922,1
CUS-NTR-00003930,0
CUS-NTR-00003946,0
CUS-NTR-00003949,1
CUS-NTR-00004024,1
CUS-NTR-00004030,1
CUS-NTR-00004100,0
CUS-NTR-00004105,0
CUS-NTR-00004118,1
CUS-NTR-00004123,0
CUS-NTR-00004130,1
CUS-NTR-00004157,0
CUS-NTR-00004163,0
CUS-NTR-00004180,0
CUS-NTR-00004198,0
CUS-NTR-00004226,0
CUS-NTR-00004238,0
CUS-NTR-00004262,0
CUS-NTR-00004274,1
CUS-NTR-00004285,1
CUS-NTR-00004287,0
CUS-NTR-00004348,0
CUS-NTR-00004355,0
CUS-NTR-00004379,0
CUS-NTR-00004409,0
CUS-NTR-00004432,1
CUS-NTR-00004443,0
CUS-NTR-00004471,0
CUS-NTR-00004485,0
CUS-NTR-00004513,1
CUS-NTR-00004538,0
CUS-NTR-00004572,0
CUS-NTR-00004590,0
CUS-NTR-00004611,1
CUS-NTR-00004624,0
CUS-NTR-00004656,0
CUS-NTR-00004657,1
CUS-NTR-00004669,1
CUS-NTR-00004680,1
CUS-NTR-00004714,0
CUS-NTR-00004735,1
CUS-NTR-00004749,0
CUS-NTR-00004786,0
CUS-NTR-00004830,0
CUS-NTR-00004841,1
CUS-NTR-00004862,0
CUS-NTR-00004899,0
CUS-NTR-00004904,1
CUS-NTR-00004907,1
CUS-NTR-00004924,0
CUS-NTR-00004974,1
CUS-NTR-00005023,1
CUS-NTR-00005037,1
CUS-NTR-00005039,1
CUS-NTR-00005100,0
CUS-NTR-00005135,0
CUS-NTR-00005147,1
CUS-NTR-00005149,0
CUS-NTR-00005186,1
CUS-NTR-00005189,0
CUS-NTR-00005195,0
CUS-NTR-00005256,0
CUS-NTR-00005264,0
CUS-NTR-00005268,1
CUS-NTR-00005272,0
CUS-NTR-00005293,1
CUS-NTR-00005323,1
CUS-NTR-00005343,1
CUS-NTR-00005355,0
CUS-NTR-00005364,1
CUS-NTR-00005365,0
CUS-NTR-00005485,1
CUS-NTR-00005487,1
CUS-NTR-00005495,1
CUS-NTR-00005505,0
CUS-NTR-00005556,1
CUS-NTR-00005570,0
CUS-NTR-00005574,1
CUS-NTR-00005603,0
CUS-NTR-00005651,1
CUS-NTR-00005668,1
CUS-NTR-00005672,1
CUS-NTR-00005676,0
CUS-NTR-00005681,1
CUS-NTR-00005690,1
CUS-NTR-00005698,0
CUS-NTR-00005707,1
CUS-NTR-00005724,1
CUS-NTR-00005726,0
CUS-NTR-00005729,0
CUS-NTR-00005732,0
CUS-NTR-00005734,1
CUS-NTR-00005744,1
CUS-NTR-00005772,0
CUS-NTR-00005784,0
CUS-NTR-00005787,0
CUS-NTR-00005798,1
CUS-NTR-00005837,0
CUS-NTR-00005846,1
CUS-NTR-00005852,0
CUS-NTR-00005906,1
CUS-NTR-00005919,0
CUS-NTR-00005929,0
CUS-NTR-00005994,1
CUS-NTR-00005999,0
CUS-NTR-00006022,0
CUS-NTR-00006024,0
CUS-NTR-00006026,0
CUS-NTR-00006036,0
CUS-NTR-00006060,1
CUS-NTR-00006066,0
CUS-NTR-00006119,1
CUS-NTR-00006165,0
CUS-NTR-00006231,1
CUS-NTR-00006261,0
CUS-NTR-00006290,1
CUS-NTR-00006293,0
CUS-NTR-00006323,1
CUS-NTR-00006341,1
CUS-NTR-00006342,0
CUS-NTR-00006343,1
CUS-NTR-00006365,0
CUS-NTR-00006371,0
CUS-NTR-00006378,0
CUS-NTR-00006382,0
CUS-NTR-00006386,1
CUS-NTR-00006419,1
CUS-NTR-00006470,1
CUS-NTR-00006483,1
CUS-NTR-00006486,1
CUS-NTR-00006504,1
CUS-NTR-00006541,1
CUS-NTR-00006551,1
CUS-NTR-00006559,0
CUS-NTR-00006570,1
CUS-NTR-00006589,0
CUS-NTR-00006607,1
CUS-NTR-00006626,1
CUS-NTR-00006633,0
CUS-NTR-00006662,0
CUS-NTR-00006678,0
CUS-NTR-00006682,1
CUS-NTR-00006688,0
CUS-NTR-00006693,1
CUS-NTR-00006754,0
CUS-NTR-00006758,0
CUS-NTR-00006763,0
CUS-NTR-00006805,1
CUS-NTR-00006828,1
CUS-NTR-00006840,0
CUS-NTR-00006862,1
CUS-NTR-00006916,0
CUS-NTR-00006937,1
CUS-NTR-00006950,0
CUS-NTR-00006960,0
CUS-NTR-00006993,0
CUS-NTR-00006999,0
CUS-NTR-00007002,0
CUS-NTR-00007005,1
CUS-NTR-00007030,1
CUS-NTR-00007039,0
CUS-NTR-00007116,0
CUS-NTR-00007124,0
CUS-NTR-00007198,0
CUS-NTR-00007247,0
CUS-NTR-00007258,1
CUS-NTR-00007261,1
CUS-NTR-00007271,0
CUS-NTR-00007299,1
CUS-NTR-00007303,1
CUS-NTR-00007317,0
CUS-NTR-00007332,0
CUS-NTR-00007336,1
CUS-NTR-00007340,0
CUS-NTR-00007343,0
CUS-NTR-00007363,0
CUS-NTR-00007396,0
CUS-NTR-00007418,0
CUS-NTR-00007441,1
CUS-NTR-00007464,0
CUS-NTR-00007480,1
CUS-NTR-00007495,0
CUS-NTR-00007517,1
CUS-NTR-00007551,0
CUS-NTR-00007560,1
CUS-NTR-00007566,0
CUS-NTR-00007569,0
CUS-NTR-00007577,0
CUS-NTR-00007592,1
CUS-NTR-00007596,0
CUS-NTR-00007605,1
CUS-NTR-00007610,0
CUS-NTR-00007628,1
CUS-NTR-00007633,0
CUS-NTR-00007722,0
CUS-NTR-00007753,1
CUS-NTR-00007756,0
CUS-NTR-00007778,1
CUS-NTR-00007798,1
CUS-NTR-00007841,1
CUS-NTR-00007914,0
CUS-NTR-00007915,1
CUS-NTR-00007917,0
CUS-NTR-00007950,0
CUS-NTR-00007953,1
CUS-NTR-00007976,1
CUS-NTR-00007979,1
CUS-NTR-00007982,0
CUS-NTR-00007994,0
CUS-NTR-00008002,0
CUS-NTR-00008036,1
CUS-NTR-00008053,0
CUS-NTR-00008060,0
CUS-NTR-00008132,0
CUS-NTR-00008154,0
CUS-NTR-00008157,1
CUS-NTR-00008176,0
CUS-NTR-00008195,0
CUS-NTR-00008235,0
CUS-NTR-00008311,0
CUS-NTR-00008318,0
CUS-NTR-00008325,0
CUS-NTR-00008351,0
CUS-NTR-00008352,1
CUS-NTR-00008359,1
CUS-NTR-00008362,1
CUS-NTR-00008409,0
CUS-NTR-00008433,0
CUS-NTR-00008445,0
CUS-NTR-00008458,0
CUS-NTR-00008494,0
CUS-NTR-00008510,0
CUS-NTR-00008560,0
CUS-NTR-00008563,1
CUS-NTR-00008567,0
CUS-NTR-00008593,1
CUS-NTR-00008628,1
CUS-NTR-00008630,1
CUS-NTR-00008670,0
CUS-NTR-00008684,1
CUS-NTR-00008779,1
CUS-NTR-00008791,1
CUS-NTR-00008809,0
CUS-NTR-00008810,0
CUS-NTR-00008817,0
CUS-NTR-00008820,1
CUS-NTR-00008825,0
CUS-NTR-00008826,0
CUS-NTR-00008857,0
CUS-NTR-00008872,1
CUS-NTR-00008877,1
CUS-NTR-00008902,1
CUS-NTR-00008919,0
CUS-NTR-00008971,0
CUS-NTR-00008991,0
CUS-NTR-00009001,1
CUS-NTR-00009013,1
CUS-NTR-00009023,0
CUS-NTR-00009034,0
CUS-NTR-00009037,0
CUS-NTR-00009123,0
CUS-NTR-00009162,1
CUS-NTR-00009175,1
CUS-NTR-00009234,1
CUS-NTR-00009258,0
CUS-NTR-00009269,0
CUS-NTR-00009270,0
CUS-NTR-00009287,0
CUS-NTR-00009292,1
CUS-NTR-00009317,1
CUS-NTR-00009371,1
CUS-NTR-00009387,0
CUS-NTR-00009398,0
CUS-NTR-00009415,0
CUS-NTR-00009461,1
CUS-NTR-00009490,0
CUS-NTR-00009493,1
CUS-NTR-00009517,1
CUS-NTR-00009643,1
CUS-NTR-00009645,1
CUS-NTR-00009670,1
CUS-NTR-00009688,0
CUS-NTR-00009748,1
CUS-NTR-00009752,0
CUS-NTR-00009761,1
CUS-NTR-00009790,0
CUS-NTR-00009806,1
CUS-NTR-00009820,1
CUS-NTR-00009827,0
CUS-NTR-00009878,1
CUS-NTR-00009886,0
CUS-NTR-00009894,0
CUS-NTR-00009913,1
CUS-NTR-00009920,0
CUS-NTR-00009935,0
CUS-NTR-00009941,0
CUS-NTR-00010029,1
CUS-NTR-00010037,0
CUS-NTR-00010061,1
CUS-NTR-00010072,0
CUS-NTR-00010095,0
CUS-NTR-00010109,1
CUS-NTR-00010114,1
CUS-NTR-00010131,1
CUS-NTR-00010152,1
CUS-NTR-00010167,1
CUS-NTR-00010169,0
CUS-NTR-00010173,0
CUS-NTR-00010181,1
CUS-NTR-00010257,0
CUS-NTR-00010287,1
CUS-NTR-00010288,1
CUS-NTR-00010305,1
CUS-NTR-00010330,0
CUS-NTR-00010399,0
CUS-NTR-00010452,1
CUS-NTR-00010466,1
CUS-NTR-00010480,1
CUS-NTR-00010495,1
CUS-NTR-00010496,0
CUS-NTR-00010521,0
CUS-NTR-00010525,0
CUS-NTR-00010600,0
CUS-NTR-00010603,0
CUS-NTR-00010613,0
CUS-NTR-00010623,1
CUS-NTR-00010638,0
CUS-NTR-00010688,0
CUS-NTR-00010691,0
CUS-NTR-00010699,1
CUS-NTR-00010730,1
CUS-NTR-00010760,1
CUS-NTR-00010777,1
CUS-NTR-00010786,0
CUS-NTR-00010800,0
CUS-NTR-00010846,0
CUS-NTR-00010855,1
CUS-NTR-00010884,0
CUS-NTR-00010885,0
CUS-NTR-00010893,0
CUS-NTR-00010929,1
CUS-NTR-00010972,1
CUS-NTR-00010990,0
CUS-NTR-00011000,0
CUS-NTR-00011003,1
CUS-NTR-00011010,1
CUS-NTR-00011035,1
CUS-NTR-00011047,1
CUS-NTR-00011053,0
CUS-NTR-00011067,1
CUS-NTR-00011073,0
CUS-NTR-00011089,0
CUS-NTR-00011105,1
CUS-NTR-00011121,1
CUS-NTR-00011137,0
CUS-NTR-00011138,0
CUS-NTR-00011157,0
CUS-NTR-00011158,1
CUS-NTR-00011168,1
CUS-NTR-00011184,0
CUS-NTR-00011217,1
CUS-NTR-00011262,0
CUS-NTR-00011285,0
CUS-NTR-00011298,0
CUS-NTR-00011308,0
CUS-NTR-00011363,1
CUS-NTR-00011377,1
CUS-NTR-00011395,1
CUS-NTR-00011430,0
CUS-NTR-00011459,1
CUS-NTR-00011465,1
CUS-NTR-00011488,0
CUS-NTR-00011505,0
CUS-NTR-00011523,1
CUS-NTR-00011525,1
CUS-NTR-00011552,0
CUS-NTR-00011574,0
CUS-NTR-00011585,0
CUS-NTR-00011593,0
CUS-NTR-00011668,1
CUS-NTR-00011683,1
CUS-NTR-00011716,0
CUS-NTR-00011736,0
CUS-NTR-00011746,1
CUS-NTR-00011836,0
CUS-NTR-00011854,0
CUS-NTR-00011911,1
CUS-NTR-00011935,0
CUS-NTR-00011937,1
CUS-NTR-00011980,1
CUS-OVN-00000006,1
CUS-OVN-00000012,1
CUS-OVN-00000023,0
CUS-OVN-00000032,1
CUS-OVN-00000100,0
CUS-OVN-00000104,0
CUS-OVN-00000132,1
CUS-OVN-00000137,0
CUS-OVN-00000143,0
CUS-OVN-00000162,0
CUS-OVN-00000170,1
CUS-OVN-00000174,1
CUS-OVN-00000178,0
CUS-OVN-00000191,0
CUS-OVN-00000202,1
CUS-OVN-00000219,1
CUS-OVN-00000224,0
CUS-OVN-00000226,0
CUS-OVN-00000233,0
CUS-OVN-00000235,0
CUS-OVN-00000265,1
CUS-OVN-00000293,0
CUS-OVN-00000297,0
CUS-OVN-00000320,1
CUS-OVN-00000321,1
CUS-OVN-00000340,0
CUS-OVN-00000342,0
CUS-OVN-00000347,1
CUS-OVN-00000361,0
CUS-OVN-00000377,0
CUS-OVN-00000382,1
CUS-OVN-00000386,1
CUS-OVN-00000388,1
CUS-OVN-00000402,0
CUS-OVN-00000405,0
CUS-OVN-00000410,0
CUS-OVN-00000420,0
CUS-OVN-00000431,1
CUS-OVN-00000447,0
CUS-OVN-00000457,0
CUS-OVN-00000463,0
CUS-OVN-00000468,0
CUS-OVN-00000503,1
CUS-OVN-00000527,0
CUS-OVN-00000528,0
CUS-OVN-00000541,1
CUS-OVN-00000544,0
CUS-OVN-00000585,0
CUS-OVN-00000591,0
CUS-OVN-00000599,0
CUS-OVN-00000605,1
CUS-OVN-00000613,0
CUS-OVN-00000614,0
CUS-OVN-00000623,0
CUS-OVN-00000625,0
CUS-OVN-00000631,1
CUS-OVN-00000668,0
CUS-OVN-00000673,0
CUS-OVN-00000677,1
CUS-OVN-00000688,0
CUS-OVN-00000711,0
CUS-OVN-00000720,0
CUS-OVN-00000724,1
CUS-OVN-00000758,1
CUS-OVN-00000765,0
CUS-OVN-00000782,1
CUS-OVN-00000785,0
CUS-OVN-00000810,0
CUS-OVN-00000813,0
CUS-OVN-00000838,1
CUS-OVN-00000850,0
CUS-OVN-00000854,1
CUS-OVN-00000873,0
CUS-OVN-00000883,1
CUS-OVN-00000892,0
CUS-OVN-00000905,0
CUS-OVN-00000914,0
CUS-OVN-00000915,0
CUS-OVN-00000916,0
CUS-OVN-00000937,1
CUS-OVN-00000955,1
CUS-OVN-00000965,1
CUS-OVN-00000967,0
CUS-OVN-00000974,0
CUS-OVN-00000981,1
CUS-OVN-00000986,0
CUS-OVN-00000995,1
CUS-OVN-00000999,0
CUS-OVN-00001007,1
CUS-OVN-00001014,1
CUS-OVN-00001023,0
CUS-OVN-00001027,0
CUS-OVN-00001057,0
CUS-OVN-00001061,1
CUS-OVN-00001066,0
CUS-OVN-00001074,0
CUS-OVN-00001082,1
CUS-OVN-00001083,0
CUS-OVN-00001085,1
CUS-OVN-00001109,0
CUS-OVN-00001114,1
CUS-OVN-00001115,0
CUS-OVN-00001130,0
CUS-OVN-00001131,1
CUS-OVN-00001135,1
CUS-OVN-00001188,0
CUS-OVN-00001194,1
CUS-OVN-00001229,0
CUS-OVN-00001250,0
CUS-OVN-00001260,0
CUS-OVN-00001264,1
CUS-OVN-00001268,1
CUS-OVN-00001271,0
CUS-OVN-00001285,0
CUS-OVN-00001286,1
CUS-OVN-00001306,1
CUS-OVN-00001310,1
CUS-OVN-00001312,0
CUS-OVN-00001334,0
CUS-OVN-00001335,1
CUS-OVN-00001345,0
CUS-OVN-00001372,0
CUS-OVN-00001375,0
CUS-OVN-00001384,0
CUS-OVN-00001385,0
CUS-OVN-00001391,1
CUS-OVN-00001398,1
CUS-OVN-00001403,0
CUS-OVN-00001407,0
CUS-OVN-00001412,0
CUS-OVN-00001414,0
CUS-OVN-00001420,1
CUS-OVN-00001431,0
CUS-OVN-00001436,0
CUS-OVN-00001439,0
CUS-OVN-00001440,0
CUS-OVN-00001447,1
CUS-OVN-00001454,1
CUS-OVN-00001459,0
CUS-OVN-00001471,1
CUS-OVN-00001478,0
CUS-OVN-00001487,1
CUS-OVN-00001502,0
CUS-OVN-00001518,0
CUS-OVN-00001557,1
CUS-OVN-00001561,1
CUS-OVN-00001579,0
CUS-OVN-00001586,1
CUS-OVN-00001593,1
CUS-OVN-00001601,0
CUS-OVN-00001607,1
CUS-OVN-00001619,1
CUS-OVN-00001635,1
CUS-OVN-00001638,0
CUS-OVN-00001655,1
CUS-OVN-00001665,1
CUS-OVN-00001676,1
CUS-OVN-00001692,0
CUS-OVN-00001699,0
CUS-OVN-00001701,0
CUS-OVN-00001702,0
CUS-OVN-00001706,0
CUS-OVN-00001713,0
CUS-OVN-00001731,0
CUS-OVN-00001744,0
CUS-OVN-00001758,1
CUS-OVN-00001760,0
CUS-OVN-00001767,1
CUS-OVN-00001821,1
CUS-OVN-00001829,1
CUS-OVN-00001832,0
CUS-OVN-00001844,1
CUS-OVN-00001856,0
CUS-OVN-00001862,0
CUS-OVN-00001863,0
CUS-OVN-00001867,0
CUS-OVN-00001873,0
CUS-OVN-00001874,0
CUS-OVN-00001920,0
CUS-OVN-00001946,0
CUS-OVN-00001948,1
CUS-OVN-00001950,1
CUS-OVN-00001951,0
CUS-OVN-00001954,0
CUS-OVN-00001956,0
CUS-OVN-00001972,1
CUS-OVN-00001978,0
CUS-OVN-00001986,0
CUS-OVN-00001989,0
CUS-OVN-00002003,0
CUS-OVN-00002037,1
CUS-OVN-00002044,1
CUS-OVN-00002045,0
CUS-OVN-00002051,0
CUS-OVN-00002057,0
CUS-OVN-00002061,1
CUS-OVN-00002066,1
CUS-OVN-00002068,0
CUS-OVN-00002077,0
CUS-OVN-00002104,1
CUS-OVN-00002108,0
CUS-OVN-00002116,0
CUS-OVN-00002133,1
CUS-OVN-00002134,0
CUS-OVN-00002146,0
CUS-OVN-00002148,0
CUS-OVN-00002180,0
CUS-OVN-00002182,0
CUS-OVN-00002190,0
CUS-OVN-00002202,0
CUS-OVN-00002211,0
CUS-OVN-00002215,1
CUS-OVN-00002218,0
CUS-OVN-00002219,0
CUS-OVN-00002234,0
CUS-OVN-00002255,0
CUS-OVN-00002262,1
CUS-OVN-00002291,1
CUS-OVN-00002301,0
CUS-OVN-00002311,0
CUS-OVN-00002320,1
CUS-OVN-00002326,0
CUS-OVN-00002359,1
CUS-OVN-00002387,1
CUS-OVN-00002396,0
CUS-OVN-00002410,0
CUS-OVN-00002412,0
CUS-OVN-00002420,0
CUS-OVN-00002436,1
CUS-OVN-00002441,0
CUS-OVN-00002480,1
CUS-OVN-00002491,1
CUS-OVN-00002494,1
CUS-OVN-00002503,0
CUS-OVN-00002507,0
CUS-OVN-00002508,1
CUS-OVN-00002525,0
CUS-OVN-00002527,1
CUS-OVN-00002535,0
CUS-OVN-00002547,0
CUS-OVN-00002554,0
CUS-OVN-00002570,0
CUS-OVN-00002580,0
CUS-OVN-00002596,0
CUS-OVN-00002599,0
CUS-OVN-00002600,0
CUS-OVN-00002622,1
CUS-OVN-00002624,0
CUS-OVN-00002651,0
CUS-OVN-00002656,1
CUS-OVN-00002691,0
CUS-OVN-00002694,0
CUS-OVN-00002711,0
CUS-OVN-00002718,1
CUS-OVN-00002762,1
CUS-OVN-00002766,1
CUS-OVN-00002770,0
CUS-OVN-00002789,0
CUS-OVN-00002794,0
CUS-OVN-00002801,1
CUS-OVN-00002820,0
CUS-OVN-00002824,1
CUS-OVN-00002825,0
CUS-OVN-00002856,0
CUS-OVN-00002869,0
CUS-OVN-00002888,1
CUS-OVN-00002892,0
CUS-OVN-00002895,1
CUS-OVN-00002897,1
CUS-OVN-00002902,1
CUS-OVN-00002904,1
CUS-OVN-00002907,0
CUS-OVN-00002909,1
CUS-OVN-00002921,0
CUS-OVN-00002941,0
CUS-OVN-00002949,0
CUS-OVN-00002954,1
CUS-OVN-00002960,0
CUS-OVN-00002962,0
CUS-OVN-00002974,0
CUS-OVN-00002999,1
CUS-OVN-00003017,0
CUS-OVN-00003035,1
CUS-OVN-00003042,1
CUS-OVN-00003046,1
CUS-OVN-00003049,1
CUS-OVN-00003072,0
CUS-OVN-00003090,1
CUS-OVN-00003092,0
CUS-OVN-00003094,0
CUS-OVN-00003101,1
CUS-OVN-00003103,0
CUS-OVN-00003110,0
CUS-OVN-00003130,0
CUS-OVN-00003143,0
CUS-OVN-00003159,0
CUS-OVN-00003161,1
CUS-OVN-00003162,1
CUS-OVN-00003171,0
CUS-OVN-00003174,0
CUS-OVN-00003181,1
CUS-OVN-00003200,0
CUS-OVN-00003202,1
CUS-OVN-00003203,0
CUS-OVN-00003205,0
CUS-OVN-00003237,0
CUS-OVN-00003243,1
CUS-OVN-00003251,0
CUS-OVN-00003269,0
CUS-OVN-00003271,1
CUS-OVN-00003296,0
CUS-OVN-00003301,0
CUS-OVN-00003304,1
CUS-OVN-00003311,1
CUS-OVN-00003312,0
CUS-OVN-00003331,1
CUS-OVN-00003378,0
CUS-OVN-00003380,0
CUS-OVN-00003383,0
CUS-OVN-00003388,0
CUS-OVN-00003393,0
CUS-OVN-00003396,1
CUS-OVN-00003429,0
CUS-OVN-00003433,0
CUS-OVN-00003455,1
CUS-OVN-00003457,0
CUS-OVN-00003470,0
CUS-OVN-00003479,1
CUS-OVN-00003511,0
CUS-OVN-00003513,1
CUS-OVN-00003514,0
CUS-OVN-00003515,1
CUS-OVN-00003548,1
CUS-OVN-00003558,1
CUS-OVN-00003565,1
CUS-OVN-00003585,0
CUS-OVN-00003596,1
CUS-OVN-00003599,0
CUS-OVN-00003605,1
CUS-OVN-00003620,1
CUS-OVN-00003632,1
CUS-OVN-00003688,1
CUS-OVN-00003713,1
CUS-OVN-00003719,1
CUS-OVN-00003727,1
CUS-OVN-00003731,1
CUS-OVN-00003736,1
CUS-OVN-00003759,0
CUS-OVN-00003761,1
CUS-OVN-00003771,1
CUS-OVN-00003772,0
CUS-OVN-00003780,1
CUS-OVN-00003783,1
CUS-OVN-00003786,1
CUS-OVN-00003787,0
CUS-OVN-00003809,0
CUS-OVN-00003829,0
CUS-OVN-00003845,0
CUS-OVN-00003865,1
CUS-OVN-00003875,1
CUS-OVN-00003878,0
CUS-OVN-00003882,1
CUS-OVN-00003885,0
CUS-OVN-00003887,1
CUS-OVN-00003889,0
CUS-OVN-00003895,0
CUS-OVN-00003924,1
CUS-OVN-00003952,1
CUS-OVN-00003953,1
CUS-OVN-00003957,0
CUS-OVN-00003958,0
CUS-OVN-00003971,0
CUS-OVN-00003989,0
CUS-OVN-00003990,1
CUS-OVN-00003991,1
CUS-OVN-00004013,0
CUS-OVN-00004026,0
CUS-OVN-00004044,0
CUS-OVN-00004051,0
CUS-OVN-00004058,0
CUS-OVN-00004061,1
CUS-OVN-00004069,1
CUS-OVN-00004086,1
CUS-OVN-00004109,0
CUS-OVN-00004121,0
CUS-OVN-00004125,0
CUS-OVN-00004171,1
CUS-OVN-00004173,0
CUS-OVN-00004178,0
CUS-OVN-00004185,0
CUS-OVN-00004219,0
CUS-OVN-00004231,1
CUS-OVN-00004259,0
CUS-OVN-00004261,0
CUS-OVN-00004271,0
CUS-OVN-00004289,1
CUS-OVN-00004303,0
CUS-OVN-00004309,0
CUS-OVN-00004317,1
CUS-OVN-00004330,0
CUS-OVN-00004332,1
CUS-OVN-00004346,0
CUS-OVN-00004357,1
CUS-OVN-00004364,1
CUS-OVN-00004386,0
CUS-OVN-00004407,0
CUS-OVN-00004444,1
CUS-OVN-00004452,0
CUS-OVN-00004464,0
CUS-OVN-00004469,0
CUS-OVN-00004480,1
CUS-OVN-00004493,0
CUS-OVN-00004543,0
CUS-OVN-00004547,0
CUS-OVN-00004561,0
CUS-OVN-00004584,0
CUS-OVN-00004588,0
CUS-OVN-00004596,1
CUS-OVN-00004602,0
CUS-OVN-00004603,0
CUS-OVN-00004610,0
CUS-OVN-00004622,1
CUS-OVN-00004646,1
CUS-OVN-00004647,0
CUS-OVN-00004662,0
CUS-OVN-00004681,1
CUS-OVN-00004685,1
CUS-OVN-00004701,0
CUS-OVN-00004732,0
CUS-OVN-00004755,0
CUS-OVN-00004758,0
CUS-OVN-00004760,0
CUS-OVN-00004763,0
CUS-OVN-00004782,0
CUS-OVN-00004783,1
CUS-OVN-00004785,1
CUS-OVN-00004794,0
CUS-OVN-00004814,1
CUS-OVN-00004856,1
CUS-OVN-00004890,1
CUS-OVN-00004914,0
CUS-OVN-00004919,0
CUS-OVN-00004944,1
CUS-OVN-00004954,0
CUS-OVN-00004980,0
CUS-OVN-00004981,0
CUS-OVN-00004989,0
CUS-OVN-00005021,0
CUS-OVN-00005046,0
CUS-OVN-00005050,0
CUS-OVN-00005065,1
CUS-OVN-00005075,0
CUS-OVN-00005085,0
CUS-OVN-00005089,0
CUS-OVN-00005095,0
CUS-OVN-00005114,0
CUS-OVN-00005116,0
CUS-OVN-00005129,1
CUS-OVN-00005130,1
CUS-OVN-00005144,1
CUS-OVN-00005161,0
CUS-OVN-00005162,0
CUS-OVN-00005196,0
CUS-OVN-00005208,0
CUS-OVN-00005213,1
CUS-OVN-00005214,0
CUS-OVN-00005232,0
CUS-OVN-00005269,1
CUS-OVN-00005271,1
CUS-OVN-00005281,1
CUS-OVN-00005283,0
CUS-OVN-00005297,1
CUS-OVN-00005307,1
CUS-OVN-00005318,0
CUS-OVN-00005328,0
CUS-OVN-00005351,0
CUS-OVN-00005356,1
CUS-OVN-00005366,1
CUS-OVN-00005372,0
CUS-OVN-00005390,0
CUS-OVN-00005393,0
CUS-OVN-00005418,0
CUS-OVN-00005425,0
CUS-OVN-00005427,0
CUS-OVN-00005429,0
CUS-OVN-00005439,1
CUS-OVN-00005445,1
CUS-OVN-00005455,1
CUS-OVN-00005473,0
CUS-OVN-00005480,1
CUS-OVN-00005486,0
CUS-OVN-00005497,0
CUS-OVN-00005516,0
CUS-OVN-00005526,1
CUS-OVN-00005529,0
CUS-OVN-00005541,0
CUS-OVN-00005547,1
CUS-OVN-00005561,0
CUS-OVN-00005565,0
CUS-OVN-00005577,1
CUS-OVN-00005586,1
CUS-OVN-00005597,0
CUS-OVN-00005604,1
CUS-OVN-00005657,0
CUS-OVN-00005713,0
CUS-OVN-00005718,0
CUS-OVN-00005736,1
CUS-OVN-00005739,0
CUS-OVN-00005748,0
CUS-OVN-00005749,0
CUS-OVN-00005750,0
CUS-OVN-00005762,1
CUS-OVN-00005764,1
CUS-OVN-00005781,0
CUS-OVN-00005782,0
CUS-OVN-00005847,0
CUS-OVN-00005851,1
CUS-OVN-00005884,0
CUS-OVN-00005891,0
CUS-OVN-00005911,0
CUS-OVN-00005931,1
CUS-OVN-00005974,0
CUS-OVN-00005975,0
CUS-OVN-00005989,0
CUS-OVN-00005993,0
CUS-OVN-00006020,1
CUS-OVN-00006021,1
CUS-OVN-00006029,1
CUS-OVN-00006035,0
CUS-OVN-00006037,0
CUS-OVN-00006044,0
CUS-OVN-00006071,1
CUS-OVN-00006095,0
CUS-OVN-00006106,1
CUS-OVN-00006107,0
CUS-OVN-00006114,1
CUS-OVN-00006137,1
CUS-OVN-00006149,1
CUS-OVN-00006160,0
CUS-OVN-00006171,0
CUS-OVN-00006176,0
CUS-OVN-00006200,0
CUS-OVN-00006247,0
CUS-OVN-00006248,0
CUS-OVN-00006255,1
CUS-OVN-00006256,1
CUS-OVN-00006288,0
CUS-OVN-00006292,0
CUS-OVN-00006294,1
CUS-OVN-00006300,0
CUS-OVN-00006313,0
CUS-OVN-00006332,1
CUS-OVN-00006347,0
CUS-OVN-00006352,0
CUS-OVN-00006358,0
CUS-OVN-00006373,1
CUS-OVN-00006389,0
CUS-OVN-00006407,0
CUS-OVN-00006414,0
CUS-OVN-00006434,0
CUS-OVN-00006442,1
CUS-OVN-00006469,0
CUS-OVN-00006473,0
CUS-OVN-00006485,1
CUS-OVN-00006490,0
CUS-OVN-00006501,0
CUS-OVN-00006507,1
CUS-OVN-00006521,0
CUS-OVN-00006526,0
CUS-OVN-00006532,1
CUS-OVN-00006543,1
CUS-OVN-00006564,0
CUS-OVN-00006579,0
CUS-OVN-00006580,1
CUS-OVN-00006588,0
CUS-OVN-00006595,1
CUS-OVN-00006615,1
CUS-OVN-00006649,0
CUS-OVN-00006652,1
CUS-OVN-00006658,0
CUS-OVN-00006687,1
CUS-OVN-00006703,0
CUS-OVN-00006736,0
CUS-OVN-00006774,1
CUS-OVN-00006808,1
CUS-OVN-00006820,0
CUS-OVN-00006822,0
CUS-OVN-00006834,0
CUS-OVN-00006839,0
CUS-OVN-00006842,0
CUS-OVN-00006850,1
CUS-OVN-00006851,0
CUS-OVN-00006885,1
CUS-OVN-00006886,0
CUS-OVN-00006897,0
CUS-OVN-00006900,0
CUS-OVN-00006909,1
CUS-OVN-00006928,0
CUS-OVN-00006930,0
CUS-OVN-00006952,0
CUS-OVN-00006974,0
CUS-OVN-00006981,0
CUS-OVN-00006982,1
CUS-OVN-00007012,0
CUS-OVN-00007016,1
CUS-OVN-00007021,0
CUS-OVN-00007022,1
CUS-OVN-00007040,0
CUS-OVN-00007045,1
CUS-OVN-00007046,0
CUS-OVN-00007051,0
CUS-OVN-00007068,1
CUS-OVN-00007078,0
CUS-OVN-00007080,0
CUS-OVN-00007111,0
CUS-OVN-00007123,0
CUS-OVN-00007126,1
CUS-OVN-00007153,0
CUS-OVN-00007158,0
CUS-OVN-00007165,0
CUS-OVN-00007178,1
CUS-OVN-00007179,0
CUS-OVN-00007196,0
CUS-OVN-00007204,0
CUS-OVN-00007230,1
CUS-OVN-00007246,1
CUS-OVN-00007269,0
CUS-OVN-00007272,1
CUS-OVN-00007285,0
CUS-OVN-00007286,0
CUS-OVN-00007296,0
CUS-OVN-00007318,1
CUS-OVN-00007324,0
CUS-OVN-00007327,0
CUS-OVN-00007353,0
CUS-OVN-00007369,1
CUS-OVN-00007370,1
CUS-OVN-00007378,1
CUS-OVN-00007383,1
CUS-OVN-00007399,0
CUS-OVN-00007407,1
CUS-OVN-00007427,1
CUS-OVN-00007430,1
CUS-OVN-00007440,1
CUS-OVN-00007455,0
CUS-OVN-00007465,0
CUS-OVN-00007482,1
CUS-OVN-00007491,1
CUS-OVN-00007492,1
CUS-OVN-00007507,0
CUS-OVN-00007536,1
CUS-OVN-00007541,1
CUS-OVN-00007544,1
CUS-OVN-00007556,0
CUS-OVN-00007561,1
CUS-OVN-00007570,0
CUS-OVN-00007572,0
CUS-OVN-00007576,1
CUS-OVN-00007588,1
CUS-OVN-00007601,0
CUS-OVN-00007602,0
CUS-OVN-00007606,0
CUS-OVN-00007627,0
CUS-OVN-00007638,0
CUS-OVN-00007642,0
CUS-OVN-00007662,0
CUS-OVN-00007664,1
CUS-OVN-00007671,0
CUS-OVN-00007673,1
CUS-OVN-00007678,0
CUS-OVN-00007679,0
CUS-OVN-00007680,0
CUS-OVN-00007681,0
CUS-OVN-00007744,0
CUS-OVN-00007762,0
CUS-OVN-00007769,0
CUS-OVN-00007774,1
CUS-OVN-00007786,0
CUS-OVN-00007809,0
CUS-OVN-00007819,1
CUS-OVN-00007825,0
CUS-OVN-00007831,1
CUS-OVN-00007879,0
CUS-OVN-00007880,1
CUS-OVN-00007892,1
CUS-OVN-00007899,1
CUS-OVN-00007903,0
CUS-OVN-00007905,1
CUS-OVN-00007911,0
CUS-OVN-00007916,0
CUS-OVN-00007919,0
CUS-OVN-00007947,1
CUS-OVN-00007960,1
CUS-OVN-00007978,0
CUS-OVN-00007983,0
CUS-OVN-00007984,1
CUS-OVN-00007987,0
CUS-OVN-00007988,1
CUS-OVN-00007992,0
CUS-OVN-00008000,1
CUS-OVN-00008011,1
CUS-OVN-00008023,0
CUS-OVN-00008029,1
CUS-OVN-00008045,0
CUS-OVN-00008048,0
CUS-OVN-00008055,0
CUS-OVN-00008065,0
CUS-OVN-00008070,1
CUS-OVN-00008075,0
CUS-OVN-00008079,1
CUS-OVN-00008080,0
CUS-OVN-00008087,1
CUS-OVN-00008094,1
CUS-OVN-00008100,1
CUS-OVN-00008113,0
CUS-OVN-00008116,0
CUS-OVN-00008125,0
CUS-OVN-00008156,0
CUS-OVN-00008168,1
CUS-OVN-00008171,1
CUS-OVN-00008186,1
CUS-OVN-00008194,0
CUS-OVN-00008202,0
CUS-OVN-00008210,1
CUS-OVN-00008212,0
CUS-OVN-00008224,0
CUS-OVN-00008229,0
CUS-OVN-00008233,0
CUS-OVN-00008237,0
CUS-OVN-00008242,1
CUS-OVN-00008243,0
CUS-OVN-00008245,0
CUS-OVN-00008264,0
CUS-OVN-00008266,0
CUS-OVN-00008267,0
CUS-OVN-00008273,0
CUS-OVN-00008279,0
CUS-OVN-00008288,0
CUS-OVN-00008292,0
CUS-OVN-00008310,0
CUS-OVN-00008317,1
CUS-OVN-00008324,1
CUS-OVN-00008366,1
CUS-OVN-00008387,0
CUS-OVN-00008399,1
CUS-OVN-00008405,1
CUS-OVN-00008417,0
CUS-OVN-00008424,0
CUS-OVN-00008429,0
CUS-OVN-00008439,1
CUS-OVN-00008451,0
CUS-OVN-00008454,0
CUS-OVN-00008457,0
CUS-OVN-00008461,1
CUS-OVN-00008487,1
CUS-OVN-00008492,0
CUS-OVN-00008498,0
CUS-OVN-00008509,1
CUS-OVN-00008514,0
CUS-OVN-00008517,1
CUS-OVN-00008523,1
CUS-OVN-00008534,1
CUS-OVN-00008538,0
CUS-OVN-00008544,1
CUS-OVN-00008572,1
CUS-OVN-00008575,1
CUS-OVN-00008604,1
CUS-OVN-00008621,1
CUS-OVN-00008642,0
CUS-OVN-00008652,0
CUS-OVN-00008653,0
CUS-OVN-00008663,1
CUS-OVN-00008664,0
CUS-OVN-00008673,0
CUS-OVN-00008726,0
CUS-OVN-00008727,1
CUS-OVN-00008768,0
CUS-OVN-00008772,1
CUS-OVN-00008783,0
CUS-OVN-00008812,1
CUS-OVN-00008814,0
CUS-OVN-00008815,0
CUS-OVN-00008828,0
CUS-OVN-00008830,0
CUS-OVN-00008850,0
CUS-OVN-00008858,0
CUS-OVN-00008882,1
CUS-OVN-00008905,0
CUS-OVN-00008928,1
CUS-OVN-00008934,1
CUS-OVN-00008936,0
CUS-OVN-00008940,1
CUS-OVN-00008954,1
CUS-OVN-00008969,0
CUS-OVN-00008978,0
CUS-OVN-00008988,0
CUS-OVN-00008996,0
CUS-OVN-00008999,0
CUS-OVN-00009015,0
CUS-OVN-00009022,1
CUS-OVN-00009032,0
CUS-OVN-00009049,0
CUS-OVN-00009053,0
CUS-OVN-00009056,0
CUS-OVN-00009058,0
CUS-OVN-00009062,1
CUS-OVN-00009100,0
CUS-OVN-00009111,0
CUS-OVN-00009122,0
CUS-OVN-00009126,0
CUS-OVN-00009142,0
CUS-OVN-00009154,0
CUS-OVN-00009156,1
CUS-OVN-00009176,0
CUS-OVN-00009184,1
CUS-OVN-00009186,1
CUS-OVN-00009202,0
CUS-OVN-00009211,0
CUS-OVN-00009217,0
CUS-OVN-00009218,0
CUS-OVN-00009221,0
CUS-OVN-00009227,0
CUS-OVN-00009240,0
CUS-OVN-00009261,1
CUS-OVN-00009273,1
CUS-OVN-00009280,1
CUS-OVN-00009281,0
CUS-OVN-00009282,0
CUS-OVN-00009298,0
CUS-OVN-00009308,0
CUS-OVN-00009316,0
CUS-OVN-00009357,1
CUS-OVN-00009374,0
CUS-OVN-00009377,1
CUS-OVN-00009384,1
CUS-OVN-00009414,1
CUS-OVN-00009420,0
CUS-OVN-00009442,1
CUS-OVN-00009451,0
CUS-OVN-00009460,1
CUS-OVN-00009465,0
CUS-OVN-00009476,0
CUS-OVN-00009481,0
CUS-OVN-00009483,0
CUS-OVN-00009489,1
CUS-OVN-00009492,0
CUS-OVN-00009499,0
CUS-OVN-00009516,1
CUS-OVN-00009521,0
CUS-OVN-00009533,0
CUS-OVN-00009535,1
CUS-OVN-00009541,1
CUS-OVN-00009542,0
CUS-OVN-00009551,0
CUS-OVN-00009593,0
CUS-OVN-00009606,1
CUS-OVN-00009609,1
CUS-OVN-00009611,1
CUS-OVN-00009623,1
CUS-OVN-00009629,1
CUS-OVN-00009632,0
CUS-OVN-00009659,0
CUS-OVN-00009667,0
CUS-OVN-00009668,0
CUS-OVN-00009669,0
CUS-OVN-00009672,0
CUS-OVN-00009673,0
CUS-OVN-00009683,1
CUS-OVN-00009703,0
CUS-OVN-00009708,0
CUS-OVN-00009722,1
CUS-OVN-00009730,1
CUS-OVN-00009733,1
CUS-OVN-00009751,0
CUS-OVN-00009815,1
CUS-OVN-00009822,1
CUS-OVN-00009840,0
CUS-OVN-00009864,1
CUS-OVN-00009870,1
CUS-OVN-00009890,1
CUS-OVN-00009900,0
CUS-OVN-00009926,1
CUS-OVN-00009952,1
CUS-OVN-00009964,1
CUS-OVN-00009973,0
CUS-OVN-00009983,1
CUS-OVN-00009986,0
CUS-OVN-00010008,1
CUS-OVN-00010015,1
CUS-OVN-00010024,1
CUS-OVN-00010027,1
CUS-OVN-00010035,0
CUS-OVN-00010036,1
CUS-OVN-00010049,0
CUS-OVN-00010060,0
CUS-OVN-00010066,1
CUS-OVN-00010068,0
CUS-OVN-00010084,0
CUS-OVN-00010098,0
CUS-OVN-00010101,1
CUS-OVN-00010103,1
CUS-OVN-00010108,1
CUS-OVN-00010117,0
CUS-OVN-00010128,0
CUS-OVN-00010146,1
CUS-OVN-00010166,0
CUS-OVN-00010191,0
CUS-OVN-00010196,0
CUS-OVN-00010250,0
CUS-OVN-00010252,0
CUS-OVN-00010253,0
CUS-OVN-00010260,0
CUS-OVN-00010262,0
CUS-OVN-00010280,1
CUS-OVN-00010284,0
CUS-OVN-00010300,0
CUS-OVN-00010314,0
CUS-OVN-00010319,0
CUS-OVN-00010336,0
CUS-OVN-00010338,1
CUS-OVN-00010342,1
CUS-OVN-00010344,1
CUS-OVN-00010370,1
CUS-OVN-00010392,0
CUS-OVN-00010401,0
CUS-OVN-00010416,1
CUS-OVN-00010436,0
CUS-OVN-00010438,0
CUS-OVN-00010439,1
CUS-OVN-00010443,0
CUS-OVN-00010461,0
CUS-OVN-00010481,1
CUS-OVN-00010489,0
CUS-OVN-00010493,0
CUS-OVN-00010515,1
CUS-OVN-00010520,0
CUS-OVN-00010527,1
CUS-OVN-00010540,0
CUS-OVN-00010541,1
CUS-OVN-00010551,1
CUS-OVN-00010553,0
CUS-OVN-00010556,0
CUS-OVN-00010570,1
CUS-OVN-00010588,1
CUS-OVN-00010608,1
CUS-OVN-00010609,0
CUS-OVN-00010619,1
CUS-OVN-00010633,0
CUS-OVN-00010637,0
CUS-OVN-00010644,0
CUS-OVN-00010663,0
CUS-OVN-00010675,0
CUS-OVN-00010690,1
CUS-OVN-00010707,1
CUS-OVN-00010725,0
CUS-OVN-00010726,1
CUS-OVN-00010734,1
CUS-OVN-00010741,0
CUS-OVN-00010759,0
CUS-OVN-00010785,0
CUS-OVN-00010791,1
CUS-OVN-00010794,1
CUS-OVN-00010799,1
CUS-OVN-00010810,0
CUS-OVN-00010821,0
CUS-OVN-00010870,0
CUS-OVN-00010875,0
CUS-OVN-00010896,1
CUS-OVN-00010910,0
CUS-OVN-00010915,0
CUS-OVN-00010916,0
CUS-OVN-00010928,0
CUS-OVN-00010940,0
CUS-OVN-00010942,0
CUS-OVN-00010945,0
CUS-OVN-00010946,1
CUS-OVN-00010947,0
CUS-OVN-00010952,0
CUS-OVN-00010955,1
CUS-OVN-00010956,1
CUS-OVN-00010957,0
CUS-OVN-00010960,0
CUS-OVN-00010963,1
CUS-OVN-00010968,0
CUS-OVN-00010973,0
CUS-OVN-00010988,0
CUS-OVN-00011004,0
CUS-OVN-00011015,0
CUS-OVN-00011022,1
CUS-OVN-00011023,0
CUS-OVN-00011030,0
CUS-OVN-00011033,1
CUS-OVN-00011036,0
CUS-OVN-00011041,1
CUS-OVN-00011059,1
CUS-OVN-00011071,1
CUS-OVN-00011075,0
CUS-OVN-00011086,0
CUS-OVN-00011125,1
CUS-OVN-00011134,1
CUS-OVN-00011136,1
CUS-OVN-00011164,0
CUS-OVN-00011174,1
CUS-OVN-00011179,0
CUS-OVN-00011187,0
CUS-OVN-00011232,1
CUS-OVN-00011273,1
CUS-OVN-00011287,0
CUS-OVN-00011288,0
CUS-OVN-00011302,0
CUS-OVN-00011303,0
CUS-OVN-00011330,0
CUS-OVN-00011332,1
CUS-OVN-00011350,1
CUS-OVN-00011358,0
CUS-OVN-00011366,0
CUS-OVN-00011374,1
CUS-OVN-00011400,1
CUS-OVN-00011415,0
CUS-OVN-00011420,1
CUS-OVN-00011452,1
CUS-OVN-00011487,0
CUS-OVN-00011498,0
CUS-OVN-00011512,0
CUS-OVN-00011517,1
CUS-OVN-00011558,1
CUS-OVN-00011572,0
CUS-OVN-00011586,0
CUS-OVN-00011604,1
CUS-OVN-00011628,0
CUS-OVN-00011639,1
CUS-OVN-00011640,0
CUS-OVN-00011660,0
CUS-OVN-00011678,1
CUS-OVN-00011684,1
CUS-OVN-00011720,0
CUS-OVN-00011733,0
CUS-OVN-00011743,1
CUS-OVN-00011757,1
CUS-OVN-00011765,0
CUS-OVN-00011780,0
CUS-OVN-00011811,1
CUS-OVN-00011813,0
CUS-OVN-00011814,1
CUS-OVN-00011838,0
CUS-OVN-00011841,1
CUS-OVN-00011861,1
CUS-OVN-00011862,0
CUS-OVN-00011884,1
CUS-OVN-00011887,1
CUS-OVN-00011900,1
CUS-OVN-00011913,1
CUS-OVN-00011915,0
CUS-OVN-00011919,0
CUS-OVN-00011938,1
CUS-OVN-00011954,0
CUS-OVN-00011973,0
CUS-OVN-00011989,1
CUS-OVN-00011991,0
